name,norad_id,epoch_year,epoch_day,inclination_deg,raan_deg,eccentricity,arg_periapsis_deg,mean_anomaly_deg,mean_motion_rev_day,semi_major_axis_km,altitude_km
STARLINK-1039,44744,26,259.89402538,53.0562,46.7065,0.0001678,71.6701,288.4483,15.35157927,6838.588448318015,460.45144831801554
STARLINK-1231,45212,26,260.25930091,53.0355,206.4353,0.0003908,47.0181,313.1147,15.33994899,6842.044550715157,463.9075507151574
STARLINK-2017,47351,26,260.41050909,53.1563,201.106,0.0003291,93.767,266.3709,15.34142964,6841.60431202963,463.4673120296302
STARLINK-2046,47354,26,260.14823564,53.154,212.7101,0.0003363,83.0967,277.0418,15.33838169,6842.510630037157,464.37363003715745
STARLINK-2101,47381,26,260.61447619,53.1609,224.1454,0.0001153,83.2517,276.8617,15.33897811,6842.333258958593,464.1962589585937
STARLINK-2109,47388,26,260.36920127,53.1577,253.6929,0.0004788,50.1801,309.9623,15.34818584,6839.596403107659,461.45940310765945
STARLINK-2134,47407,26,260.46812814,53.1571,225.8896,0.0003805,65.436,294.7039,15.34482641,6840.594624763073,462.457624763073
STARLINK-2135,47408,26,260.34349167,53.1582,224.8822,0.0003971,75.9007,284.2437,15.34459991,6840.661940121782,462.5249401217825
STARLINK-1983,47630,26,260.37193352,53.1557,237.1837,0.0003904,68.9775,291.1645,15.34135044,6841.627858613633,463.49085861363346
STARLINK-2170,47753,26,259.89277821,53.1608,33.7681,0.0002225,340.8446,19.2473,15.34183949,6841.482464667324,463.34546466732445
STARLINK-2395,47814,26,260.21278006,53.1578,70.9543,5.81e-05,132.8073,227.2979,15.34928549,6839.269732006374,461.1327320063747
STARLINK-2568,48406,26,260.44952574,53.1584,163.1852,0.00028,106.4344,253.6966,15.33897646,6842.333749641038,464.19674964103797
STARLINK-2685,48468,26,259.86513687,53.1608,21.342,0.0001809,25.7937,334.3156,15.34934554,6839.251894181124,461.1148941811243
STARLINK-2227,48575,26,260.25679726,53.1577,276.445,0.0003882,48.8981,311.2356,15.33841104,6842.501901286375,464.36490128637524
STARLINK-2753,48696,26,260.24173779,53.1576,276.816,0.0003921,51.9512,308.1844,15.34141608,6841.60834347585,463.4713434758505
STARLINK-3075,49409,26,260.21494885,53.16,75.2407,0.0001114,83.3798,276.7331,15.33546392,6843.378519842683,465.2415198426834
STARLINK-3162,49411,26,259.49282951,53.1594,70.7996,0.0001289,71.5439,288.5703,15.34395373,6840.853992660759,462.7169926607594
STARLINK-3157,49413,26,259.20686479,53.1599,71.9068,0.0001172,96.112,264.0016,15.33548731,6843.371561399997,465.2345613999969
STARLINK-3146,49414,26,260.19024633,53.1597,77.3123,0.0001239,93.9333,266.1811,15.33550312,6843.366857990653,465.2298579906537
STARLINK-3159,49415,26,259.48643886,53.1606,70.1409,0.0001103,76.9702,283.1424,15.34392308,6840.863102547628,462.7261025476282
STARLINK-3133,49416,26,259.48862121,53.1597,80.1263,0.0001268,87.5925,272.5223,15.34388068,6840.87570485548,462.73870485548014
STARLINK-3154,49417,26,260.19672167,53.16,67.511,0.0001135,77.0548,283.0581,15.34385357,6840.883762635095,462.74676263509537
STARLINK-3111,49418,26,259.52943946,53.1612,80.4152,0.0001493,98.3664,261.7508,15.3354825,6843.372992356624,465.2359923566246
STARLINK-3120,49419,26,259.92997444,53.1609,78.7647,9.89e-05,77.5222,282.5892,15.3471775,6839.895983193046,461.75898319304633
STARLINK-3110,49420,26,259.51752792,53.1605,78.2763,0.0001061,85.5071,274.6053,15.34392432,6840.862733990442,462.7257339904427
STARLINK-3114,49426,26,259.5285416,53.1602,79.9406,0.0001223,88.0896,272.0246,15.34394181,6840.8575355560615,462.7205355560618
STARLINK-3138,49430,26,259.51383008,53.1594,79.9978,9.46e-05,73.9511,286.1596,15.34390323,6840.869002441602,462.73200244160216
STARLINK-3153,49431,26,260.19251133,53.1595,76.8411,0.0001133,92.8004,267.3128,15.34389487,6840.871487237028,462.7344872370286
STARLINK-3079,49433,26,260.58336806,53.1609,63.5476,9.23e-05,83.1732,199.0005,15.34397306,6840.848247354555,462.71124735455487
STARLINK-3130,49437,26,258.84293354,53.162,59.842,0.0001448,67.2643,292.8512,15.34405042,6840.825254361588,462.6882543615884
STARLINK-3105,49440,26,260.58336806,53.1614,64.9903,0.0001447,72.9503,249.2847,15.33565372,6843.3220555212165,465.1850555212168
STARLINK-3128,49441,26,259.46909719,53.1599,56.9108,3.5e-05,124.8044,235.2992,15.34388338,6840.874902348298,462.7379023482981
STARLINK-3122,49445,26,259.97643702,53.1599,68.3306,0.0001187,78.4563,281.6572,15.33555517,6843.351373388912,465.21437338891246
STARLINK-3127,49450,26,259.46972106,53.1609,70.8947,0.0001206,87.8603,272.2538,15.34386534,6840.880264289647,462.7432642896474
STARLINK-3125,49451,26,260.16164018,53.1588,67.5199,0.0001111,97.5765,262.5364,15.33551657,6843.3628566778725,465.2258566778728
STARLINK-3160,49454,26,260.17352947,53.1598,66.9241,0.0001337,118.3263,241.7874,15.34377968,6840.9057247376995,462.7687247376998
STARLINK-3145,49455,26,260.15881553,53.1587,66.9907,5.46e-05,121.6392,238.4664,15.34405395,6840.824205177143,462.68720517714337
STARLINK-3124,49456,26,259.49095854,53.1601,70.5619,0.000121,84.8625,275.2515,15.33556568,6843.348246729717,465.21124672971746
STARLINK-3156,49458,26,260.20364271,53.1609,67.2278,0.0001204,82.6295,277.4844,15.33546653,6843.3777433759915,465.24074337599177
STARLINK-3140,49460,26,259.49694363,53.1616,70.0868,0.0001241,86.2848,273.8296,15.34396796,6840.849763186888,462.71276318688797
STARLINK-3218,49725,26,259.751791,53.1622,359.3807,0.0001133,78.0496,282.0634,15.34390313,6840.869032164022,462.7320321640227
STARLINK-3242,49727,26,259.80597836,53.1609,7.2754,9.73e-05,83.771,276.3404,15.34390307,6840.869049997475,462.73204999747486
STARLINK-3240,49728,26,259.81640062,53.162,6.597,9.1e-05,84.882,275.2287,15.34392238,6840.863310604126,462.7263106041264
STARLINK-3249,49730,26,260.58969457,53.1617,3.4772,0.000104,82.7774,277.3347,15.3438802,6840.875847523449,462.7388475234493
STARLINK-3113,49735,26,260.29545254,53.1615,4.415,0.0001204,78.3411,281.7727,15.34408552,6840.81482197891,462.6778219789103
STARLINK-3148,49736,26,259.26848063,53.16,1.2403,9.77e-05,76.2805,283.8307,15.34384954,6840.884960455336,462.7479604553364
STARLINK-3229,49751,26,260.572368,53.1617,1.7529,0.000138,88.5579,271.5582,15.34402147,6840.833858878086,462.69685887808646
STARLINK-3209,49752,26,258.68580853,53.1625,351.8884,0.0001121,71.909,288.2035,15.34391859,6840.8644370817265,462.72743708172675
STARLINK-3200,49753,26,260.31909971,53.1603,356.6201,0.0001321,91.2025,268.9129,15.34381268,6840.895916225107,462.758916225107
STARLINK-3210,49755,26,259.74548205,53.1621,359.3529,0.000169,87.1593,272.9603,15.34388931,6840.87313980557,462.73613980557
STARLINK-3207,49756,26,260.5306589,53.1622,343.3751,0.0001979,95.2346,264.8883,15.34386787,6840.879512309434,462.74251230943446
STARLINK-3197,49757,26,260.49779646,53.1621,343.9555,0.0001183,78.6523,281.4612,15.3354225,6843.390842190315,465.2538421903155
STARLINK-3194,49758,26,260.26798332,53.1634,344.4994,9.47e-05,55.301,304.8082,15.34391572,6840.865290113885,462.7282901138851
STARLINK-3204,49759,26,260.58336806,53.1593,343.0066,0.0001363,85.8033,287.0876,15.34370664,6840.9274343706,462.79043437060045
STARLINK-3199,49760,26,260.20914643,53.1612,344.7654,0.0001064,82.2128,277.8995,15.34392666,6840.862038487499,462.72503848749966
STARLINK-3203,49761,26,260.52432936,53.1597,343.2925,7.03e-05,26.2553,333.8485,15.34386891,6840.879203195098,462.7422031950982
STARLINK-3195,49762,26,259.82463354,53.1622,346.5522,0.0001302,113.2115,246.9025,15.34399787,6840.840873288065,462.70387328806555
STARLINK-3192,49767,26,259.83094314,53.162,346.5523,0.0001136,90.1088,270.0045,15.34388245,6840.875178767412,462.73817876741214
STARLINK-3196,49768,26,260.23436469,53.162,344.6454,0.0001172,79.0651,281.0484,15.3438772,6840.876739198419,462.73973919841956
STARLINK-3201,49771,26,260.5075237,53.1597,343.4261,0.0001167,79.976,280.1374,15.34386787,6840.879512309434,462.74251230943446
STARLINK-3297,50159,26,260.31507452,53.1594,106.896,0.0001404,87.0549,273.0614,15.33557942,6843.344159171133,465.20715917113284
STARLINK-3298,50165,26,259.99258342,53.1594,107.7669,0.0001174,88.0501,272.0636,15.34395223,6840.854438494649,462.7174384946493
STARLINK-3301,50169,26,259.99204164,53.1604,94.3654,0.0001216,90.1059,270.0083,15.34383913,6840.888054579034,462.75105457903464
STARLINK-3287,50172,26,260.24729669,53.159,98.5805,8.71e-05,98.4017,261.7084,15.34390621,6840.868116713636,462.73111671363586
STARLINK-3292,50174,26,260.23251801,53.1596,88.8308,0.0001102,93.5785,266.5344,15.34390016,6840.869914920043,462.7329149200432
STARLINK-3282,50177,26,260.24834662,53.1574,92.9217,0.0001306,90.9894,269.1258,15.34394174,6840.85755636167,462.7205563616699
STARLINK-3268,50190,26,258.85307192,53.159,89.1024,0.0001041,85.695,274.4172,15.34391451,6840.865649754701,462.7286497547011
STARLINK-3273,50191,26,260.01360006,53.1592,107.6634,0.0001187,95.9467,264.1671,15.34392281,6840.86318279799,462.7261827979901
STARLINK-3259,50192,26,259.96980888,53.16,90.3485,9.71e-05,104.187,255.924,15.33544281,6843.384800008579,465.24780000857936
STARLINK-3267,50197,26,260.24720922,53.1587,88.6051,0.000149,116.2423,243.8733,15.34387413,6840.8776516794405,462.7406516794408
STARLINK-3235,50200,26,259.71007243,53.1598,91.7344,9.03e-05,111.4295,248.6803,15.33559583,6843.339277313312,465.20227731331215
STARLINK-3323,50804,26,260.59018981,53.1602,7.2262,0.0001088,80.1005,280.012,15.34395936,6840.852319298215,462.71531929821504
STARLINK-3335,50806,26,260.35539007,53.1588,10.081,0.0001326,108.1295,251.9853,15.34389801,6840.870553952358,462.7335539523583
STARLINK-3338,50812,26,258.61773712,53.162,18.3033,0.0001236,84.2246,275.8897,15.34394798,6840.855701691059,462.7187016910593
STARLINK-3336,50818,26,259.79973864,53.1629,19.3604,0.000123,77.4188,282.6952,15.3439106,6840.866811900139,462.7298119001389
STARLINK-3327,50819,26,260.58978063,53.1613,15.6843,9.48e-05,75.381,284.7298,15.34389575,6840.871225679508,462.7342256795082
STARLINK-3334,50823,26,260.59587361,53.1611,15.6372,0.0003014,35.0861,325.034,15.33667972,6843.016847056083,464.87984705608324
STARLINK-3329,50827,26,260.57918662,53.1623,15.027,8.78e-05,89.1264,270.9839,15.34388553,6840.874263314968,462.737263314968
STARLINK-3294,50829,26,260.32199878,53.162,16.8981,0.0001081,78.0173,282.0951,15.33546917,6843.3769579846185,465.23995798461874
STARLINK-3278,50830,26,260.6123467,53.1626,22.8595,0.0001079,76.4445,283.6678,15.34389795,6840.870571785818,462.73357178581864
STARLINK-3299,50831,26,259.81974721,53.1598,19.9006,0.0001536,355.6141,4.4847,15.33748273,6842.77799608748,464.64099608747983
STARLINK-3331,50834,26,260.33205161,53.1632,24.8252,0.0001373,80.5767,279.5391,15.3354392,6843.385873974914,465.2488739749142
STARLINK-3318,50837,26,260.31448741,53.1631,16.4908,0.0001063,79.8439,280.2684,15.34373251,6840.9197450272,462.7827450272007
STARLINK-3295,50840,26,259.84509575,53.1609,26.9895,0.000114,84.2115,275.9018,15.33563084,6843.328862117408,465.19186211740816
STARLINK-3300,50841,26,260.36795165,53.16,24.4485,0.0001003,81.9433,278.1683,15.33551209,6843.364189456499,465.2271894564992
STARLINK-3315,50848,26,260.62083313,53.167,23.5324,0.0001163,80.375,279.7384,15.34387434,6840.8775892621625,462.74058926216276
STARLINK-3311,50849,26,260.63125133,53.1597,22.773,0.000102,79.499,280.6128,15.3438901,6840.872904998108,462.7359049981087
STARLINK-3314,50851,26,260.33414743,53.1599,24.6313,0.0001379,86.718,273.398,15.33544186,6843.385082631258,465.2480826312585
STARLINK-3344,51110,26,259.09620089,53.1605,146.2352,0.000116,83.0946,277.0189,15.34400187,6840.839684403753,462.70268440375366
STARLINK-3374,51112,26,258.71591226,53.1604,148.1483,0.0001153,89.3267,270.7868,15.34393033,6840.860947677686,462.72394767768674
STARLINK-3372,51113,26,260.40756973,53.1611,140.3335,0.0001409,74.8867,285.2292,15.34953861,6839.1945436133565,461.05754361335676
STARLINK-3397,51115,26,260.06310294,53.1598,141.8149,0.0001209,93.8137,266.3004,15.33545654,6843.380715370381,465.2437153703813
STARLINK-3394,51118,26,260.09632352,53.1611,141.277,0.0001459,91.8315,268.2855,15.34393643,6840.859134616015,462.72213461601496
STARLINK-3398,51120,26,260.09425684,53.1611,141.5848,0.0001155,86.1125,274.001,15.3439226,6840.8632452149395,462.7262452149398
STARLINK-3392,51123,26,259.04787797,53.1604,146.4667,0.0001009,93.0319,267.0799,15.34391559,6840.865328752979,462.728328752979
STARLINK-3389,51124,26,260.31291017,53.1618,152.495,0.0001871,87.8532,272.2684,15.34351062,6840.985698122344,462.8486981223441
STARLINK-3396,51129,26,260.5147516,53.161,151.6116,0.0001679,84.3135,275.8059,15.35269079,6838.258372864825,460.1213728648254
STARLINK-3395,51130,26,258.16757522,53.1617,162.7279,0.0001267,89.1604,270.9544,15.34394003,6840.8580646129685,462.7210646129688
STARLINK-3393,51132,26,259.0122455,53.1617,158.7935,0.0001048,86.5785,273.5337,15.34390056,6840.869796030327,462.73279603032734
STARLINK-3253,51136,26,258.73740375,53.1588,151.643,0.0001315,92.4032,267.7121,15.34383612,6840.888949230246,462.7519492302463
STARLINK-3180,51137,26,260.55070616,53.1588,143.1807,0.0001314,79.7377,280.3774,15.34389874,6840.870336978578,462.73333697857834
STARLINK-3172,51139,26,260.39740242,53.1595,144.4329,0.000132,90.2835,269.8319,15.3354317,6843.38810520826,465.25110520826
STARLINK-3179,51141,26,260.41203283,53.1595,143.8927,0.0001346,88.1974,271.9183,15.34393187,6840.860489953807,462.7234899538071
STARLINK-3184,51143,26,259.1383127,53.1593,158.2194,0.0001224,92.3588,267.7555,15.34396856,6840.8495848536295,462.7125848536298
STARLINK-3354,51146,26,258.98324264,53.1593,150.4979,6.39e-05,59.4626,300.644,15.3439673,6840.849959353487,462.71295935348735
STARLINK-3360,51149,26,260.125799,53.1593,153.1345,0.0001214,85.5949,274.5193,15.34395479,6840.853677604856,462.71667760485616
STARLINK-3364,51152,26,260.15030634,53.1598,155.4347,0.0001214,91.654,268.4601,15.3355016,6843.36731018399,465.2303101839907
STARLINK-3189,51464,26,260.36528603,53.1615,130.7318,0.0001282,93.9623,266.1526,15.343851,6840.884526505511,462.7475265055109
STARLINK-3178,51467,26,260.59378247,53.1607,129.5549,0.0001192,90.0015,270.1124,15.33549305,6843.3698537729,465.23285377289994
STARLINK-3174,51468,26,260.0290114,53.16,131.6076,0.0001501,88.5417,271.5758,15.34377791,6840.906250831642,462.76925083164224
STARLINK-3415,51472,26,260.02478827,53.1586,131.6207,6.86e-05,124.3859,235.7209,15.34400874,6840.83764249615,462.70064249615007
STARLINK-3543,51716,26,260.48448765,53.1604,178.1149,0.0001368,87.5422,272.5737,15.33549709,6843.368651889658,465.2316518896587
STARLINK-3529,51724,26,260.16310659,53.1605,179.3537,0.0001223,80.6367,279.4773,15.33552466,6843.360449943112,465.2234499431124
STARLINK-3522,51725,26,258.82167671,53.1602,185.7864,0.0001234,86.1423,273.972,15.33552954,6843.35899816841,465.2219981684102
STARLINK-3532,51727,26,260.06612614,53.1596,179.4194,0.0001305,97.6926,262.4225,15.34395064,6840.854911078649,462.7179110786492
STARLINK-3523,51729,26,260.45632402,53.158,163.6352,9.47e-05,100.1691,259.9419,15.34388248,6840.875169850666,462.73816985066605
STARLINK-3518,51732,26,260.44795254,53.1602,163.8198,0.0001257,95.503,264.6116,15.34389744,6840.870723370252,462.73372337025194
STARLINK-3525,51733,26,260.12435724,53.1588,165.2756,0.0001342,97.1853,262.9302,15.34386282,6840.881013297812,462.74401329781267
STARLINK-3450,51734,26,260.16005287,53.1581,164.9885,0.0001297,97.15,262.965,15.34389474,6840.8715258762095,462.7345258762098
STARLINK-3517,51735,26,260.11595639,53.1609,165.3449,0.0001193,76.7844,283.3292,15.34389767,6840.870655008644,462.73365500864384
STARLINK-3500,51740,26,260.46472589,53.1618,163.5718,0.0001262,83.4571,276.6575,15.34389689,6840.870886843668,462.7338868436682
STARLINK-3521,51742,26,260.14746686,53.1596,165.181,0.0001088,77.5783,282.5342,15.34388586,6840.874165230795,462.73716523079565
STARLINK-3512,51743,26,260.09493579,53.1598,155.9942,0.0001322,86.6795,273.4359,15.34391803,6840.864603527005,462.72760352700516
STARLINK-3452,51744,26,260.04720526,53.1584,166.0483,0.0001145,93.5573,266.556,15.33550093,6843.367509506077,465.2305095060774
STARLINK-3449,51745,26,260.1453536,53.1597,165.0894,0.0001259,88.8704,271.2443,15.34393652,6840.859107865934,462.72210786593405
STARLINK-3501,51748,26,260.14947825,53.1588,155.0309,0.0001175,77.8957,282.2178,15.34386855,6840.879310196211,462.7423101962113
STARLINK-3506,51751,26,260.41424401,53.1578,153.8005,0.0001086,89.3019,270.8108,15.34378779,6840.903314218165,462.76631421816546
STARLINK-3507,51753,26,260.12681419,53.1595,155.6387,0.0001158,86.609,273.5045,15.33550646,6843.365864355558,465.22886435555847
STARLINK-3457,51754,26,260.13266071,53.1595,155.1171,0.00012,90.4245,269.6895,15.34397032,6840.849061742802,462.7120617428027
STARLINK-3460,51755,26,260.2651216,53.1556,155.1934,0.0001301,126.4689,233.6434,15.34399443,6840.841895728988,462.70489572898805
STARLINK-3513,51756,26,260.14880951,53.159,155.5018,0.0001476,85.0315,275.0856,15.33550154,6843.367328033728,465.23032803372826
STARLINK-3459,51757,26,258.73539295,53.1598,161.6505,0.0001311,86.5869,273.5284,15.34390449,6840.868627939139,462.7316279391389
STARLINK-3456,51759,26,260.42472718,53.1557,153.7484,8.39e-05,106.8269,253.2826,15.34380768,6840.897402361119,462.7604023611193
STARLINK-3622,51768,26,260.51111022,53.1618,185.3564,0.0001283,89.0554,271.0596,15.34396039,6840.852013159174,462.7150131591743
STARLINK-3612,51770,26,260.09487933,53.1633,187.7723,0.0001304,81.8866,278.2284,15.33550728,6843.365620409272,465.2286204092725
STARLINK-3623,51772,26,260.19597443,53.1599,187.1355,0.000129,87.1589,272.9561,15.34388808,6840.873505391911,462.7365053919111
STARLINK-3629,51774,26,260.25803184,53.1622,193.212,0.0001457,87.0855,273.0315,15.34388168,6840.87540763057,462.7384076305707
STARLINK-3615,51778,26,260.49057063,53.1631,177.4394,0.0001107,93.7995,266.3135,15.34380974,6840.896790072984,462.7597900729843
STARLINK-3617,51780,26,260.20854631,53.1596,186.7756,0.0001204,60.2205,299.8917,15.34388141,6840.875487881292,462.7384878812927
STARLINK-3616,51782,26,260.24963679,53.159,193.2617,0.000142,95.9535,264.1629,15.34381877,6840.894106112535,462.75710611253544
STARLINK-3632,51784,26,260.11515143,53.1607,193.8857,0.0001381,92.4908,267.6253,15.34391902,6840.864309275538,462.7273092755386
STARLINK-3638,51786,26,260.55476445,53.1575,193.1381,8.5e-05,101.0945,259.0154,15.34383903,6840.8880843016605,462.75108430166074
STARLINK-3619,51787,26,260.05833562,53.16,193.4624,0.0001397,91.4521,268.6642,15.34387252,6840.878130211953,462.74113021195353
STARLINK-3641,51788,26,260.0883055,53.159,195.3222,0.000114,87.5358,272.5775,15.34390847,6840.867444987247,462.7304449872472
STARLINK-3639,51789,26,260.23127373,53.1578,195.3333,0.0001347,87.3487,272.767,15.34389527,6840.871368347242,462.7343683472427
STARLINK-3602,51791,26,260.5365445,53.1596,193.7719,0.0001055,98.9445,261.1677,15.33539137,6843.400103324889,465.263103324889
STARLINK-3626,51792,26,260.5153047,53.159,193.8375,9.41e-05,100.4625,259.6483,15.33546389,6843.378528767588,465.24152876758853
STARLINK-3586,51795,26,260.20387266,53.1591,194.7833,0.0001237,89.6749,270.4395,15.34388012,6840.875871301444,462.7388713014443
STARLINK-3634,51798,26,260.26013693,53.1601,193.2081,0.0001236,101.2307,258.8834,15.34383322,6840.889811186839,462.7528111868396
STARLINK-3637,51799,26,260.53118317,53.1608,191.9398,0.0001248,94.8509,265.2636,15.34385304,6840.883920164773,462.74692016477366
STARLINK-3592,51801,26,260.51904803,53.1598,193.3092,0.0001168,92.217,267.8967,15.34390294,6840.869088636621,462.7320886366215
STARLINK-3544,51803,26,260.25592936,53.1602,193.2256,0.000137,91.4346,268.6814,15.34391355,6840.865935089597,462.72893508959714
STARLINK-3601,51804,26,260.04511966,53.1598,179.5249,0.0001252,78.1199,281.9944,15.34401321,6840.8363139195335,462.6993139195338
STARLINK-3605,51805,26,260.21646257,53.1599,179.2054,0.0001378,86.0063,274.1097,15.33549522,6843.3692082068355,465.2322082068358
STARLINK-3606,51807,26,260.07195903,53.1629,187.3975,0.0001368,87.6444,272.4716,15.34400197,6840.839654681651,462.70265468165144
STARLINK-3607,51809,26,260.51954193,53.1608,185.9609,0.0001258,87.98,272.1347,15.33546365,6843.378600166836,465.2416001668362
STARLINK-3613,51810,26,260.07453825,53.1618,179.4215,0.0001151,88.0707,272.0427,15.34390767,6840.86768276648,462.73068276648064
STARLINK-3569,51811,26,260.50430593,53.1577,183.8326,0.0001277,89.0274,271.0875,15.34393354,6840.859993590984,462.7229935909845
STARLINK-3610,51812,26,260.1880828,53.162,179.5358,0.000114,79.9299,280.1833,15.34392594,6840.862252488388,462.7252524883879
STARLINK-3542,51852,26,260.22668382,53.1597,224.6748,0.0002005,98.3883,261.7347,15.34340344,6841.0175561559445,462.88055615594476
STARLINK-3545,51855,26,260.28550091,53.1575,224.4475,0.0001396,95.8444,264.2718,15.3438504,6840.884704841048,462.7477048410483
STARLINK-3563,51858,26,260.30652739,53.1591,224.6112,0.0001334,92.7808,267.3347,15.34401877,6840.834661373232,462.6976613732322
STARLINK-3559,51860,26,260.2844219,53.161,218.4484,0.0001364,85.5052,274.6107,15.34389071,6840.8727236910945,462.7357236910948
STARLINK-3562,51861,26,260.59119213,53.1604,216.9697,0.0001335,87.442,272.6736,15.34385167,6840.884327364176,462.7473273641763
STARLINK-3508,51862,26,260.21087696,53.1596,218.7449,0.0001462,70.6777,289.4384,15.34390374,6840.868850857265,462.7318508572653
STARLINK-3555,51863,26,260.58921936,53.1579,217.0298,0.0001142,68.0132,292.0992,15.35237489,6838.352178043818,460.215178043818
STARLINK-3548,51864,26,260.59539219,53.1604,216.9524,0.0001214,95.5428,264.5713,15.34387737,6840.876688670163,462.73968867016356
STARLINK-3553,51866,26,260.18789991,53.1594,219.4645,0.000125,78.8162,281.2981,15.33552428,6843.360562991175,465.22356299117564
STARLINK-3567,51871,26,260.16683649,53.1596,219.6444,0.0001221,85.997,274.1172,15.34391496,6840.865516003978,462.72851600397826
STARLINK-3554,51872,26,260.30564127,53.1589,218.3042,0.0001306,85.4858,274.6294,15.3516858,6838.5568115896685,460.4198115896688
STARLINK-3556,51877,26,260.24122749,53.1573,202.636,0.0001399,66.2142,293.9007,15.34380286,6840.898834996998,462.761834996998
STARLINK-3572,51879,26,260.09048595,53.159,205.3054,0.0001294,99.2019,260.913,15.34390455,6840.868610105689,462.73161010568947
STARLINK-3504,51881,26,260.14721631,53.1599,205.0286,0.0001377,95.6054,264.5105,15.34391143,6840.866565204263,462.72956520426305
STARLINK-3576,51883,26,260.14301872,53.1593,205.0663,0.0001338,92.015,268.1006,15.34390408,6840.868749801046,462.73174980104613
STARLINK-3577,51884,26,260.08637221,53.1593,206.0207,0.0001276,92.6033,267.5116,15.34390521,6840.868413937753,462.73141393775313
STARLINK-3584,51885,26,260.57536907,53.16,203.5513,0.0001202,84.2366,275.8773,15.33547375,6843.375595450121,465.23859545012147
STARLINK-3551,51887,26,260.53539019,53.1594,201.2345,0.000105,99.3926,260.7195,15.34389397,6840.871754739062,462.73475473906274
STARLINK-3536,51888,26,260.58257232,53.1584,203.5552,0.0001182,94.3624,265.7513,15.33548811,6843.371323403125,465.234323403125
STARLINK-3547,51889,26,260.06691551,53.1596,204.1101,0.0001484,91.4592,268.6581,15.34392319,6840.863069853038,462.7260698530381
STARLINK-3549,51891,26,260.26013548,53.1592,202.517,0.000122,83.8855,276.2287,15.34390977,6840.867058596037,462.73005859603745
STARLINK-3587,51892,26,260.26652715,53.1602,203.1816,0.0001104,87.1942,272.9187,15.34392135,6840.863616744431,462.72661674443134
STARLINK-3595,51894,26,260.25602191,53.16,203.2325,0.0001493,95.9655,264.1518,15.34392608,6840.862210877102,462.72521087710265
STARLINK-3594,51895,26,260.24761346,53.1596,203.2617,0.0001222,89.169,270.9452,15.34384197,6840.887210456564,462.7502104565647
STARLINK-3593,51896,26,260.28569318,53.1597,204.89,0.0001395,58.7186,301.3953,15.33547013,6843.3766723878125,465.2396723878128
STARLINK-3598,51897,26,260.11936305,53.1594,203.2178,0.0001307,93.2067,266.9085,15.34390555,6840.868312881549,462.73131288154946
STARLINK-3597,51898,26,260.1130556,53.1596,203.2192,0.0001522,87.7522,272.3655,15.3438507,6840.884615673278,462.74761567327823
STARLINK-3644,51987,26,260.25573715,53.1584,242.8052,0.0001202,86.4976,273.6164,15.34387345,6840.877853792541,462.7408537925412
STARLINK-3642,51989,26,260.25363869,53.159,242.8274,0.0001235,84.4646,275.6497,15.3439834,6840.845174081382,462.7081740813819
STARLINK-3652,51991,26,260.32298701,53.1564,242.6297,0.0001305,90.4539,269.6613,15.34396353,6840.851079881146,462.71407988114606
STARLINK-3643,51992,26,260.59229389,53.159,223.2355,0.0001268,85.5127,274.6021,15.34393477,6840.8596280064485,462.72262800644876
STARLINK-3647,51994,26,260.58336806,53.1577,227.0208,0.0001616,90.4442,121.4899,15.34402691,6840.832241999692,462.69524199969237
STARLINK-3538,51996,26,260.60231978,53.1597,223.3828,0.0001424,95.654,264.4624,15.33549937,6843.367973599348,465.23097359934854
STARLINK-3589,51997,26,260.18884985,53.1594,224.9468,0.000186,88.831,271.2906,15.34398383,6840.845046276093,462.7080462760932
STARLINK-3618,51998,26,260.19521396,53.1578,225.4163,0.000136,85.4049,274.7109,15.34393083,6840.860799066028,462.72379906602873
STARLINK-3668,52002,26,260.13534439,53.1607,229.3426,0.0001165,84.6995,275.414,15.34387496,6840.877404982586,462.74040498258637
STARLINK-3712,52090,26,260.27636253,53.1588,296.8063,0.0001253,89.3961,270.7185,15.33547314,6843.375776923018,465.2387769230181
STARLINK-3673,52093,26,260.26816874,53.1594,292.6193,0.0001282,96.8884,263.2265,15.34391676,6840.864981001156,462.72798100115597
STARLINK-3714,52094,26,260.36953355,53.1587,296.0063,0.0001339,81.9422,278.1732,15.34389268,6840.872138158691,462.73513815869137
STARLINK-3701,52095,26,260.27449442,53.1593,292.7372,0.000119,83.9937,276.1202,15.34387626,6840.87701858997,462.74001858997053
STARLINK-3665,52098,26,259.77499117,53.1603,299.4729,0.0001325,98.1162,261.9991,15.34389226,6840.872262993,462.7352629930001
STARLINK-3702,52100,26,259.75971883,53.1583,295.2473,0.0001018,94.0797,266.0322,15.34391709,6840.864882917315,462.7278829173156
STARLINK-3703,52101,26,259.76026833,53.159,299.5377,0.0001143,72.2279,287.8849,15.34404081,6840.828110641957,462.6911106419575
STARLINK-3709,52102,26,260.54284953,53.158,283.6921,0.0001594,106.3835,253.7343,15.33552944,6843.359027917883,465.2220279178837
STARLINK-3705,52103,26,260.3400547,53.1587,284.14,0.0001289,76.6911,283.4236,15.34388924,6840.873160611295,462.7361606112954
STARLINK-3706,52105,26,260.33375231,53.1582,284.1709,0.0001133,79.9067,280.2064,15.34391246,6840.866259063629,462.7292590636289
STARLINK-3670,52106,26,260.39216176,53.1592,292.2012,0.0001198,82.4397,277.6742,15.34388757,6840.873656976505,462.7366569765054
STARLINK-3658,52107,26,260.26441202,53.1588,284.4968,0.000124,75.7382,284.3758,15.34381239,6840.896002420974,462.75900242097396
STARLINK-3698,52108,26,260.37316437,53.1589,284.3864,0.0001238,78.0318,282.0823,15.33535404,6843.411208992727,465.2742089927269
STARLINK-3687,52110,26,260.24624449,53.1587,285.0568,0.0001177,93.7505,266.3632,15.33529914,6843.427541814051,465.2905418140517
STARLINK-3708,52111,26,260.25390899,53.1583,284.551,0.0001277,80.3857,279.729,15.34386767,6840.879571754504,462.74257175450384
STARLINK-3736,52113,26,260.31073902,53.16,284.2809,0.0001293,142.2018,217.9075,15.33985878,6842.071374961839,463.93437496183924
STARLINK-3737,52114,26,260.25601072,53.1584,284.5265,0.0001251,82.9574,277.1571,15.34386584,6840.8801156769405,462.74311567694076
STARLINK-3685,52115,26,260.26809721,53.1584,282.6878,0.000128,78.1234,281.9912,15.34393294,6840.860171924923,462.723171924923
STARLINK-3735,52116,26,260.24968157,53.1591,284.5685,0.0001256,89.5038,270.6109,15.34411258,6840.806779263177,462.6697792631776
STARLINK-3738,52117,26,260.36106525,53.1588,284.0385,9.89e-05,82.8111,277.3004,15.34392517,6840.862481350464,462.7254813504642
STARLINK-3743,52118,26,260.24340576,53.1598,284.6056,0.0001207,88.7573,271.3568,15.34388806,6840.873511336405,462.7365113364049
STARLINK-3558,52119,26,260.26180906,53.1583,282.8044,0.0001182,79.187,280.9265,15.34388663,6840.873936367741,462.7369363677417
STARLINK-3534,52120,26,260.32482091,53.1592,282.3691,0.0001111,82.5693,277.5436,15.34392658,6840.862062265375,462.7250622653755
STARLINK-3726,52122,26,260.27655186,53.1599,284.9686,0.0001021,70.7016,289.4096,15.33550006,6843.367768327315,465.2307683273157
STARLINK-3727,52125,26,260.35613734,53.1612,284.2075,0.0001519,47.8589,312.2543,15.33529461,6843.428889499289,465.291889499289
STARLINK-3718,52132,26,260.35637661,53.1615,282.1878,8.6e-05,78.6974,281.4125,15.34346525,6840.999183792546,462.8621837925466
STARLINK-3707,52133,26,260.33531245,53.1598,282.2127,0.0001138,81.0875,279.0256,15.34395065,6840.854908106422,462.7179081064223
STARLINK-3721,52134,26,260.27437962,53.1597,282.503,0.0001194,84.9608,275.1531,15.34396546,6840.85050624226,462.71350624226034
STARLINK-3733,52137,26,260.37157855,53.1603,283.9909,0.0001187,85.9775,274.1363,15.3438882,6840.873469724948,462.7364697249486
STARLINK-3723,52138,26,260.32854944,53.1557,284.3529,0.0002714,81.7758,278.3552,15.33573172,6843.298851343219,465.1618513432195
STARLINK-3730,52139,26,260.08372271,53.1597,285.3447,0.0001501,98.1212,261.9961,15.34402316,6840.833356575688,462.6963565756887
STARLINK-3682,52140,26,260.26599533,53.1605,282.6816,9.62e-05,82.8422,277.269,15.34388889,6840.873264639924,462.73626463992423
STARLINK-3761,52262,26,260.44433471,53.1633,321.6577,0.0001083,84.3276,275.785,15.34395678,6840.853086132079,462.716086132079
STARLINK-3786,52263,26,260.46560306,53.1594,321.8003,0.0001482,77.8822,282.2346,15.33549849,6843.368235395589,465.23123539558947
STARLINK-3795,52264,26,260.1501558,53.1605,313.6319,0.0001034,79.7345,280.3774,15.34389476,6840.871519931719,462.73451993171966
STARLINK-3740,52265,26,260.44908249,53.1584,314.0916,5.31e-05,47.6449,312.4599,15.34381312,6840.895785445176,462.7587854451767
STARLINK-3746,52268,26,260.13173143,53.1605,315.1617,0.0001185,78.5664,281.5472,15.34395387,6840.853951049601,462.71695104960145
STARLINK-3804,52270,26,260.44648583,53.1618,322.0208,0.0001023,67.4424,292.6687,15.34389885,6840.8703042839,462.7333042839
STARLINK-3788,52271,26,260.43806195,53.1613,321.9039,0.0001244,76.6359,283.4782,15.3438638,6840.880722016835,462.7437220168349
STARLINK-3784,52275,26,260.17332196,53.1615,323.1729,0.0001377,94.2439,265.8721,15.34382865,6840.891169512091,462.7541695120917
STARLINK-3778,52276,26,260.17334057,53.1615,323.2918,0.0001242,87.9892,272.1253,15.335464,6843.378496042934,465.24149604293416
STARLINK-3779,52281,26,260.17450396,53.1607,323.2905,0.0001205,82.4999,277.614,15.33547425,6843.375446701855,465.23844670185554
STARLINK-3783,52282,26,259.14488464,53.1602,312.1602,0.0001323,72.8478,287.2669,15.33548235,6843.373036981064,465.236036981064
STARLINK-3789,52283,26,259.76541779,53.1626,325.0937,0.0001193,74.8519,285.2615,15.33551242,6843.364091283051,465.22709128305087
STARLINK-3561,52284,26,260.4012349,53.1597,306.5621,0.0001645,89.7829,270.3362,15.34379822,6840.900214132661,462.76321413266123
STARLINK-3802,52286,26,260.39483351,53.1593,305.8974,0.000125,81.8806,278.2339,15.34408373,6840.815353999743,462.6783539997432
STARLINK-3776,52288,26,260.3927505,53.1594,305.9244,0.0001344,87.2311,272.8846,15.34393302,6840.860148147064,462.7231481470644
STARLINK-3772,52290,26,260.13012301,53.1598,307.2341,0.0001554,97.151,262.9669,15.34385272,6840.884015277038,462.7470152770384
STARLINK-3753,52292,26,259.72457974,53.1608,309.0225,4.84e-05,22.5725,337.5299,15.34398055,6840.846021163102,462.7090211631021
STARLINK-3771,52293,26,260.3885416,53.1598,305.9373,0.000116,83.7803,276.3332,15.34387402,6840.877684374205,462.74068437420556
STARLINK-3777,52294,26,260.15382299,53.1609,307.4724,0.0001176,86.9886,273.1251,15.33551851,6843.362279537329,465.2252795373297
STARLINK-3766,52296,26,260.16583284,53.1604,306.9605,0.0001276,65.9119,294.2017,15.34390191,6840.869394777573,462.73239477757306
STARLINK-3758,52297,26,260.1657369,53.16,307.4676,0.0001095,79.5505,280.5621,15.33547128,6843.376330266677,465.2393302666769
STARLINK-3760,52298,26,260.16161337,53.1605,306.9747,0.0001158,85.0722,275.0413,15.34390664,6840.867988907275,462.7309889072749
STARLINK-3769,52300,26,260.41585418,53.1596,305.7939,0.0001174,87.1991,272.9146,15.34395042,6840.854976467636,462.7179764676366
STARLINK-3768,52301,26,260.16545037,53.1594,307.5832,0.0001238,76.8014,283.3127,15.33547043,6843.376583138816,465.23958313881667
STARLINK-3742,52303,26,260.39906316,53.16,306.3594,0.0001247,81.1598,278.9545,15.33549713,6843.368639989827,465.2316399898273
STARLINK-3744,52304,26,260.4011419,53.1593,296.5519,8.12e-05,101.1084,259.001,15.34372886,6840.920829915856,462.7838299158566
STARLINK-3724,52305,26,258.56481444,53.161,314.8849,0.0001316,83.4159,276.6993,15.33548564,6843.372058218532,465.2350582185327
STARLINK-3747,52306,26,260.39895626,53.1601,295.8704,0.000117,67.8192,292.2935,15.34387773,6840.876581669153,462.73958166915327
STARLINK-3755,52307,26,260.15321437,53.1596,307.0368,8.78e-05,64.9878,295.1216,15.34388544,6840.874290065198,462.73729006519807
STARLINK-3750,52311,26,260.37485465,53.1586,296.5491,0.0001257,77.8303,282.284,15.33561474,6843.333651734138,465.19665173413796
STARLINK-3752,52312,26,259.1151394,53.1607,301.8743,0.0001177,88.3818,271.7319,15.34386436,6840.880555570576,462.74355557057606
STARLINK-3749,52313,26,260.39366381,53.1595,296.3527,0.0001132,78.6814,281.4315,15.33550935,6843.365004593747,465.22800459374685
STARLINK-3889,52331,26,260.58336806,53.1613,65.3976,0.0001013,77.8824,254.3877,15.33646834,6843.079724355964,464.94272435596395
STARLINK-3831,52332,26,260.58336806,53.1601,65.0494,9.46e-05,81.9538,10.0229,15.33559471,6843.339610505038,465.20261050503814
STARLINK-3880,52334,26,260.58336806,53.1601,65.149,0.0001273,78.7117,40.4717,15.33571316,6843.304372729791,465.16737272979117
STARLINK-3823,52336,26,258.84234137,53.1603,59.7889,0.0001192,94.0905,266.0234,15.33545673,6843.380658845935,465.243658845935
STARLINK-3818,52340,26,259.90442452,53.1607,46.1976,8.53e-05,104.2972,255.8125,15.34388497,6840.874429760845,462.73742976084486
STARLINK-3843,52341,26,260.58336806,53.169,65.1514,9e-05,96.7128,96.1729,15.35292714,6838.188191828182,460.0511918281827
STARLINK-3850,52342,26,260.39932432,53.16,49.9991,0.0001046,124.9218,235.1884,15.34298466,6841.142037294531,463.0050372945316
STARLINK-3849,52343,26,260.58336806,53.1615,65.2065,8.9e-05,99.2562,250.0138,15.35279176,6838.2283909255775,460.0913909255778
STARLINK-3851,52344,26,260.4035154,53.1618,50.0928,0.0001377,85.1855,274.9305,15.3438601,6840.881821751298,462.74482175129833
STARLINK-3826,52347,26,260.40367487,53.161,44.3721,0.0001387,80.2219,279.894,15.33550426,6843.3665188457,465.2295188457001
STARLINK-3754,52350,26,260.40029757,53.1642,43.885,0.0001243,97.6018,262.5126,15.34370349,6840.928370646978,462.79137064697807
STARLINK-3838,52352,26,259.8110098,53.1603,53.0402,9.77e-05,80.882,279.2293,15.34386567,6840.88016620526,462.7431662052604
STARLINK-3807,52353,26,259.39942751,53.1605,49.05,0.0001036,88.919,271.1931,15.33543887,6843.385972149143,465.2489721491429
STARLINK-3877,52355,26,260.40564876,53.1611,50.3122,0.0001248,84.1953,275.9192,15.3437739,6840.907442717159,462.7704427171593
STARLINK-3801,52356,26,258.42730754,53.1608,53.1285,0.0001465,52.9909,307.1227,15.34387215,6840.878240185276,462.7412401852762
STARLINK-3821,52357,26,260.13555981,53.1608,45.2338,9.28e-05,69.0284,291.0817,15.34386906,6840.879158611304,462.74215861130415
STARLINK-3837,52358,26,260.14083844,53.1602,51.075,0.0001181,78.2785,281.835,15.34407495,6840.817963578283,462.6809635782829
STARLINK-3830,52363,26,260.36675442,53.1603,44.6925,9.53e-05,90.7808,269.3304,15.34392623,6840.862166293583,462.72516629358324
STARLINK-3820,52364,26,259.89356912,53.1602,42.5527,0.0001198,90.2588,269.8551,15.33554384,6843.354743996972,465.2177439969719
STARLINK-3874,52365,26,259.87810072,53.1611,42.3076,0.0001065,53.0667,307.0433,15.34382952,6840.890910924957,462.7539109249574
STARLINK-3808,52366,26,260.38028811,53.1616,39.954,0.0001065,89.4946,270.6179,15.34379915,6840.8999377110185,462.7629377110188
STARLINK-3817,52367,26,259.89131157,53.1611,42.5102,0.0001207,90.0444,270.0697,15.33553201,6843.358263356507,465.22126335650773
STARLINK-3834,52368,26,259.39273378,53.1606,44.5739,0.00011,89.4704,270.6425,15.34383533,6840.889184039084,462.75218403908457
STARLINK-3841,52369,26,260.38875179,53.1591,39.9613,0.000182,101.5889,258.5318,15.34776134,6839.722519015809,461.58551901580904
STARLINK-3827,52370,26,259.87826798,53.1617,42.5502,0.0001092,77.1734,282.9391,15.33556034,6843.349835345836,465.21283534583654
STARLINK-3796,52372,26,260.37716461,53.1623,34.4749,0.0001075,79.1522,280.9602,15.34388729,6840.873740199424,462.7367401994243
STARLINK-3550,52373,26,259.89961517,53.1629,34.4861,0.0001013,84.6585,275.4533,15.34386524,6840.8802940121905,462.74329401219074
STARLINK-3762,52374,26,260.39812592,53.1606,33.9746,0.0001106,85.7601,274.3528,15.34391243,6840.866267980346,462.72926798034587
STARLINK-3785,52375,26,260.37085327,53.1621,34.4778,0.0001139,73.8993,286.2135,15.34392147,6840.863581077599,462.7265810775989
STARLINK-3805,52377,26,258.8548445,53.1607,47.0919,0.0001094,75.1324,284.98,15.34380828,6840.897224024755,462.7602240247552
STARLINK-3806,52378,26,260.40968714,53.161,39.8193,0.0001019,87.2593,272.8527,15.34395815,6840.852678937325,462.7156789373257
STARLINK-3800,52379,26,260.38819858,53.1599,37.5577,0.0002329,325.3219,34.7631,15.33634614,6843.116074745388,464.97907474538806
STARLINK-3793,52380,26,260.35389543,53.1638,24.0765,9e-05,97.1948,262.9157,15.34393857,6840.8584985585985,462.7214985585988
STARLINK-3811,52383,26,260.6241669,53.1626,23.2734,0.0001294,78.1037,282.011,15.33561512,6843.333538687188,465.19653868718797
STARLINK-3898,52458,26,260.54788385,53.1594,283.2604,0.0001985,123.9751,236.144,15.33993714,6842.048074337483,463.9110743374831
STARLINK-3856,52459,26,260.21434586,53.1609,269.2841,0.0001041,81.8705,278.2416,15.33545386,6843.38151266272,465.2445126627199
STARLINK-3900,52461,26,260.2835179,53.159,259.0333,0.0001365,84.7407,275.3752,15.33590217,6843.248144949077,465.11114494907724
STARLINK-3873,52467,26,260.29057383,53.1597,268.4556,0.0001251,92.1958,267.9187,15.34384429,6840.886520891922,462.74952089192266
STARLINK-3864,52468,26,260.26755479,53.1595,269.1793,0.0001252,70.8569,289.2569,15.3438461,6840.885982912732,462.7489829127326
STARLINK-3828,52469,26,260.25068022,53.1589,269.005,0.0001375,105.9608,254.1546,15.33545656,6843.38070942044,465.2437094204406
STARLINK-3859,52470,26,260.26114977,53.1595,268.5116,0.0001223,90.4343,269.68,15.34387379,6840.877752735989,462.7407527359892
STARLINK-3881,52472,26,260.30258811,53.1592,268.8079,0.0001169,80.8625,279.251,15.33550119,6843.367432157205,465.23043215720554
STARLINK-3879,52473,26,260.32255197,53.1631,268.855,8.48e-05,70.8795,289.2299,15.33554073,6843.355669204324,465.2186692043242
STARLINK-3882,52475,26,260.32418408,53.1591,268.2193,0.000121,66.6038,293.5092,15.34389155,6840.87247402244,462.73547402244003
STARLINK-3860,52477,26,260.21484454,53.1593,258.726,0.0001172,85.471,274.6427,15.34391081,6840.866749483107,462.7297494831073
STARLINK-3839,52480,26,260.31578083,53.16,268.2979,0.0001174,73.451,286.6622,15.34392466,6840.862632934449,462.7256329344491
STARLINK-3813,52482,26,260.23425143,53.1598,259.0817,0.0001257,88.4927,271.6219,15.33548701,6843.371650648829,465.2346506488293
STARLINK-3913,52485,26,260.29808664,53.1599,258.7306,0.0001326,84.5709,275.5445,15.33550741,6843.365581734864,465.22858173486384
STARLINK-3918,52486,26,260.30106325,53.1592,268.3262,0.0001227,79.7402,280.3739,15.34397448,6840.847825299427,462.7108252994276
STARLINK-3902,52487,26,260.26317088,53.1593,258.5008,0.0001029,78.2048,281.907,15.34393105,6840.860733676902,462.72373367690216
STARLINK-3892,52488,26,260.27025316,53.1591,268.8839,0.0001327,94.8635,265.2519,15.3354349,6843.387153215143,465.25015321514365
STARLINK-3923,52489,26,260.21256614,53.1595,269.1545,0.0001362,86.765,273.3508,15.33546544,6843.378067647494,465.2410676474947
STARLINK-3908,52491,26,260.19989223,53.1563,265.2233,0.0007264,356.8281,3.2674,15.33645103,6843.084873469342,464.9478734693421
STARLINK-3916,52492,26,260.24005377,53.1592,258.6091,0.0001355,79.5757,280.5399,15.34392307,6840.863105519864,462.7261055198642
STARLINK-3857,52494,26,260.25796167,53.1584,253.2194,0.0001158,84.1032,276.0102,15.34393383,6840.859907396252,462.7229073962526
STARLINK-3871,52496,26,260.23894808,53.1615,252.6392,0.0001415,74.607,285.5089,15.34404455,6840.826999040293,462.6899990402935
STARLINK-3884,52497,26,260.56144821,53.1587,257.8066,0.0001468,87.5022,272.6148,15.33815255,6842.57877770474,464.44177770474016
STARLINK-3925,52498,26,260.2599819,53.1599,252.5379,0.0001019,84.3492,275.7626,15.34390114,6840.869623640247,462.73262364024686
STARLINK-3907,52501,26,260.35959401,53.1574,258.7482,0.0001252,88.0405,272.0741,15.33549136,6843.370356541046,465.2333565410463
STARLINK-3958,52535,26,259.73280497,53.1599,339.4996,0.0001068,86.3946,273.7178,15.33548263,6843.372953682111,465.23595368211136
STARLINK-3964,52536,26,260.20330603,53.1602,336.7884,9.7e-05,72.4072,287.7036,15.34405006,6840.82536136059,462.68836136059053
STARLINK-3897,52537,26,260.19920021,53.1616,337.5049,0.0001086,78.7654,281.3471,15.34388574,6840.874200897767,462.73720089776725
STARLINK-3933,52538,26,260.48224963,53.1622,331.5822,0.0001038,83.262,276.8501,15.34384607,6840.885991829514,462.7489918295141
STARLINK-3757,52539,26,260.50520592,53.1604,335.903,0.0001104,83.0861,277.0267,15.3355011,6843.367458931815,465.2304589318155
STARLINK-3940,52540,26,260.50596914,53.1618,336.0598,0.0001105,82.0045,278.1083,15.34389311,6840.872010352142,462.7350103521421
STARLINK-3937,52542,26,260.48437574,53.1608,331.7532,0.0001248,81.7016,278.4129,15.34386461,6840.880481264215,462.743481264215
STARLINK-3926,52543,26,260.51437566,53.1614,336.0346,0.0001088,75.1852,284.9271,15.34388537,6840.874310870931,462.73731087093165
STARLINK-3948,52546,26,260.22593764,53.1593,333.058,0.0001057,87.7071,272.4053,15.34398349,6840.845147331438,462.70814733143834
STARLINK-3931,52548,26,260.51632523,53.1611,335.7025,0.0001058,78.9304,281.1818,15.33551854,6843.362270612475,465.22527061247547
STARLINK-3965,52550,26,260.48904729,53.1601,335.4492,0.0001129,82.3878,277.7253,15.34413956,6840.798760348408,462.6617603484083
STARLINK-3969,52551,26,259.88700676,53.1609,338.7223,7.76e-05,79.549,280.56,15.33550762,6843.365519260819,465.22851926081967
STARLINK-3943,52557,26,260.21391626,53.1618,337.4368,0.0003444,325.1237,34.9539,15.34370379,6840.928281477785,462.79128147778556
STARLINK-3955,52561,26,259.84512873,53.1618,342.5112,4.68e-05,50.5859,309.5185,15.34397421,6840.847905549341,462.7109055493411
STARLINK-3957,52562,26,260.19434464,53.1629,323.2103,8.49e-05,77.9995,282.1103,15.34394311,6840.857149166251,462.72014916625085
STARLINK-3911,52565,26,259.83659851,53.1611,335.031,0.0001351,87.2147,272.901,15.33546475,6843.378272920301,465.2412729203015
STARLINK-3929,52567,26,260.19014209,53.1605,323.2266,0.000117,77.0814,283.0319,15.34392284,6840.863173881283,462.7261738812831
STARLINK-3930,52568,26,260.19226153,53.1644,323.3522,0.0001155,82.533,277.5804,15.34392652,6840.862080098782,462.7250800987822
STARLINK-3932,52576,26,260.48014696,53.1622,331.5773,9.88e-05,80.4661,279.6453,15.34391142,6840.866568176502,462.72956817650265
STARLINK-3836,52577,26,260.20807815,53.1612,338.7554,0.0001233,78.1394,281.9747,15.34384169,6840.887293679895,462.75029367989555
STARLINK-3833,52578,26,259.74589568,53.1617,341.5142,0.0001343,86.0174,274.0982,15.3438372,6840.88862822579,462.7516282257902
STARLINK-4000,52605,26,260.35680093,53.1611,130.0848,0.0001375,94.1462,265.9698,15.34391275,6840.866172868699,462.7291728686996
STARLINK-3997,52609,26,260.05212119,53.1604,131.4973,0.0001431,89.5396,270.577,15.34391034,6840.866889178369,462.7298891783694
STARLINK-4002,52612,26,258.94691517,53.1611,136.6634,0.0001238,75.2704,284.8436,15.3440387,6840.828737775715,462.6917377757154
STARLINK-3741,52619,26,259.0361252,53.1617,120.5105,9.14e-05,102.7825,257.328,15.34392519,6840.862475405995,462.725475405995
STARLINK-3990,52626,26,260.0000463,53.1583,117.8271,9.48e-05,85.9864,12.9133,15.34371259,6840.925665849428,462.78866584942807
STARLINK-3794,52631,26,260.015314,53.1602,116.318,0.0001168,89.3703,270.7434,15.34392445,6840.862695351385,462.7256953513852
STARLINK-3941,52638,26,260.01733913,53.1608,115.7117,0.0001469,94.4494,265.6676,15.34395699,6840.85302371536,462.7160237153603
STARLINK-3968,52639,26,260.29104136,53.1594,107.0546,0.0001104,91.3532,268.7597,15.34386003,6840.88184255709,462.7448425570901
STARLINK-3832,52646,26,259.99546878,53.1595,108.1431,0.0001173,85.2468,274.8668,15.3356237,6843.330986207271,465.19398620727134
STARLINK-3854,52648,26,259.55025909,53.1596,110.3775,0.000136,92.2403,267.8755,15.33550636,6843.365894105107,465.22889410510743
STARLINK-3891,52650,26,260.53305627,53.161,97.2656,0.0001262,88.5603,271.5545,15.34389256,6840.872173825635,462.7351738256357
STARLINK-3960,52659,26,259.27147932,53.1612,7.4484,9.85e-05,95.9866,264.1249,15.33551258,6843.364043683804,465.22704368380437
STARLINK-3972,52669,26,260.57860468,53.1538,1.1962,0.0002068,89.3985,270.7255,15.34392477,6840.862600239863,462.7256002398635
STARLINK-4030,52698,26,259.88307967,53.1609,4.4401,0.0001453,82.8684,277.2484,15.34582414,6840.298121064012,462.16112106401215
STARLINK-3987,52699,26,259.89193317,53.1605,346.3313,0.0001159,77.3655,282.7477,15.34725399,6839.87325669189,461.73625669189005
STARLINK-4034,52700,26,260.3537998,53.1653,2.4812,6.25e-05,81.2059,278.9014,15.34392562,6840.862347599897,462.72534759989685
STARLINK-4033,52702,26,260.58336806,53.1597,1.3687,0.0001239,82.695,164.2766,15.34380318,6840.89873988422,462.76173988422033
STARLINK-4036,52837,26,260.33353182,53.1591,242.8555,0.0001361,82.9755,277.1402,15.34385554,6840.883177100329,462.7461771003291
STARLINK-4065,52841,26,260.32714728,53.1592,242.3094,0.0001185,74.9511,285.1623,15.34395852,6840.85256896503,462.7155689650299
STARLINK-4046,52842,26,260.19483607,53.1593,243.3766,9.01e-05,97.8819,262.2286,15.34390621,6840.868116713636,462.73111671363586
STARLINK-4208,52844,26,260.24412306,53.1577,242.4321,0.0001155,78.7738,281.3394,15.33550287,6843.366932364553,465.22993236455295
STARLINK-4206,52847,26,260.23734881,53.16,244.7287,0.0001152,83.3131,276.8003,15.34389951,6840.870108115842,462.7331081158427
STARLINK-4202,52848,26,260.58336806,53.1599,243.6405,0.0001009,81.4882,19.0368,15.34402609,6840.832485720271,462.6954857202709
STARLINK-3809,52851,26,260.33705643,53.1594,228.4174,0.0001433,96.3866,263.7299,15.3438956,6840.871270263175,462.73427026317495
STARLINK-4184,52852,26,260.36485755,53.1579,232.0228,0.000143,115.6144,244.5007,15.34440808,6840.7189529192765,462.5819529192768
STARLINK-4201,52856,26,260.33313529,53.1598,232.7305,0.0001304,95.7882,264.3269,15.33551148,6843.364370928638,465.22737092863827
STARLINK-4199,52857,26,260.14013221,53.1603,233.7758,0.0001347,79.8096,280.3058,15.34389403,6840.871736905593,462.7347369055933
STARLINK-4198,52858,26,260.19606662,53.1596,233.3282,0.0001267,81.9797,278.1349,15.33556526,6843.348371677019,465.2113716770191
STARLINK-4196,52859,26,260.36458612,53.1591,232.3757,0.0001225,87.8645,272.2497,15.33545507,6843.38115269115,465.2441526911507
STARLINK-4010,52862,26,260.30553816,53.1586,228.5427,0.0001224,90.3721,269.7422,15.34385059,6840.884648368126,462.74764836812665
STARLINK-4270,52863,26,260.19047338,53.1603,232.8527,0.0001288,88.3914,271.7236,15.34387817,6840.876450890148,462.73945089014796
STARLINK-4267,52864,26,260.19467348,53.16,232.8187,0.0001184,77.413,282.7005,15.34388652,6840.873969062462,462.73696906246187
STARLINK-4274,52865,26,260.31234395,53.1618,232.2897,0.0001355,95.8155,264.3002,15.3438616,6840.88137591295,462.7443759129501
STARLINK-4272,52866,26,260.31102466,53.1554,232.9081,0.0001697,99.2786,260.8408,15.33561085,6843.334808978195,465.1978089781951
STARLINK-4126,52867,26,260.34335472,53.1588,228.3443,0.0001388,74.6837,285.4319,15.34392372,6840.862912324558,462.7259123245585
STARLINK-4266,52869,26,260.37741288,53.1583,220.0233,0.0001121,92.3935,267.7196,15.34397888,6840.84651752339,462.7095175233899
STARLINK-4207,52871,26,260.60384753,53.1586,217.3109,0.0001025,94.8085,265.3035,15.34383472,6840.889365347189,462.75236534718897
STARLINK-4211,52873,26,260.17306013,53.1588,218.9703,0.0001668,100.0589,260.0602,15.34389294,6840.872060880311,462.7350608803117
STARLINK-4193,52875,26,260.16885616,53.1564,218.9848,0.00011,89.5791,270.5338,15.3439332,6840.860094646881,462.7230946468817
STARLINK-4214,52877,26,260.31023963,53.1599,220.8293,0.0001029,78.1633,281.9485,15.34394841,6840.855573885278,462.7185738852786
STARLINK-4171,52878,26,260.35796043,53.1587,218.0729,0.0001142,82.3021,277.8111,15.34386904,6840.87916455581,462.74216455581063
STARLINK-4139,52879,26,260.26761876,53.1584,218.5752,0.0001713,86.839,273.2808,15.34389954,6840.870099199114,462.7330991991139
STARLINK-4186,52880,26,260.59960961,53.1586,217.051,0.0001231,86.6888,273.4255,15.34384148,6840.887356097393,462.7503560973937
STARLINK-4291,52988,26,259.12709625,53.1601,304.3363,0.0001222,83.0305,277.0836,15.33548123,6843.373370176898,465.23637017689816
STARLINK-4285,52991,26,259.76092407,53.1595,311.5457,0.0001436,79.4132,280.7033,15.34388844,6840.873398391025,462.73639839102543
STARLINK-4256,52994,26,259.39725697,53.1604,302.5481,0.0001584,87.0104,273.1079,15.34386545,6840.8802315948515,462.74323159485175
STARLINK-4295,52996,26,258.54637305,53.1595,307.2203,0.0001218,64.6945,295.4184,15.34390593,6840.868199936384,462.73119993638466
STARLINK-4254,52998,26,260.36589461,53.1595,298.0391,0.0001151,78.556,281.5572,15.34389648,6840.871008705676,462.7340087056764
STARLINK-4217,52999,26,260.08854178,53.1591,299.3184,0.0001304,79.2455,280.8694,15.3438941,6840.871716099878,462.7347160998779
STARLINK-4194,53000,26,259.77756878,53.1598,300.7728,0.0001198,82.9859,277.128,15.34389193,6840.872361077103,462.73536107710333
STARLINK-4255,53003,26,260.40371545,53.1593,297.8506,0.0001199,85.8117,274.3022,15.34391473,6840.865584365458,462.7285843654581
STARLINK-4288,53005,26,260.39960236,53.1597,298.5711,7.54e-05,52.76,307.3471,15.34358658,6840.963120102545,462.82612010254525
STARLINK-4263,53010,26,260.26512552,53.1597,299.1928,7.52e-05,67.7301,292.3781,15.34389934,6840.870158643977,462.73315864397773
STARLINK-4265,53011,26,260.40316073,53.1607,295.8696,0.0001104,81.1884,278.9243,15.34388562,6840.8742365647395,462.73723656473976
STARLINK-4282,53019,26,260.3688283,53.16,298.0566,0.000116,75.8698,284.2434,15.33551674,6843.362806103696,465.2258061036964
STARLINK-4216,53022,26,260.3585324,53.1595,292.3204,0.0001136,77.9526,282.1604,15.3438712,6840.878522549232,462.7415225492323
STARLINK-4218,53025,26,260.27570685,53.1603,296.9626,0.0001172,87.4197,272.6939,15.33549102,6843.370457689678,465.2334576896783
STARLINK-4158,53027,26,260.39957216,53.1599,288.006,0.0001481,50.1175,309.9957,15.34767515,6839.748126157232,461.6111261572323
STARLINK-4143,53029,26,260.26238213,53.16,285.0297,9.31e-05,77.5109,282.5998,15.34385974,6840.881928752515,462.7449287525151
STARLINK-4160,53030,26,260.34060056,53.1581,288.2705,0.000125,79.426,280.6884,15.34390941,6840.867165596674,462.73016559667394
STARLINK-4115,53032,26,260.2628605,53.1588,288.5343,0.0001179,89.1291,270.9847,15.34394024,6840.858002196138,462.7210021961382
STARLINK-4167,53033,26,260.3469329,53.1649,288.4373,5.4e-05,359.1305,0.9697,15.34388496,6840.874432733091,462.73743273309174
STARLINK-4155,53036,26,260.58336806,53.1589,288.5915,0.0001089,48.4923,316.527,15.35112935,6838.722067268351,460.58506726835094
STARLINK-4156,53038,26,260.25024046,53.1589,288.7433,0.0001336,86.9323,273.1832,15.34419172,6840.78325757611,462.64625757611066
STARLINK-4150,53134,26,260.36179717,53.1615,20.2818,9.29e-05,83.7494,276.3615,15.34397233,6840.848464326583,462.71146432658315
STARLINK-4023,53135,26,260.61756568,53.1612,16.8453,0.0001123,81.2109,278.902,15.34393388,6840.859892535092,462.7228925350919
STARLINK-4185,53139,26,260.37280762,53.1611,24.0148,0.0001143,83.6151,276.4982,15.34392578,6840.862300044141,462.7253000441415
STARLINK-4103,53141,26,259.81073291,53.162,20.7407,0.0001051,100.0121,260.1,15.343947,6840.855992969373,462.7189929693732
STARLINK-4101,53142,26,260.59034115,53.1626,17.6635,0.0001378,80.8034,279.3125,15.34386278,6840.881025186833,462.7440251868329
STARLINK-4100,53144,26,260.32208657,53.1596,18.8765,0.0001449,88.2312,271.8856,15.33544206,6843.385023131745,465.24802313174496
STARLINK-4094,53147,26,259.85274878,53.1592,20.4482,9.51e-05,85.2346,274.8765,15.34389028,6840.8728514976765,462.7358514976768
STARLINK-4021,53149,26,260.58023603,53.1628,9.1872,0.0001136,82.7864,277.3268,15.3438829,6840.875045016223,462.7380450162236
STARLINK-4098,53153,26,260.3612262,53.1688,18.115,0.0001215,97.0941,263.02,15.34401942,6840.834468179934,462.69746817993473
STARLINK-4088,53155,26,260.35072924,53.1616,18.1244,0.0001036,85.7782,274.3339,15.34390777,6840.867653044075,462.73065304407555
STARLINK-4087,53156,26,260.34859887,53.162,18.1022,8.04e-05,98.0975,262.0119,15.34584305,6840.292501732723,462.1555017327237
STARLINK-4096,53160,26,260.58336806,53.1602,17.0105,0.0001216,78.6502,162.103,15.34387846,6840.876364694896,462.7393646948967
STARLINK-4104,53163,26,259.81705667,53.1614,20.8252,0.0001178,84.1364,275.9773,15.34408384,6840.815321305722,462.6783213057224
STARLINK-4116,53164,26,260.32398171,53.16,20.2949,0.0002558,91.7905,268.3391,15.34349127,6840.9914496619,462.8544496619006
STARLINK-4110,53166,26,260.58336806,53.1597,347.356,8.45e-05,108.5428,179.8493,15.35079339,6838.82184620168,460.68484620168056
STARLINK-4105,53168,26,260.59931325,53.165,17.1912,0.0001381,87.2314,272.8847,15.33553566,6843.357177501222,465.2201775012227
STARLINK-4292,53175,26,260.58336806,53.1597,23.0129,0.0001275,85.9549,206.93,15.34384699,6840.885718381568,462.7487183815683
STARLINK-4276,53179,26,259.78255549,53.16,334.7629,0.0001032,82.3926,277.7194,15.34386066,6840.881655304974,462.744655304974
STARLINK-4258,53180,26,260.46730188,53.1611,331.9223,0.0001108,78.6042,281.5085,15.33548688,6843.371689323324,465.23468932332435
STARLINK-4278,53182,26,260.55600929,53.1608,343.1695,0.0002241,12.5527,347.5531,15.34691444,6839.974144307196,461.83714430719647
STARLINK-4056,53242,26,260.14928578,53.1618,51.3882,9.62e-05,86.3357,273.7755,15.34389073,6840.872717746603,462.73571774660286
STARLINK-4059,53250,26,259.9222241,53.1603,42.0993,0.0001099,95.0913,265.0215,15.34389401,6840.871742850082,462.7347428500825
STARLINK-4129,53251,26,260.36557678,53.1597,40.0257,0.0001581,89.3546,270.7638,15.34386537,6840.880255372886,462.74325537288587
STARLINK-4133,53253,26,260.58336806,53.1587,38.978,0.0001308,87.55,70.1739,15.33566956,6843.31734327223,465.18034327222995
STARLINK-4062,53261,26,260.40341855,53.1615,39.8912,0.0001144,79.9617,280.1515,15.34366187,6840.940741414463,462.80374141446373
STARLINK-4085,53262,26,260.38862511,53.1604,40.4289,0.0001314,75.9667,284.1482,15.33550032,6843.367690978437,465.23069097843745
STARLINK-4130,53263,26,260.39498313,53.1621,39.8971,0.0001105,77.1501,282.9625,15.34393963,6840.858183502175,462.72118350217534
STARLINK-3950,53264,26,259.88030174,53.1607,42.9744,6.93e-05,55.3694,304.7374,15.34381967,6840.893838608316,462.7568386083167
STARLINK-4058,53266,26,259.14264331,53.1608,46.3198,0.0001026,67.003,293.1081,15.33552927,6843.35907849199,465.22207849199003
STARLINK-4060,53267,26,259.14478798,53.1613,45.7425,8.88e-05,83.2696,276.8407,15.34389321,6840.87198062969,462.73498062969065
STARLINK-4109,53268,26,259.87602211,53.1612,42.4681,0.0001255,62.8213,297.2917,15.34408628,6840.8145960930015,462.67759609300174
STARLINK-4122,53272,26,260.38862105,53.1607,27.9144,0.0001117,84.1685,275.9445,15.34390847,6840.867444987247,462.7304449872472
STARLINK-4051,53273,26,260.36979486,53.1647,28.7089,0.0001491,88.9488,271.1685,15.34390426,6840.868696300696,462.73169630069606
STARLINK-4050,53274,26,260.37550367,53.158,28.6192,0.0001084,77.8368,282.2756,15.33551275,6843.363993109607,465.22699310960706
STARLINK-4179,53275,26,260.36572108,53.158,28.7095,0.0001974,109.7752,250.3464,15.35298036,6838.172389094672,460.0353890946726
STARLINK-4174,53276,26,260.63445642,53.1624,26.7698,8.52e-05,70.7727,289.3368,15.34388396,6840.874729957896,462.7377299578966
STARLINK-4164,53282,26,259.88727697,53.1616,30.831,0.000104,78.9176,281.1944,15.33561438,6843.333758831254,465.19675883125456
STARLINK-4107,53287,26,260.38928779,53.1612,28.5893,0.0001227,88.7937,271.3206,15.33548361,6843.372662135797,465.2356621357976
STARLINK-4176,53289,26,259.86643566,53.1608,26.4016,0.0001331,84.7886,275.3268,15.34386105,6840.881539387003,462.744539387003
STARLINK-4159,53292,26,259.87173985,53.1637,30.3626,8.18e-05,82.1964,277.9132,15.34388616,6840.87407606337,462.7370760633703
STARLINK-4148,53293,26,260.35546852,53.1623,20.1173,0.0001166,87.0236,273.09,15.34395532,6840.853520076918,462.71652007691864
STARLINK-4528,53399,26,260.58336806,53.1592,335.0322,0.0001255,70.6833,264.6487,15.34373467,6840.9191030111015,462.78210301110175
STARLINK-4525,53401,26,260.23665813,53.1602,337.158,0.0001056,72.8928,287.219,15.33549527,6843.369193332044,465.2321933320445
STARLINK-4499,53402,26,259.73010456,53.1613,335.6603,0.0001075,85.1281,274.9844,15.34386955,6840.87901297091,462.74201297090985
STARLINK-4490,53409,26,260.16644849,53.1595,309.6447,0.0001152,86.6668,273.4467,15.34391175,6840.866470092606,462.7294700926059
STARLINK-4304,53414,26,260.19856179,53.1571,323.28,8.87e-05,70.8788,289.2311,15.34393856,6840.858501530829,462.7215015308293
STARLINK-4481,53418,26,260.17056554,53.1602,308.9607,0.0001129,78.3968,281.7161,15.34391507,6840.86548330936,462.72848330935994
STARLINK-4476,53419,26,260.20699322,53.1619,323.452,0.0001317,65.2997,294.8143,15.34391549,6840.865358475358,462.7283584753586
STARLINK-4552,53420,26,260.18960712,53.1558,321.3602,0.0001507,92.1778,267.9397,15.34386837,6840.879363696769,462.74236369676964
STARLINK-4546,53422,26,260.19171527,53.1589,321.4515,0.0001378,76.6381,283.4775,15.34391837,6840.864502470941,462.72750247094154
STARLINK-4558,53426,26,259.73776021,53.1609,311.2365,0.0001046,82.8679,277.2443,15.34386098,6840.881560192792,462.74456019279205
STARLINK-4557,53432,26,259.80079097,53.1597,310.9215,0.0001466,110.8215,249.2945,15.34389336,6840.871936046012,462.7349360460121
STARLINK-4542,53435,26,259.72513935,53.1613,311.1626,0.000132,84.804,275.3114,15.34383883,6840.888143746915,462.75114374691566
STARLINK-4526,53438,26,259.52341715,53.1612,312.0353,8.65e-05,86.8951,273.2151,15.34388986,6840.872976332017,462.73597633201734
STARLINK-4519,53439,26,259.13049681,53.1601,313.8453,0.0001134,80.3781,279.735,15.3438785,6840.876352805896,462.7393528058965
STARLINK-4120,53537,26,260.25183124,53.1569,284.6134,0.0001752,127.6892,232.427,15.34393323,6840.860085730184,462.7230857301847
STARLINK-4123,53539,26,260.58336806,53.158,283.0102,0.0001091,89.9417,12.3299,15.34379452,6840.90131387496,462.76431387495995
STARLINK-4489,53542,26,260.27590734,53.1586,268.8311,0.0001196,85.2739,274.84,15.34385327,6840.883851802837,462.7468518028372
STARLINK-4297,53543,26,260.25274999,53.1598,268.601,0.0001232,89.8217,270.2927,15.34388837,6840.8734191967515,462.73641919675174
STARLINK-4303,53544,26,260.25487025,53.1587,268.7779,0.0001152,85.806,274.3074,15.34393527,6840.859479394863,462.7224793948635
STARLINK-4475,53545,26,260.27169358,53.1595,268.7621,0.0001298,73.5374,286.5771,15.34387513,6840.877354454318,462.74035445431855
STARLINK-4477,53546,26,260.2274536,53.1585,258.6804,0.0001141,87.0106,273.1027,15.34391637,6840.8650969184255,462.72809691842576
STARLINK-4474,53547,26,260.2654009,53.1598,268.804,0.0001508,89.9249,270.1926,15.34382779,6840.891425126985,462.75442512698555
STARLINK-4514,53551,26,260.23649872,53.1588,272.9577,0.0001222,82.9676,277.1465,15.34397909,6840.846455106821,462.7094551068212
STARLINK-4494,53558,26,260.21288254,53.1592,269.2257,0.000116,76.4472,283.666,15.34388488,6840.874456511075,462.7374565110749
STARLINK-4563,53561,26,260.30370658,53.1589,272.3116,0.0001421,90.5103,269.6062,15.34376451,6840.910233693012,462.7732336930121
STARLINK-4565,53562,26,260.37877047,53.1569,258.2293,0.0001381,95.5598,264.5562,15.3438543,6840.883545660267,462.74654566026766
STARLINK-4561,53563,26,260.3766675,53.1591,258.214,0.0001352,88.1078,272.008,15.34387174,6840.878362047611,462.7413620476109
STARLINK-4577,53564,26,260.25901469,53.1581,258.9006,0.0001388,82.255,277.861,15.34388256,6840.875146072676,462.7381460726765
STARLINK-4575,53565,26,260.38297788,53.158,258.2499,0.0001336,90.8212,269.2944,15.34386963,6840.878989192886,462.74198919288665
STARLINK-4576,53566,26,260.38508372,53.1577,258.2698,0.0001161,80.6181,279.4953,15.34385264,6840.884039055104,462.7470390551043
STARLINK-4583,53568,26,260.27374356,53.1575,258.9906,0.0001153,84.0539,276.0595,15.34389188,6840.872375938332,462.73537593833225
STARLINK-4582,53569,26,260.26742956,53.16,258.9541,0.0001411,77.632,282.4841,15.34390867,6840.867385542443,462.7303855424434
STARLINK-4550,53570,26,260.27340384,53.1555,258.9933,0.0001167,84.0578,276.0557,15.33550262,6843.367006738454,465.230006738454
STARLINK-4584,53571,26,260.27584795,53.1597,259.01,0.0001281,87.8341,272.2808,15.34397622,6840.847308133374,462.7103081333744
STARLINK-4555,53572,26,260.23797878,53.1588,258.7699,0.0001374,86.1489,273.9671,15.34388288,6840.875050960722,462.7380509607219
STARLINK-4559,53574,26,260.37456094,53.1582,258.1978,0.0001149,89.4305,270.683,15.34387979,6840.875969385677,462.7389693856776
STARLINK-4551,53575,26,260.23167137,53.1584,258.733,0.0001224,75.854,284.2599,15.34398204,6840.845578302802,462.7085783028024
STARLINK-4553,53577,26,260.2337704,53.1584,258.7415,0.0001079,84.6985,275.414,15.34387585,6840.87714045225,462.74014045225067
STARLINK-4556,53578,26,260.37245936,53.1592,258.1874,0.000142,78.5031,281.6131,15.34386763,6840.8795836435165,462.7425836435168
STARLINK-4580,53579,26,260.26532934,53.1576,258.9371,0.0001016,85.93,274.1818,15.34389753,6840.870696620057,462.73369662005734
STARLINK-4673,53589,26,259.9803775,53.1594,89.9804,9.52e-05,95.2421,264.869,15.3438672,6840.87971145042,462.74271145041985
STARLINK-4677,53600,26,257.98908756,53.161,101.6857,0.0001404,81.3376,278.7786,15.34384166,6840.88730259668,462.75030259667983
STARLINK-4648,53602,26,260.23460101,53.1603,88.6645,0.0001129,91.5146,268.5986,15.34389561,6840.87126729093,462.7342672909299
STARLINK-4690,53604,26,260.2535333,53.1605,88.7806,0.000129,86.1858,273.9292,15.34390919,6840.867230985955,462.73023098595513
STARLINK-4590,53606,26,260.21041839,53.16,82.8063,9.53e-05,93.9236,266.1876,15.34385266,6840.884033110588,462.74703311058784
STARLINK-4591,53607,26,259.54433547,53.1598,85.8467,0.0001184,93.3581,266.7557,15.34392065,6840.863824800968,462.72682480096864
STARLINK-4647,53608,26,259.98774308,53.1604,84.2563,0.0001197,77.3315,282.7822,15.34390704,6840.867870017642,462.7308700176427
STARLINK-4660,53609,26,259.93725279,53.1597,84.0319,0.0001057,99.7243,260.3879,15.34403905,6840.828633748779,462.69163374877917
STARLINK-4605,53616,26,260.21353886,53.1602,76.8668,0.0001057,88.2632,271.8491,15.34386149,6840.88140860776,462.7444086077603
STARLINK-4609,53619,26,260.2398685,53.161,82.9794,7.2e-05,89.4862,270.6223,15.34390773,6840.867664933037,462.7306649330376
STARLINK-4615,53620,26,260.24196538,53.1601,82.9927,0.0001052,75.6708,284.4412,15.34397624,6840.847302188938,462.71030218893793
STARLINK-4608,53621,26,259.9730327,53.1598,84.164,0.0001209,80.468,279.6459,15.3437724,6840.907888559757,462.7708885597576
STARLINK-4568,53622,26,259.4918193,53.1599,86.1371,0.0001274,97.1058,263.009,15.34388109,6840.875582993263,462.73858299326366
STARLINK-4554,53626,26,259.54837417,53.1602,86.4941,0.0001143,87.2139,272.8994,15.33550573,6843.36608152727,465.22908152726995
STARLINK-4595,53627,26,259.95408093,53.1602,84.0433,8.63e-05,84.8079,275.3022,15.34388844,6840.873398391025,462.73639839102543
STARLINK-4602,53629,26,259.25022004,53.1607,87.4716,9.72e-05,86.4474,273.664,15.34386549,6840.880219705834,462.74321970583424
STARLINK-4593,53633,26,258.89611709,53.1603,83.0526,0.0001223,94.1263,265.988,15.34385445,6840.883501076401,462.7465010764017
STARLINK-4592,53634,26,260.19698528,53.1621,76.9492,0.0001402,71.6361,288.4794,15.34831694,6839.557455412028,461.4204554120279
STARLINK-4586,53636,26,259.53695345,53.1606,79.9466,0.0001018,88.5197,271.5922,15.34387109,6840.878555244008,462.74155524400794
STARLINK-4597,53640,26,260.20937176,53.1593,77.0263,8.83e-05,136.6332,223.474,15.34392804,6840.861628319181,462.72462831918165
STARLINK-4731,53703,26,260.58336806,53.1598,99.1048,0.0001225,106.7829,307.6869,15.34350541,6840.987246726896,462.85024672689633
STARLINK-4667,53707,26,259.53063877,53.1626,79.9311,0.0001132,92.3043,267.8089,15.34396194,6840.851552464565,462.7145524645657
STARLINK-4627,53711,26,258.56324494,53.1589,101.0077,0.0001176,82.115,277.9986,15.34386912,6840.879140777784,462.7421407777847
STARLINK-4683,53712,26,258.97824947,53.16,104.9663,0.0001232,87.9963,272.1181,15.34390871,6840.867373653481,462.73037365348137
STARLINK-4686,53715,26,258.99087949,53.1607,105.0872,0.0001318,94.0318,266.0835,15.34391517,6840.865453586977,462.7284535869776
STARLINK-4699,53716,26,260.29196297,53.1598,100.3886,0.0001203,88.8507,271.2634,15.34390795,6840.867599543746,462.7305995437464
STARLINK-4644,53719,26,259.51598672,53.159,80.4324,9.91e-05,76.5301,283.5812,15.34394583,6840.856340720054,462.7193407200539
STARLINK-4642,53720,26,260.25572908,53.1584,98.7627,0.0001068,101.4874,258.6248,15.34391393,6840.86582214453,462.72882214453057
STARLINK-4707,53721,26,259.97470062,53.1591,101.9658,0.0001062,85.2423,274.8701,15.34395385,6840.853956994051,462.71695699405154
STARLINK-4700,53722,26,260.29407088,53.1601,100.4037,0.0001123,90.5909,269.5223,15.34389346,6840.871906323559,462.7349063235597
STARLINK-4697,53726,26,259.96418385,53.1593,101.9052,8.67e-05,83.9222,276.1879,15.34381423,6840.895455523108,462.75845552310784
STARLINK-4701,53727,26,260.29617595,53.1599,100.4178,0.0001426,82.9907,277.1258,15.34388473,6840.874501094794,462.7375010947944
STARLINK-4640,53728,26,258.87104095,53.1585,105.0581,0.0001121,94.8893,265.2237,15.3439392,6840.858311308079,462.72131130807884
STARLINK-4641,53730,26,259.99308399,53.1598,99.9718,9.91e-05,89.8312,270.2804,15.34388739,6840.8737104769525,462.7367104769528
STARLINK-4661,53732,26,260.27466921,53.1594,98.8891,0.0001204,91.1246,268.9894,15.34383574,6840.889062176267,462.7520621762669
STARLINK-4574,53733,26,257.99308822,53.1593,109.534,0.0001192,85.8542,274.2597,15.33548562,6843.372064168457,465.23506416845703
STARLINK-4616,53734,26,260.28785103,53.1608,101.0705,0.0001181,88.2039,271.9099,15.34382373,6840.892631867384,462.7556318673842
STARLINK-4618,53735,26,260.30621031,53.1587,108.3631,9.51e-05,93.7285,266.3827,15.34386453,6840.88050504225,462.74350504225004
STARLINK-4662,53738,26,260.00157824,53.159,110.007,0.0001349,85.1943,274.9213,15.34356916,6840.9682979310655,462.8312979310658
STARLINK-4637,53742,26,259.99315333,53.1597,109.961,0.0001137,88.2342,271.8791,15.34395508,6840.853591410323,462.7165914103234
STARLINK-4645,53743,26,259.99526126,53.1591,109.9712,0.0001153,88.3283,271.7852,15.34390012,6840.869926809015,462.7329268090152
STARLINK-4656,53745,26,259.99946505,53.1599,109.9985,0.000119,89.318,270.7959,15.34394585,6840.856334775597,462.7193347755974
STARLINK-4589,53746,26,259.97430985,53.1601,110.554,0.0001246,87.4785,272.636,15.3438984,6840.870438034855,462.7334380348557
STARLINK-4612,53750,26,259.97843239,53.158,109.8712,0.0001272,96.0257,264.0891,15.34382694,6840.891677769636,462.75467776963615
STARLINK-4678,53780,26,258.95690425,53.1604,134.8916,0.0001452,89.169,270.9479,15.34384589,6840.886045330202,462.74904533020253
STARLINK-4666,53789,26,258.6333156,53.1588,136.4239,0.0001895,88.4213,271.7007,15.34402735,6840.832111222805,462.6951112228053
STARLINK-4710,53799,26,260.27933562,53.159,109.1083,0.000111,94.372,265.7409,15.33550437,6843.366486121189,465.22948612118944
STARLINK-4715,53801,26,260.28519857,53.1604,108.4417,0.0001242,89.6945,270.42,15.34390424,6840.8687022451795,462.7317022451798
STARLINK-4726,53802,26,260.02676083,53.1591,109.6679,0.0001343,74.9796,285.1355,15.34389373,6840.871826072943,462.7348260729432
STARLINK-4727,53803,26,260.58336806,53.16,99.015,0.0001274,88.9028,163.0411,15.34390676,6840.867953240384,462.7309532403842
STARLINK-4729,53804,26,260.30145805,53.1603,106.3431,0.0001173,88.2341,271.8796,15.34386906,6840.879158611304,462.74215861130415
STARLINK-4748,53823,26,259.02395472,53.1603,112.2932,0.0001284,89.4786,270.6364,15.34391295,6840.866113423922,462.7291134239222
STARLINK-4756,53826,26,260.58336806,53.1585,153.4295,0.0001077,111.9093,242.0704,15.34374284,6840.916674646019,462.779674646019
STARLINK-4761,53830,26,259.16620493,53.1604,160.2167,0.000115,96.793,263.3204,15.34392371,6840.862915296793,462.7259152967936
STARLINK-4649,53831,26,258.91820298,53.1615,160.8066,0.0001201,70.5266,289.5867,15.34385196,6840.884241168677,462.74724116867765
STARLINK-4747,53832,26,260.42261728,53.1607,153.8451,0.000165,86.8493,273.2698,15.34414227,6840.7979548916255,462.6609548916258
STARLINK-4762,53866,26,259.29558621,53.159,113.347,0.0001184,89.9271,270.1867,15.3439243,6840.862739934913,462.7257399349137
STARLINK-4732,53870,26,258.89845936,53.1604,115.134,0.000128,82.5136,277.6012,15.34400012,6840.840204540576,462.70320454057673
STARLINK-4740,53871,26,259.0959735,53.1603,114.2381,0.00012,84.1586,275.9553,15.34389702,6840.870848204497,462.733848204497
STARLINK-5028,53886,26,260.24265025,53.1617,178.5936,0.0001572,105.2724,254.8453,15.34276781,6841.206497552491,463.06949755249116
STARLINK-5044,53898,26,260.50107086,53.1612,177.3577,0.0001698,87.0328,273.0869,15.33543633,6843.386727793327,465.2497277933271
STARLINK-5045,53900,26,260.25529318,53.16,178.6653,0.0001369,114.9261,245.1884,15.34283168,6841.187511567318,463.0505115673186
STARLINK-4787,53904,26,260.19272372,53.1599,171.2602,0.000101,94.0254,266.0864,15.34379997,6840.899693984432,462.7626939844322
STARLINK-4796,53909,26,260.46377286,53.1606,169.9861,0.0001093,95.8188,264.2939,15.34386939,6840.879060526955,462.74206052695536
STARLINK-4633,53964,26,259.50334845,53.1607,80.2229,0.000121,81.9822,278.1317,15.3438692,6840.879116999762,462.7421169997624
STARLINK-4635,53966,26,260.22827963,53.1606,76.9236,0.000128,88.1272,271.9878,15.34708574,6839.923246924225,461.78624692422545
STARLINK-4634,53967,26,260.22194444,53.1601,76.8835,0.0001144,84.6137,275.4997,15.34392281,6840.86318279799,462.7261827979901
STARLINK-4629,53968,26,258.78474808,53.1603,83.5571,0.0001179,87.516,272.5977,15.34390299,6840.8690737754105,462.73207377541075
STARLINK-4468,53969,26,259.50682507,53.1599,80.246,8.3e-05,81.5519,278.5577,15.33552721,6843.359691331235,465.2226913312352
STARLINK-5159,53974,26,259.89143066,53.1603,54.9263,0.0001165,91.2773,268.8363,15.34386356,6840.880793350949,462.7437933509491
STARLINK-5134,53976,26,259.89766968,53.1612,54.2778,0.0001136,89.273,270.8403,15.34385515,6840.883293018369,462.7462930183692
STARLINK-5113,53988,26,259.45286914,53.1609,70.6432,0.0001099,95.7757,264.3371,15.3438945,6840.871597210084,462.73459721008385
STARLINK-5108,53992,26,259.46339099,53.1606,70.7085,0.0001397,91.9521,268.1642,15.34388389,6840.874750763633,462.7377507636329
STARLINK-5097,53995,26,260.18408816,53.1602,67.3878,0.0001024,94.6101,265.5018,15.3438618,6840.881316467841,462.7443164678416
STARLINK-5130,53997,26,259.8929722,53.1604,52.8253,9.55e-05,86.8205,273.2907,15.34391818,6840.864558943447,462.72755894344755
STARLINK-5079,53999,26,259.47180456,53.1599,70.7594,0.0001216,81.7069,278.4071,15.34388358,6840.87484290333,462.7378429033306
STARLINK-5088,54000,26,259.91027859,53.1603,54.3489,0.0001227,86.0847,274.0296,15.34407578,6840.8177168868115,462.68071688681175
STARLINK-5145,54008,26,260.15609347,53.1624,53.0375,0.0001002,79.5606,280.5509,15.34404968,6840.825474303986,462.68847430398637
STARLINK-5099,54009,26,260.18198904,53.1604,67.3709,0.0001077,90.9077,269.2049,15.34389327,6840.871962796217,462.7349627962176
STARLINK-5127,54010,26,260.16031702,53.1609,53.0664,0.0001122,76.8018,283.311,15.3437405,6840.917370162848,462.78037016284816
STARLINK-5124,54011,26,259.90185868,53.1625,54.298,0.0001172,78.1771,281.9363,15.34393304,6840.860142202599,462.72314220259886
STARLINK-5098,54013,26,260.03837471,53.1626,53.7269,0.0001907,126.0716,234.0463,15.33677897,6842.987324553089,464.8503245530892
STARLINK-5158,54055,26,260.53177697,53.1605,191.887,0.00012,106.1123,254.0011,15.33545996,6843.379697930498,465.24269793049825
STARLINK-5173,54059,26,260.22223625,53.1583,192.8033,0.0001186,103.0662,257.0473,15.34406144,6840.82197900525,462.68497900525017
STARLINK-5209,54061,26,259.46302185,53.1631,160.9083,0.0001378,87.5207,272.5953,15.34386447,6840.8805228757765,462.74352287577676
STARLINK-5168,54071,26,260.58336806,53.1602,191.042,9.67e-05,90.629,140.2991,15.3437584,6840.912049760829,462.77504976082946
STARLINK-5146,54073,26,260.28322629,53.1615,193.1049,0.0001274,57.4184,302.6942,15.34405001,6840.825376221563,462.688376221563
STARLINK-5211,54086,26,260.17797895,53.1631,171.0887,0.0001443,96.0247,264.092,15.34393735,6840.858861170752,462.72186117075216
STARLINK-5161,54163,26,260.24024623,53.1597,208.9564,0.0001292,87.3713,272.7438,15.34388292,6840.875039071726,462.73803907172623
STARLINK-5278,54164,26,260.26131007,53.1585,209.0846,0.0001149,83.1452,276.9682,15.34366292,6840.940429320891,462.80342932089115
STARLINK-5280,54166,26,260.13311546,53.1583,209.7054,9.27e-05,54.6676,305.4413,15.34401057,6840.837098582156,462.700098582156
STARLINK-5245,54168,26,260.58275197,53.1601,207.5322,0.0001135,87.1248,272.9885,15.3439195,6840.864166608171,462.7271666081715
STARLINK-5282,54169,26,260.59117115,53.1594,207.5893,0.0001289,86.1396,273.9754,15.34388083,6840.875660271743,462.73866027174336
STARLINK-5155,54170,26,260.56381988,53.1594,207.4192,0.0001178,96.3925,263.7211,15.34387416,6840.877642762686,462.74064276268655
STARLINK-5117,54172,26,260.1380582,53.159,209.7405,0.00013,89.9628,270.1523,15.33551556,6843.363157147997,465.2261571479976
STARLINK-5242,54173,26,260.25497344,53.1601,209.0426,0.000106,74.7504,285.3616,15.34383738,6840.8885747250515,462.7515747250518
STARLINK-5256,54175,26,260.12890813,53.1597,209.6805,0.0001268,89.1981,270.9167,15.34380097,6840.899396756915,462.7623967569152
STARLINK-5154,54176,26,260.14775385,53.1589,209.0912,0.0001333,87.1227,272.9928,15.34392148,6840.863578105362,462.726578105362
STARLINK-5186,54177,26,260.57014188,53.1611,207.4574,0.0001311,111.6406,248.4737,15.34414594,6840.7968641073585,462.65986410735877
STARLINK-5164,54178,26,260.56803236,53.1577,207.4261,0.0001486,91.0657,269.0516,15.34388591,6840.874150369558,462.73715036955855
STARLINK-5122,54179,26,260.14565125,53.16,209.0773,0.0001412,91.0646,269.0518,15.34398347,6840.84515327587,462.70815327587025
STARLINK-5227,54181,26,260.57223806,53.1586,207.4684,0.0001076,98.7785,261.334,15.34383316,6840.889829020427,462.75282902042727
STARLINK-5239,54183,26,260.25076353,53.159,209.0161,0.0001046,91.2641,268.8482,15.34384491,6840.886336611746,462.749336611746
STARLINK-5235,54185,26,260.57434239,53.1595,207.4819,0.000118,100.5737,259.5399,15.34380988,6840.896748461174,462.75974846117424
STARLINK-5240,54187,26,260.25286754,53.1594,209.0379,0.0001339,83.4331,276.6824,15.34389212,6840.872304604437,462.73530460443726
STARLINK-5238,54188,26,260.54173368,53.1634,201.514,0.0001077,159.2407,200.8639,15.34414464,6840.7972504886575,462.66025048865777
STARLINK-5281,54190,26,260.5758619,53.161,203.1249,0.0001248,107.5356,252.5783,15.34390832,6840.867489570852,462.7304895708521
STARLINK-5268,54192,26,260.11570024,53.1625,205.2326,0.00012,90.865,269.249,15.34392918,6840.861289484529,462.72428948452944
STARLINK-5263,54193,26,260.56955374,53.1601,203.0887,0.0001399,93.0094,267.1069,15.34392726,6840.861860153441,462.7248601534411
STARLINK-5271,54194,26,260.3131445,53.1608,204.3297,0.0001385,116.5135,243.601,15.34607832,6840.222589420473,462.0855894204733
STARLINK-5258,54195,26,260.56066539,53.1624,201.63,0.0001035,90.4674,269.6448,15.3439002,6840.869903031071,462.73290303107115
STARLINK-5199,54201,26,260.53331374,53.16,201.4559,0.0001243,88.828,271.2865,15.34393789,6840.8587006702855,462.7217006702858
STARLINK-5262,54207,26,260.14578636,53.16,205.4159,0.0001193,87.9594,272.1545,15.33549262,6843.369981696146,465.23298169614645
STARLINK-5191,54763,26,260.58336806,53.1607,259.5983,0.0001178,65.2987,282.3306,15.33556977,6843.347029981292,465.2100299812919
STARLINK-5458,54764,26,260.27683727,53.1585,252.795,0.000126,92.7606,267.3541,15.34389194,6840.872358104858,462.7353581048583
STARLINK-5448,54770,26,260.22837604,53.1588,233.3173,0.0001081,80.6517,279.4607,15.34385128,6840.884443282265,462.7474432822655
STARLINK-5452,54772,26,260.20580471,53.1575,235.2827,0.0001258,82.1911,277.9234,15.34386979,6840.878941636842,462.74194163684206
STARLINK-5453,54773,26,260.21801183,53.1592,253.1282,0.0001194,83.5142,276.5997,15.34387925,6840.876129887159,462.7391298871589
STARLINK-5454,54774,26,260.21001233,53.1587,235.316,0.0001314,87.2865,272.8288,15.34391052,6840.866835678055,462.7298356780557
STARLINK-5465,54775,26,260.20538529,53.1591,253.053,0.0001139,93.9553,266.158,15.34392694,6840.861955264939,462.7249552649391
STARLINK-5468,54777,26,260.26420545,53.1596,252.7127,0.0001374,87.0808,273.0352,15.3439495,6840.855249912511,462.71824991251106
STARLINK-5450,54778,26,260.33186845,53.1594,234.6485,0.0001404,84.2168,275.8995,15.34387009,6840.878852469259,462.74185246925936
STARLINK-5447,54779,26,260.32345149,53.1575,234.5958,0.0001479,93.053,267.0642,15.34395701,6840.853017770911,462.7160177709111
STARLINK-5449,54780,26,260.32766022,53.1574,234.6193,0.0001496,88.4095,271.7079,15.34387266,6840.878088600427,462.74108860042725
STARLINK-5443,54781,26,260.24990553,53.1585,234.8446,0.0001267,88.9841,271.1307,15.34386079,6840.881616665649,462.7446166656491
STARLINK-5442,54784,26,260.22432263,53.1604,253.1768,0.0001225,82.4637,277.6505,15.34391417,6840.865750810805,462.72875081080565
STARLINK-5440,54785,26,260.11566781,53.1589,195.5147,0.0001271,72.0261,288.088,15.34381682,6840.8946857051,462.7576857050999
STARLINK-5441,54787,26,260.58336806,53.1588,251.5213,0.0001295,77.7808,95.0933,15.34399139,6840.84279928175,462.70579928174993
STARLINK-5399,54788,26,260.23096261,53.1588,234.7314,0.0001342,90.009,270.1066,15.34391359,6840.865923200641,462.7289232006415
STARLINK-5445,54790,26,260.3192423,53.1573,234.5693,0.0001265,88.7512,271.3635,15.343955,6840.853615188124,462.7166151881247
STARLINK-5425,54791,26,260.31083051,53.1587,234.5193,0.0001261,83.6544,276.4602,15.34388179,6840.875374935832,462.7383749358323
STARLINK-5436,54795,26,260.32918883,53.1586,232.5284,0.0001318,89.4455,270.6698,15.34391233,6840.866297702735,462.7292977027355
STARLINK-5415,54796,26,260.30662128,53.1598,234.4937,7.69e-05,72.9326,287.176,15.34408898,6840.813793603739,462.6767936037395
STARLINK-5435,54797,26,260.36090127,53.1593,252.5906,0.0001512,88.1949,271.9226,15.34393473,6840.859639895376,462.72263989537623
STARLINK-5430,54803,26,260.36768532,53.1587,256.1306,0.0001199,83.1695,276.9444,15.34389066,6840.872738552325,462.73573855232553
STARLINK-5422,54804,26,260.30394571,53.1582,232.373,0.0001101,100.6925,259.4202,15.34385681,6840.882799623667,462.74579962366715
STARLINK-5412,54806,26,260.22378907,53.1584,233.2904,0.0001194,84.9081,275.2058,15.33548625,6843.371876745882,465.2348767458825
STARLINK-5410,54807,26,260.36544795,53.1602,234.1493,0.0001245,86.9187,273.1958,15.34386119,6840.881497775425,462.74449777542486
STARLINK-5414,54809,26,260.30184136,53.1584,232.3583,0.0001122,91.4925,268.6206,15.34386077,6840.881622610161,462.74462261016106
STARLINK-5408,54810,26,260.34187039,53.1602,232.5182,0.0001137,72.7166,287.3961,15.33545494,6843.381191365779,465.24419136577944
STARLINK-5424,54811,26,260.30813896,53.1579,232.2926,0.0001319,99.3332,260.782,15.34385295,6840.883946915098,462.7469469150983
STARLINK-30267,57663,26,260.63350159,53.1613,33.2313,7.71e-05,96.2079,263.9011,15.34390777,6840.867653044075,462.73065304407555
STARLINK-30298,57665,26,259.87281786,53.1603,36.321,0.0001391,78.2246,281.8913,15.34393668,6840.859060310234,462.72206031023416
STARLINK-30301,57666,26,258.98214104,53.1582,101.4542,8.89e-05,148.6424,211.4632,15.34084333,6841.778629933241,463.64162993324135
STARLINK-30275,57667,26,260.34978961,53.1513,34.1168,0.0002101,57.5129,302.6077,15.34389036,6840.872827719707,462.73582771970723
STARLINK-30278,57668,26,259.85394942,53.1618,36.7405,0.0001023,88.3814,271.7306,15.34391077,6840.866761372065,462.7297613720657
STARLINK-30322,57670,26,259.90014682,53.162,36.3049,0.0001146,84.4664,275.6469,15.34394964,6840.855208301333,462.7182083013331
STARLINK-30296,57671,26,259.89808098,53.1583,36.4119,9.7e-05,111.2443,248.8663,15.34372326,6840.922494403398,462.78549440339793
STARLINK-30274,57672,26,259.87071707,53.1597,36.3526,0.0001093,99.5675,260.5451,15.34398502,6840.8446925824155,462.7076925824158
STARLINK-30316,57673,26,260.33508996,53.1591,34.1713,9.56e-05,78.788,281.323,15.34396954,6840.849293575997,462.71229357599714
STARLINK-30313,57676,26,260.64030431,53.1638,34.7542,0.0001133,87.9928,272.1204,15.34372706,6840.921364929598,462.78436492959827
STARLINK-30303,57677,26,260.40233233,53.1635,33.9439,0.0001623,85.612,274.5068,15.34381708,6840.894608426084,462.7576084260845
STARLINK-30320,57678,26,259.83648653,53.1609,22.6487,0.0001329,101.7605,258.3547,15.34411957,6840.8047017140625,462.6677017140628
STARLINK-30321,57679,26,260.3960194,53.1592,33.9091,0.0001478,85.4788,274.6384,15.3438917,6840.872429438754,462.7354294387542
STARLINK-30297,57682,26,260.63819509,53.1635,34.738,0.000135,95.7672,264.3484,15.3445389,6840.6800724580335,462.54307245803375
STARLINK-30295,57683,26,259.89174986,53.1598,36.4006,0.0001571,72.8019,287.3155,15.34398027,6840.846104385179,462.70910438517967
STARLINK-30292,57844,26,257.92192726,53.1605,123.5114,0.0001417,91.8305,268.286,15.34391574,6840.865284169409,462.72828416940956
STARLINK-30426,57848,26,260.31939425,53.1598,112.6226,8.02e-05,113.934,246.1747,15.3438378,6840.888449889999,462.7514498899991
STARLINK-30425,57850,26,259.97267447,53.1612,114.0225,0.0001221,107.5473,252.5663,15.34391954,6840.864154719224,462.727154719224
STARLINK-30431,57852,26,259.31081818,53.1628,117.2433,9.91e-05,84.4912,275.6204,15.3439514,6840.854685189431,462.717685189431
STARLINK-30404,57853,26,259.99995494,53.1591,113.7208,9.36e-05,85.8993,274.2117,15.34397214,6840.848520798757,462.7115207987572
STARLINK-30412,57854,26,260.00840385,53.1592,113.7745,0.0001326,85.0797,275.0357,15.34379531,6840.90107906508,462.7640790650803
STARLINK-30392,57855,26,260.01469292,53.1582,113.8124,0.0001136,91.9724,268.1409,15.34395296,6840.854221522146,462.71722152214625
STARLINK-30290,57858,26,258.90946274,53.1593,119.004,0.0001221,96.9925,263.1217,15.34418602,6840.7849517014765,462.6479517014768
STARLINK-30414,57859,26,260.32774868,53.1591,112.2082,0.0001106,107.2693,252.843,15.34390316,6840.869023247296,462.73202324729664
STARLINK-30712,57935,26,260.30591182,53.1607,210.4326,0.0001561,95.9306,264.1875,15.34392489,6840.862564573043,462.7255645730429
STARLINK-30716,57936,26,260.26236112,53.1596,212.9034,0.0001337,96.2203,263.8952,15.34393154,6840.860588037489,462.7235880374892
STARLINK-30400,57937,26,260.14415889,53.1602,211.51,0.0001171,79.4685,280.645,15.3439574,6840.852901854153,462.71590185415334
STARLINK-30710,57938,26,260.54744638,53.1586,199.2156,0.000136,91.0731,269.0428,15.3438318,6840.890233248443,462.7532332484434
STARLINK-30711,57940,26,260.11315713,53.1593,213.4009,0.0001397,91.6181,268.4982,15.34392677,6840.862005792922,462.7250057929223
STARLINK-30715,57941,26,260.0227024,53.1586,203.6134,0.0001662,93.8621,266.2572,15.34392425,6840.862754796089,462.72575479608895
STARLINK-30455,57942,26,260.13809629,53.1579,213.5024,0.0001336,88.5048,271.6107,15.33550892,6843.365132516767,465.2281325167669
STARLINK-30456,57943,26,260.27499279,53.1601,213.0591,0.000142,83.2772,276.8392,15.34398178,6840.845655580432,462.7086555804326
STARLINK-30708,57944,26,260.26180981,53.1602,210.8534,0.0001352,90.5483,269.5675,15.34393873,6840.8584510029095,462.7214510029098
STARLINK-30705,57945,26,260.58960285,53.1613,209.3439,0.0001905,107.4548,252.6663,15.34384438,6840.886494141573,462.74949414157345
STARLINK-30704,57946,26,260.27125467,53.1597,288.4625,0.0001427,79.0811,281.0352,15.34393413,6840.859818229291,462.7228182292911
STARLINK-30706,57947,26,260.56224614,53.1603,209.1682,0.0001597,96.1862,263.9322,15.34391283,6840.866149090786,462.72914909078645
STARLINK-30707,57949,26,260.25127765,53.1591,210.7841,0.0001369,96.2916,263.8243,15.34403851,6840.828794247482,462.691794247482
STARLINK-30701,57950,26,260.15890262,53.1603,211.6121,0.0001519,90.4122,269.7055,15.3436145,6840.954821330082,462.81782133008255
STARLINK-30399,57951,26,260.56855845,53.1596,209.1947,0.0001637,90.3204,269.7987,15.34389759,6840.870678786594,462.7336787865943
STARLINK-30713,57952,26,260.59801085,53.1588,209.3959,0.000108,83.4376,276.675,15.34394598,6840.85629613663,462.71929613662996
STARLINK-30700,57953,26,260.25173293,53.1565,202.5938,0.0001274,86.5501,273.5647,15.34394709,6840.855966219322,462.7189662193223
STARLINK-30703,57954,26,260.11249609,53.1595,201.2667,0.0001254,112.6313,247.4822,15.34395469,6840.853707327109,462.71670732710936
STARLINK-30702,57955,26,260.54962011,53.1625,199.7274,0.000141,87.0986,273.0178,15.34372142,6840.923041306669,462.7860413066692
STARLINK-30514,58028,26,260.25430087,53.1585,266.5764,0.000106,91.3009,268.8115,15.34392998,6840.8610517058505,462.7240517058508
STARLINK-30518,58029,26,260.26903604,53.1588,266.6734,0.0001243,117.2615,242.8514,15.34377,6840.908601908064,462.77160190806444
STARLINK-30549,58030,26,260.23963752,53.1592,267.0171,0.0001101,86.3473,273.7656,15.34395925,6840.8523519926775,462.7153519926778
STARLINK-30556,58031,26,260.23282272,53.1593,274.661,0.000129,93.8498,266.2652,15.34388407,6840.874697263166,462.7376972631664
STARLINK-30561,58032,26,260.21228914,53.1572,266.8466,0.000121,85.6753,274.4388,15.34393861,6840.858486669676,462.72148666967587
STARLINK-30562,58033,26,260.25817168,53.1566,356.8896,0.0001696,87.6465,272.4732,15.34369276,6840.931559933676,462.7945599336763
STARLINK-30565,58034,26,260.27111459,53.158,266.5087,0.0001283,88.8321,271.2829,15.34389043,6840.872806913984,462.73580691398456
STARLINK-30533,58037,26,260.28073739,53.1602,354.8854,0.0003751,116.2424,243.8964,15.34352349,6840.981872686451,462.8448726864517
STARLINK-30560,58038,26,260.28317383,53.1602,264.6131,0.000153,104.9349,255.1824,15.34387431,6840.877598178916,462.7405981789161
STARLINK-30555,58040,26,260.24497918,53.1586,354.6818,0.0002497,85.8169,274.3119,15.34410827,6840.80806027064,462.67106027064074
STARLINK-30542,58041,26,260.23538618,53.1591,266.6265,0.0001242,87.6669,272.4476,15.34391367,6840.865899422733,462.72889942273287
STARLINK-30563,58042,26,260.2810547,53.1585,264.4488,0.0001203,91.6881,268.4259,15.34393401,6840.859853896075,462.7228538960753
STARLINK-30564,58043,26,260.176643,53.1579,267.3375,0.000222,109.2315,250.8927,15.3403185,6841.934678418754,463.797678418754
STARLINK-30547,58044,26,260.52234801,53.1618,353.526,0.0001059,81.642,278.4703,15.34383342,6840.889751741549,462.7527517415492
STARLINK-30550,58045,26,260.49274648,53.1616,187.4601,0.000137,73.2682,286.8471,15.3439231,6840.863096603158,462.7260966031581
STARLINK-30548,58046,26,260.23867073,53.1623,354.6447,0.0001565,88.0789,272.0393,15.34380654,6840.897741200243,462.7607412002435
STARLINK-30529,58047,26,260.30015421,53.1596,356.4361,0.0001684,79.0864,281.0328,15.34367555,6840.936675283853,462.7996752838535
STARLINK-30554,58048,26,260.28963265,53.1603,356.3815,0.0001349,92.867,267.2487,15.34379482,6840.9012247066485,462.76422470664875
STARLINK-30594,58097,26,259.80949312,53.1616,354.9156,0.0001154,62.8242,297.2879,15.34398533,6840.844600443735,462.7076004437349
STARLINK-30614,58098,26,260.27808227,53.1631,352.8652,0.0001279,76.9552,283.1593,15.34382628,6840.891873939239,462.7548739392396
STARLINK-30607,58099,26,259.77000999,53.163,346.802,0.0001612,83.6333,276.4854,15.34381165,6840.8962223690605,462.7592223690608
STARLINK-30600,58100,26,259.78214493,53.1619,354.7365,0.000175,92.8224,267.2979,15.34391707,6840.864888861792,462.72788886179205
STARLINK-30605,58101,26,260.29070663,53.1613,352.9374,0.0001017,101.4542,258.6575,15.34375846,6840.912031927098,462.7750319270981
STARLINK-30592,58102,26,259.78635539,53.1613,354.7713,0.0001045,84.2695,275.8426,15.34387491,6840.877419843842,462.7404198438426
STARLINK-30589,58103,26,257.70886217,53.162,6.4884,0.0001345,83.3227,276.7928,15.34393364,6840.859963868663,462.7229638686631
STARLINK-30617,58104,26,260.55963964,53.163,351.5782,9.35e-05,88.1223,271.9887,15.34388993,6840.872955526294,462.7359555262947
STARLINK-30616,58105,26,259.80261794,53.1596,341.2127,0.0001247,75.3677,284.7464,15.34394169,6840.857571222817,462.72057122281694
STARLINK-30612,58106,26,259.77527079,53.1585,341.0528,0.000181,81.1793,278.9415,15.34392186,6840.8634651603925,462.72646516039276
STARLINK-30421,58107,26,259.75632509,53.1617,340.9049,0.0001179,77.4173,282.6962,15.34393653,6840.859104893701,462.7221048937017
STARLINK-30611,58108,26,260.22701181,53.162,338.8426,0.0001212,82.6781,277.4359,15.34383533,6840.889184039084,462.75218403908457
STARLINK-30606,58109,26,259.78845829,53.1611,354.7811,0.0001812,83.5986,276.5223,15.3439006,6840.869784141355,462.7327841413553
STARLINK-30596,58110,26,259.78012868,53.1621,355.4405,0.0001253,83.223,276.8915,15.34395471,6840.853701382659,462.71670138265927
STARLINK-30595,58111,26,260.53709519,53.1556,353.7605,0.0001656,104.6674,255.4513,15.34382919,6840.89100900973,462.75400900973
STARLINK-30593,58112,26,260.54971617,53.1648,353.8372,0.0001855,86.707,273.4145,15.34392774,6840.861717486203,462.7247174862032
STARLINK-30353,58113,26,260.2513065,53.1629,354.8269,0.0001189,85.6914,274.4225,15.34382425,6840.892477309471,462.75547730947164
STARLINK-30572,58114,26,260.29327983,53.1602,354.3727,9.46e-05,98.0311,262.0799,15.34404162,6840.827869893965,462.6908698939651
STARLINK-30580,58115,26,259.76119318,53.1587,355.302,0.0001522,83.4442,276.6734,15.34401838,6840.8347772892175,462.6977772892178
STARLINK-30493,58116,26,260.52446939,53.1595,353.6839,0.0001824,84.7527,275.3684,15.34382045,6840.893606771347,462.7566067713469
STARLINK-30601,58117,26,260.55593744,53.1605,353.1702,0.0001243,97.2763,262.8381,15.34395159,6840.854628717128,462.7176287171287
STARLINK-30834,58151,26,259.43642734,53.1613,52.6782,5.74e-05,321.5059,38.5902,15.34411405,6840.806342353576,462.6693423535762
STARLINK-30797,58154,26,260.40715989,53.1581,48.0642,0.0001296,89.4802,270.6349,15.34380116,6840.89934028369,462.7623402836907
STARLINK-30784,58156,26,258.47203905,53.1613,57.532,0.0001165,85.5865,274.527,15.34397927,6840.846401606907,462.7094016069077
STARLINK-30773,58161,26,260.37983236,53.1611,48.102,0.0001095,92.4151,267.6977,15.3438062,6840.897842257533,462.7608422575331
STARLINK-30816,58162,26,260.3987673,53.1576,48.2363,0.0001728,92.8231,267.297,15.34388386,6840.874759680379,462.737759680379
STARLINK-30763,58163,26,259.8985796,53.1601,38.22,0.0001209,83.8171,276.297,15.34394019,6840.858017057288,462.721017057288
STARLINK-30814,58165,26,260.1277031,53.1595,49.3917,0.000126,95.5209,264.5938,15.34391102,6840.866687066077,462.72968706607753
STARLINK-30789,58166,26,259.9742858,53.1594,49.8604,0.0001172,134.7716,225.3383,15.34388647,6840.8739839237,462.7369839236999
STARLINK-30812,58168,26,260.11297617,53.158,49.3052,0.0001121,76.8876,283.2252,15.34389458,6840.871573432124,462.7345734321243
STARLINK-30771,58169,26,259.90292559,53.1619,50.8308,0.0001271,83.9395,276.1753,15.34395762,6840.852836465216,462.71583646521594
STARLINK-30764,58170,26,260.38404393,53.1597,48.1477,0.0001286,90.4332,269.6818,15.34380078,6840.899453230141,462.76245323014155
STARLINK-30752,58171,26,260.40297437,53.1617,48.2546,0.0001058,88.7442,271.3682,15.3438871,6840.873796672119,462.73679667211945
STARLINK-30911,58374,26,260.05727733,53.1634,187.7198,0.0001298,86.3366,273.7785,15.34402896,6840.831632698339,462.69463269833886
STARLINK-30894,58375,26,260.09515776,53.1592,187.9647,0.0001342,87.7765,272.3391,15.3440284,6840.831799141622,462.69479914162184
STARLINK-30910,58376,26,260.52586673,53.1601,185.6756,0.0001173,84.3767,275.737,15.34387581,6840.877152341254,462.74015234125454
STARLINK-30914,58377,26,260.12664006,53.1582,187.4294,0.0001128,93.0342,267.079,15.34372812,6840.921049865937,462.78404986593705
STARLINK-30920,58378,26,259.18938364,53.16,181.6372,0.0001262,82.5168,277.5978,15.34388636,6840.87401661842,462.73701661842006
STARLINK-30882,58379,26,260.21910937,53.1612,187.3146,0.0001251,79.0352,281.0792,15.34402849,6840.831772391807,462.6947723918074
STARLINK-30915,58380,26,258.98869681,53.16,104.4624,0.0001214,95.2412,264.8729,15.3439665,6840.850197131201,462.713197131201
STARLINK-30927,58382,26,260.09726373,53.1597,187.9733,0.0001169,101.5339,258.5795,15.34398694,6840.844121917085,462.7071219170857
STARLINK-30921,58383,26,260.21279879,53.1595,187.2725,0.0001335,96.3549,263.7606,15.34398254,6840.845429691979,462.7084296919793
STARLINK-30825,58384,26,260.19388513,53.1595,187.1257,0.0002044,132.1134,228.0042,15.34371729,6840.924268867124,462.7872688671241
STARLINK-30930,58385,26,260.50062471,53.158,185.5155,0.0001571,89.9575,270.1607,15.34382948,6840.89092281402,462.75392281402037
STARLINK-30929,58386,26,260.18130882,53.1591,187.5804,0.0001232,98.7591,261.3551,15.34397319,6840.848208715703,462.7112087157029
STARLINK-30898,58387,26,260.49859551,53.1578,186.0837,0.0001964,85.6237,274.499,15.34384102,6840.887492821446,462.75049282144664
STARLINK-30913,58388,26,260.09305329,53.1607,187.9479,0.0001399,90.4243,269.692,15.34395875,6840.852500603876,462.71550060387654
STARLINK-30938,58389,26,260.21958473,53.1586,188.7299,0.0001358,77.4822,282.6332,15.34400724,6840.838088327375,462.70108832737515
STARLINK-30868,58390,26,260.21700955,53.1579,187.2979,4.2e-05,93.8851,266.22,15.34402053,6840.834138265258,462.6971382652582
STARLINK-30916,58391,26,259.1895578,53.1584,192.1613,0.0001645,93.3863,266.7328,15.34393216,6840.8604037590585,462.7234037590588
STARLINK-30939,58393,26,260.53217875,53.1607,185.7083,0.0001304,79.6711,280.4439,15.34388873,6840.87331219587,462.7363121958706
STARLINK-30887,58394,26,260.24224052,53.1596,187.2796,0.0001425,122.0723,238.0418,15.34394399,6840.856887610102,462.719887610102
STARLINK-30934,58395,26,260.0909696,53.1612,188.0093,0.0001092,78.5743,281.5383,15.3441783,6840.787246202769,462.65024620276927
STARLINK-31012,58531,26,260.35188505,53.1579,250.0874,0.000137,84.5817,275.5342,15.34392251,6840.863271965061,462.72627196506164
STARLINK-31035,58532,26,260.30925234,53.1596,236.3042,0.0001317,95.3064,264.8089,15.34373212,6840.919860946789,462.7828609467897
STARLINK-31036,58533,26,260.19799181,53.159,249.1574,0.0001236,87.3247,272.7897,15.34395302,6840.854203688791,462.7172036887914
STARLINK-31032,58535,26,260.2336595,53.1591,248.6433,0.0001304,86.8844,273.2308,15.3439311,6840.860718815736,462.723718815736
STARLINK-31037,58536,26,260.34929922,53.1572,248.6716,0.0001319,95.0811,265.0342,15.34386436,6840.880555570576,462.74355557057606
STARLINK-31041,58537,26,260.35560681,53.1587,248.6895,0.0001278,90.4319,269.683,15.3439161,6840.865177168846,462.72817716884583
STARLINK-31014,58538,26,260.26522521,53.1611,248.8338,0.0001322,87.9974,272.118,15.34398074,6840.845964690979,462.708964690979
STARLINK-31055,58539,26,260.25259603,53.1601,248.7585,0.000139,86.2787,273.8375,15.34405028,6840.82529597231,462.6882959723107
STARLINK-31019,58540,26,260.40811714,53.1584,248.3062,0.000133,86.0489,274.0666,15.34394027,6840.857993279447,462.7209932794476
STARLINK-31045,58541,26,260.19334871,53.1609,329.37,0.0001155,98.6296,261.4837,15.34380486,6840.898240542185,462.7612405421851
STARLINK-31030,58542,26,260.38497385,53.1584,248.1614,0.0001363,89.8331,270.2827,15.34391798,6840.864618388191,462.72761838819133
STARLINK-31049,58543,26,260.12653301,53.1599,249.3896,0.000137,88.8975,271.2185,15.34391859,6840.8644370817265,462.72743708172675
STARLINK-31048,58544,26,260.37081469,53.159,250.1615,0.0001296,86.0489,274.0661,15.34392927,6840.861262734426,462.7242627344267
STARLINK-31057,58545,26,260.2610118,53.1592,248.8076,0.0001433,83.9316,276.185,15.34396793,6840.849772103551,462.7127721035513
STARLINK-31050,58546,26,260.34508688,53.1595,248.6219,0.000137,89.3792,270.7368,15.34391655,6840.865043418146,462.7280434181466
STARLINK-31063,58547,26,260.36652326,53.1575,240.1984,0.0001431,86.2059,273.9107,15.34392986,6840.861087372652,462.7240873726523
STARLINK-31016,58548,26,260.35608787,53.1583,250.0676,0.0001302,84.4473,275.6678,15.34391201,6840.866392814386,462.7293928143863
STARLINK-31053,58549,26,260.26732409,53.1586,248.8446,0.0001298,87.0541,273.061,15.34395637,6840.853207993293,462.7162079932932
STARLINK-31056,58550,26,260.37923423,53.1565,250.2592,0.0001523,94.8986,265.2191,15.34418635,6840.784853620506,462.6478536205059
STARLINK-30999,58551,26,260.35599252,53.1591,240.0505,0.0001341,89.8037,270.3119,15.34392092,6840.863744550587,462.7267445505877
STARLINK-31046,58552,26,260.34719249,53.1583,248.634,0.0001428,93.6831,266.4335,15.34389603,6840.871142456667,462.73414245666754
STARLINK-31031,58711,26,259.91708833,53.1608,58.1266,0.0001005,84.5283,275.5834,15.34391799,6840.864615415954,462.72761541595446
STARLINK-31029,58712,26,260.56061207,53.1605,57.1602,0.0001099,79.6746,280.4381,15.34387448,6840.8775476506435,462.74054765064375
STARLINK-30973,58713,26,259.92606922,53.1618,60.3094,0.0001115,95.6331,264.4799,15.34408069,6840.816257543739,462.67925754373937
STARLINK-31100,58714,26,260.17190054,53.1609,59.0006,0.0001032,77.9316,282.1802,15.34372766,6840.921186591672,462.78418659167255
STARLINK-31102,58715,26,260.1482652,53.1594,57.4238,0.0001075,93.7954,266.3171,15.34389706,6840.87083631552,462.7338363155204
STARLINK-31098,58716,26,259.47854479,53.1599,62.4895,0.0001447,96.0392,264.0776,15.34390266,6840.8691718594,462.7321718594003
STARLINK-31093,58717,26,260.1739967,53.1624,59.0244,7.19e-05,88.5997,271.5088,15.34390809,6840.867557932381,462.7305579323811
STARLINK-31097,58718,26,259.46381474,53.1613,62.3952,0.0001154,82.4928,277.6205,15.34389428,6840.871662599468,462.7346625994687
STARLINK-31051,58719,26,260.16769133,53.158,58.9618,7.69e-05,94.3244,265.7847,15.34402104,6840.833986682852,462.6969866828522
STARLINK-30972,58721,26,259.91765929,53.1606,60.2536,0.0001017,79.7535,280.3583,15.34395116,6840.8547565228655,462.7177565228658
STARLINK-31040,58722,26,260.13353743,53.1591,57.3321,6.82e-05,63.352,296.7552,15.34417168,6840.7892137688805,462.65221376888076
STARLINK-31033,58723,26,259.46592401,53.1622,62.4074,0.0001288,86.6772,273.4378,15.34352294,6840.982036166508,462.8450361665082
STARLINK-30893,58724,26,259.92760781,53.1599,58.1894,7.97e-05,85.8877,274.2217,15.34394419,6840.856828165526,462.71982816552645
STARLINK-30856,58725,26,258.8900301,53.1582,65.2092,0.0001331,90.6216,269.4938,15.33552828,6843.359373011805,465.22237301180485
STARLINK-31127,58765,26,260.14043384,53.1624,203.6032,0.0001466,98.4034,261.7135,15.34396205,6840.851519770113,462.71451977011293
STARLINK-31114,58766,26,260.57056408,53.1582,199.2003,7.36e-05,87.7458,272.3629,15.34374191,6840.916951069353,462.77995106935305
STARLINK-31140,58767,26,260.53067455,53.1621,199.6434,0.0001252,85.42,274.6946,15.34396986,6840.84919846494,462.71219846494023
STARLINK-31146,58769,26,260.53699262,53.1603,199.6835,0.0001974,83.3777,276.7451,15.34390503,6840.8684674380975,462.73146743809775
STARLINK-31143,58770,26,260.54330418,53.1591,199.7237,0.0001481,88.372,271.7452,15.34389374,6840.871823100698,462.7348231006981
STARLINK-31135,58771,26,260.10198854,53.1589,201.2525,0.0001577,90.0499,270.0685,15.343943,6840.857181860772,462.72018186077185
STARLINK-31136,58772,26,260.26381798,53.1609,200.8179,0.0001828,87.9911,272.1301,15.34395879,6840.85248871498,462.71548871498
STARLINK-31073,58773,26,260.26443002,53.1606,202.9501,0.0001291,70.8414,289.2728,15.34348969,6840.991919297187,462.85491929718773
STARLINK-31122,58774,26,260.11518405,53.161,203.4367,0.0001467,90.1629,269.9542,15.34393649,6840.859116782627,462.7221167826274
STARLINK-31123,58775,26,260.56005041,53.1591,199.1148,9.66e-05,70.8241,289.2866,15.34380722,6840.897539085672,462.76053908567246
STARLINK-31117,58776,26,260.23072786,53.1596,202.7351,8.86e-05,106.3071,253.8029,15.34396608,6840.85032196451,462.7133219645102
STARLINK-31120,58778,26,260.27433889,53.1598,200.8771,0.0001815,83.1049,277.0161,15.34449879,6840.69199332348,462.55499332348063
STARLINK-31142,58779,26,260.1067666,53.1598,203.3837,9.46e-05,80.9134,279.1975,15.34399723,6840.841063509604,462.70406350960457
STARLINK-31099,58781,26,260.23914275,53.1599,202.7859,0.0001568,94.56,265.5582,15.34384117,6840.887448237515,462.75044823751523
STARLINK-31047,58783,26,260.17644897,53.1562,184.9004,0.000103,145.1392,214.9678,15.34410264,6840.80973360612,462.67273360612035
STARLINK-31039,58784,26,260.25808182,53.1603,202.9004,0.000178,68.2198,291.8994,15.34458418,6840.666615108634,462.52961510863406
STARLINK-31034,58785,26,258.97141549,53.1601,103.2264,0.0001338,85.5871,274.5284,15.34394763,6840.855805719024,462.7188057190242
STARLINK-31024,58786,26,260.56216008,53.159,199.1378,0.0001764,96.9958,263.1245,15.34380846,6840.897170523848,462.7601705238485
STARLINK-31233,58826,26,259.89331352,53.1616,34.5521,0.0001013,85.8119,274.2999,15.34395709,6840.852993993114,462.71599399311435
STARLINK-31271,58827,26,260.63927311,53.1604,31.3901,0.0001323,79.8807,280.2345,15.34371313,6840.925505345042,462.7885053450427
STARLINK-31222,58828,26,260.38705666,53.1629,31.9469,0.0002784,87.631,272.5012,15.34385569,6840.883132516468,462.7461325164686
STARLINK-31258,58829,26,260.38915591,53.1597,31.9537,0.0001375,87.7473,272.3687,15.34384437,6840.886497113835,462.7494971138349
STARLINK-31263,58832,26,260.33446991,53.1606,20.2525,0.0001053,76.4174,283.6946,15.34383185,6840.890218387118,462.75321838711807
STARLINK-31171,58834,26,259.79382111,53.1618,10.7879,0.0001789,112.2977,247.8216,15.34400983,6840.837318525507,462.7003185255071
STARLINK-31246,58835,26,260.36820315,53.1607,32.5373,0.0001478,85.2099,274.9072,15.34390883,6840.867337986599,462.7303379865989
STARLINK-31251,58836,26,259.35960618,53.1602,36.9057,0.0003419,67.3014,292.835,15.3440238,6840.833166354686,462.6961663546863
STARLINK-31249,58838,26,260.63085873,53.1626,31.3299,0.0001072,77.019,283.0933,15.34380211,6840.899057917586,462.7620579175864
STARLINK-31250,58839,26,260.33026634,53.1566,20.2248,0.0001893,93.925,266.1969,15.34377242,6840.907882615189,462.7708826151893
STARLINK-31248,58840,26,259.89549761,53.1613,44.4851,9.22e-05,95.6325,264.4783,15.34406715,6840.8202818847685,462.6832818847688
STARLINK-31236,58841,26,259.10747255,53.1598,38.1709,0.0001065,99.5843,260.528,15.34391503,6840.865495198311,462.72849519831107
STARLINK-31228,58842,26,259.90172783,53.1598,34.6032,0.0001586,48.7287,311.3852,15.34391894,6840.864333053433,462.72733305343354
STARLINK-31280,58843,26,260.39125978,53.1611,31.9647,0.0001949,103.8758,256.2461,15.34387041,6840.878757357176,462.74175735717654
STARLINK-31269,58844,26,260.35515742,53.1581,122.0745,9.5e-05,90.085,270.0261,15.34386805,6840.879458808874,462.7424588088743
STARLINK-31264,58845,26,260.35726249,53.1577,122.094,0.0001423,83.1056,277.0108,15.3438757,6840.8771850360135,462.7401850360138
STARLINK-31273,58846,26,260.64549189,53.1593,30.7089,0.0001005,87.9967,272.1151,15.343915,6840.865504115026,462.7285041150262
STARLINK-31262,58847,26,258.07330246,53.1595,132.7252,0.0002421,67.4903,292.6356,15.34387434,6840.8775892621625,462.74058926216276
STARLINK-31306,58876,26,258.44650968,53.1586,157.4832,0.0001447,86.4967,273.6201,15.34388629,6840.874037424152,462.73703742415273
STARLINK-31300,58878,26,259.07890379,53.1591,154.3214,0.0001194,95.6576,264.4563,15.34419486,6840.7823243215325,462.6453243215328
STARLINK-31296,58879,26,260.32634109,53.158,124.4372,0.0002342,85.0589,275.0681,15.34371471,6840.925035721151,462.7880357211516
STARLINK-31328,58880,26,260.04689892,53.1581,137.5321,0.0001358,87.181,272.9348,15.34387137,6840.878472020942,462.74147202094264
STARLINK-31260,58881,26,260.4026956,53.1567,148.3626,0.000138,87.624,272.4921,15.34385389,6840.8836675228395,462.74666752283974
STARLINK-31323,58882,26,258.69021663,53.1606,156.1617,0.0001668,99.637,260.4821,15.34393739,6840.858849281828,462.7218492818283
STARLINK-31209,58883,26,260.42787245,53.16,147.8126,0.0001465,101.8206,258.2961,15.34381657,6840.894760011849,462.7577600118493
STARLINK-31315,58884,26,260.33892058,53.1577,124.3947,0.0001006,98.7412,261.3704,15.34387857,6840.876332000147,462.73933200014744
STARLINK-31320,58886,26,260.42153541,53.1581,147.7676,0.0001256,89.9558,270.1589,15.34387573,6840.87717611926,462.74017611926047
STARLINK-31321,58887,26,260.13793705,53.1579,149.5495,0.0001734,83.2793,276.8407,15.34396474,6840.850720242245,462.7137202422455
STARLINK-31007,58889,26,260.11899851,53.1619,149.4352,0.0001476,88.938,271.1792,15.34396476,6840.850714297801,462.71371429780083
STARLINK-31230,58890,26,258.73585733,53.1607,153.6309,0.0001466,91.6881,268.4289,15.34396233,6840.85143654787,462.7144365478707
STARLINK-31245,58891,26,259.99688406,53.16,108.4155,0.0001248,92.6584,267.4561,15.34374248,6840.916781648596,462.7797816485963
STARLINK-31255,58893,26,258.73641345,53.1594,155.7372,0.0001947,82.5178,277.6046,15.34409514,6840.811962740231,462.6749627402314
STARLINK-31317,58931,26,260.39571659,53.1592,136.0316,0.0001635,78.6229,281.4957,15.34376708,6840.90946981542,462.77246981542066
STARLINK-31350,58933,26,260.11048861,53.1621,139.2227,0.0001452,99.962,260.1547,15.34389321,6840.87198062969,462.73498062969065
STARLINK-31337,58934,26,259.40870938,53.1616,142.6633,0.0001296,112.5128,247.6013,15.34399425,6840.841949228814,462.70494922881426
STARLINK-31362,58935,26,260.04322541,53.16,139.5162,9.03e-05,87.4025,272.7081,15.34463196,6840.652414823638,462.5154148236379
STARLINK-31383,58936,26,260.04955967,53.1613,139.5518,0.0001105,152.0835,208.0227,15.34382983,6840.89081878472,462.75381878472035
STARLINK-31390,58937,26,260.59589739,53.1587,137.2722,0.0001603,96.5812,263.5373,15.34391305,6840.866083701532,462.72908370153255
STARLINK-31377,58938,26,260.38156114,53.1589,138.0678,0.0001423,89.5639,270.5527,15.34379437,6840.901358459117,462.7643584591169
STARLINK-31372,58939,26,259.37724486,53.1625,143.1802,0.0001511,81.8818,278.2356,15.34399622,6840.841363702995,462.7043637029956
STARLINK-31371,58940,26,260.36060208,53.1613,138.6493,0.0002218,84.535,275.5906,15.34393042,6840.860920927586,462.72392092758673
STARLINK-31345,58941,26,260.04745738,53.1606,139.5432,0.0001514,98.3849,261.7325,15.34387639,6840.876979950712,462.73997995071204
STARLINK-31346,58943,26,260.06160839,53.1598,137.5164,0.0001171,98.7804,261.3332,15.34389789,6840.870589619281,462.7335896192817
STARLINK-31336,58944,26,258.10809954,53.1595,148.7647,0.0001269,92.0431,268.0717,15.34397531,6840.847578605263,462.71057860526344
STARLINK-31359,58945,26,257.86674897,53.1623,110.203,0.0001559,84.1061,276.012,15.34387348,6840.877844875787,462.74084487578693
STARLINK-31311,58948,26,260.05528826,53.1582,137.4622,8.19e-05,89.8357,270.274,15.34404238,6840.827644006979,462.6906440069797
STARLINK-31294,58949,26,260.095845,53.1598,139.8386,0.0001519,87.7764,272.3413,15.34392914,6840.861301373464,462.7243013734642
STARLINK-31330,58951,26,260.36578459,53.1589,132.3134,0.0001256,83.1418,276.9728,15.34379247,6840.901923191828,462.76492319182853
STARLINK-31373,58965,26,260.05102794,53.1588,125.5642,6.85e-05,317.3011,42.7938,15.34402624,6840.832441137237,462.69544113723714
STARLINK-31449,58966,26,259.0803116,53.1593,130.1665,0.0001453,81.3261,278.7906,15.34396117,6840.851781325748,462.71478132574794
STARLINK-31314,58967,26,260.3452536,53.1561,124.5519,0.000133,82.5219,277.5934,15.3438872,6840.873766949648,462.736766949648
STARLINK-31356,58968,26,258.99445112,53.1594,102.4603,0.0001218,107.598,252.5156,15.34403889,6840.828681303949,462.69168130394974
STARLINK-31335,58969,26,260.0016079,53.1579,121.7081,0.0001241,83.099,277.0154,15.34382225,6840.893071763032,462.7560717630322
STARLINK-31368,58970,26,260.35158834,53.1585,124.5974,0.0001132,101.7521,258.3608,15.34375886,6840.911913035552,462.77491303555234
STARLINK-31333,58971,26,260.31094693,53.1626,112.2637,0.0001566,89.3339,270.7843,15.3438302,6840.890708810892,462.753708810892
STARLINK-31351,58972,26,260.00694174,53.1571,125.994,0.0001286,86.88,273.235,15.34386997,6840.8788881362925,462.7418881362928
STARLINK-31365,58973,26,259.07610177,53.1601,130.1358,0.0001676,83.2739,276.8454,15.34399209,6840.84259122681,462.7055912268106
STARLINK-31361,58974,26,259.34295985,53.159,128.9583,0.0001149,84.796,275.3174,15.34394998,6840.855107245616,462.718107245616
STARLINK-31369,58975,26,259.06768048,53.1613,130.0879,0.0001672,91.9963,268.1231,15.34403499,6840.829840461487,462.6928404614873
STARLINK-31324,58976,26,260.3473606,53.1602,124.564,0.0001587,73.8613,286.2565,15.34399439,6840.841907617838,462.7049076178382
STARLINK-31358,58977,26,259.06144688,53.1569,130.745,0.000139,91.639,268.4772,15.3441967,6840.781777446385,462.644777446385
STARLINK-31355,58978,26,260.00904642,53.1581,126.0017,0.0001355,96.8214,263.2943,15.34389433,6840.871647738246,462.73464773824617
STARLINK-31380,58979,26,259.01307759,53.1592,130.4533,0.0001446,85.9472,274.1696,15.34390137,6840.869555278667,462.73255527866695
STARLINK-31353,58980,26,260.32841874,53.1594,124.4442,0.0001223,89.9045,270.2098,15.34389297,6840.872051963575,462.73505196357564
STARLINK-31339,58981,26,260.0421432,53.1588,124.0857,0.0001286,88.6764,271.4386,15.34402986,6840.831365200227,462.69436520022737
STARLINK-31384,58983,26,260.03583581,53.159,124.0458,0.0001249,81.4153,278.6992,15.34408206,6840.815850354466,462.6788503544667
STARLINK-31379,58984,26,260.06997658,53.1601,125.6707,0.0001192,113.7109,246.4018,15.34388538,6840.874307898684,462.73730789868387
STARLINK-31385,58985,26,260.00580672,53.1579,121.6919,0.0001614,72.1998,287.918,15.34382503,6840.892245472618,462.7552454726183
STARLINK-31229,58986,26,260.06366511,53.1584,125.6306,0.0001324,93.4356,266.6798,15.3438896,6840.873053610423,462.73605361042337
STARLINK-31468,58998,26,260.26275695,53.1581,266.9022,0.0001264,92.6939,267.4208,15.34387159,6840.878406631394,462.74140663139406
STARLINK-31440,58999,26,260.58211652,53.1575,265.3344,0.0001412,70.0228,290.0926,15.3438919,6840.872369993841,462.73536999384123
STARLINK-31529,59000,26,260.2411576,53.1591,264.6408,9.57e-05,90.2594,269.8518,15.34375454,6840.913197064524,462.77619706452424
STARLINK-31435,59004,26,260.31526426,53.1598,266.5126,0.0001201,82.8527,277.2612,15.3439123,6840.866306619453,462.7293066194534
STARLINK-31484,59005,26,260.30266444,53.1588,266.4331,0.0001479,73.209,286.9074,15.34367947,6840.935510136429,462.7985101364293
STARLINK-31450,59006,26,260.26485809,53.1592,266.9068,0.0001278,90.6497,269.4652,15.34388723,6840.873758032906,462.73675803290644
STARLINK-31456,59007,26,260.22908451,53.1583,266.6871,0.0001013,69.4874,290.6237,15.34393531,6840.859467505936,462.72246750593604
STARLINK-31460,59008,26,260.2332925,53.1582,266.7172,0.0001282,96.7534,263.3615,15.34395464,6840.853722188237,462.7167221882373
STARLINK-31488,59009,26,260.30894609,53.1599,266.4717,0.0001423,78.8471,281.2692,15.34397968,6840.846279745995,462.70927974599545
STARLINK-31528,59010,26,260.28799861,53.1589,267.0547,0.0001168,88.5629,271.5507,15.34392687,6840.861976070578,462.7249760705781
STARLINK-31491,59011,26,260.21655296,53.1578,267.316,0.0001346,77.494,282.6213,15.34389909,6840.870232950059,462.7332329500596
STARLINK-31406,59017,26,260.34982191,53.1591,250.4029,0.0001311,84.076,276.0392,15.34394313,6840.857143221792,462.72014322179257
STARLINK-31527,59018,26,260.22698223,53.1582,266.6786,0.000146,77.3266,282.79,15.34392167,6840.863521632878,462.72652163287785
STARLINK-31436,59019,26,260.27537847,53.1591,266.9705,0.0001457,85.1855,274.9314,15.34388549,6840.874275203959,462.73727520395914
STARLINK-31603,59201,26,259.81625987,53.1605,346.7542,0.0002016,51.3991,308.7192,15.34384355,6840.886740839246,462.74974083924644
STARLINK-31602,59202,26,259.81367957,53.1616,343.1812,0.0001212,89.8541,270.26,15.34377588,6840.906854205043,462.769854205043
STARLINK-31577,59203,26,260.58336806,53.1594,339.3108,0.0001127,78.831,354.8352,15.34379239,6840.901946970051,462.7649469700509
STARLINK-31522,59204,26,260.219695,53.158,345.0009,0.000166,62.6778,297.4393,15.34376889,6840.908931831718,462.7719318317186
STARLINK-31586,59205,26,260.25747771,53.1616,344.5218,6.79e-05,82.5209,277.5871,15.34385012,6840.884788064302,462.74778806430186
STARLINK-31247,59206,26,260.23863416,53.1562,345.1074,0.0001844,102.307,257.8139,15.34379925,6840.899907988262,462.76290798826267
STARLINK-31591,59207,26,259.75063568,53.1635,343.4972,0.0001319,123.654,236.4589,15.34392465,6840.862635906684,462.72563590668415
STARLINK-31576,59208,26,260.34107591,53.1605,340.7876,7.66e-05,47.1591,312.9476,15.34388757,6840.873656976505,462.7366569765054
STARLINK-31601,59209,26,260.25069601,53.1604,340.9311,0.0001128,88.0287,272.0845,15.3437799,6840.9056593475,462.76865934750003
STARLINK-31520,59210,26,260.52223277,53.1603,343.3283,0.0001684,89.1791,270.9405,15.3437205,6840.9233147583445,462.7863147583448
STARLINK-31496,59211,26,260.2106476,53.1564,330.7389,0.0001912,78.6245,281.4973,15.34385605,6840.883025515207,462.7460255152073
STARLINK-31492,59212,26,260.25958165,53.1558,344.5288,0.0001329,88.7965,271.319,15.34379313,6840.9017270215045,462.76472702150477
STARLINK-31517,59213,26,259.75695135,53.1616,343.5649,0.0001012,98.6645,261.4473,15.34390651,6840.868027546406,462.73102754640604
STARLINK-31604,59214,26,260.20870829,53.157,341.3744,0.0001566,89.0664,271.0518,15.34372952,6840.9206337441765,462.78363374417677
STARLINK-31434,59215,26,259.72749582,53.1593,343.351,0.0001156,75.7038,284.4093,15.34404002,6840.828345445574,462.69134544557437
STARLINK-31417,59216,26,260.52643615,53.1559,343.3609,0.0001172,88.7876,271.3261,15.34400951,6840.83741363615,462.7004136361502
STARLINK-31499,59217,26,260.26121948,53.1584,340.9929,0.0001541,88.2222,271.8957,15.34380231,6840.898998472095,462.761998472095
STARLINK-31421,59218,26,260.25280007,53.1574,340.9703,0.0001476,75.5195,284.5972,15.34387666,6840.876899699945,462.73989969994545
STARLINK-31518,59219,26,259.74433667,53.1606,343.4583,0.0001352,70.8162,289.2987,15.34377577,6840.9068869001585,462.7698869001588
STARLINK-31523,59220,26,260.21501825,53.157,341.4135,0.0001344,89.8236,270.2921,15.34369635,6840.930492874619,462.793492874619
STARLINK-31516,59221,26,260.51754496,53.1612,339.7517,0.0002467,100.1022,260.0259,15.34387289,6840.878020238636,462.74102023863634
STARLINK-31490,59222,26,259.7574322,53.1605,347.0826,0.0001576,82.3891,277.729,15.34388938,6840.873118999844,462.7361189998446
STARLINK-31420,59223,26,260.23232935,53.1634,345.0697,0.0001179,83.4708,276.6429,15.3437348,6840.919064371249,462.78206437124936
STARLINK-31659,59254,26,260.2828978,53.1564,4.5925,0.000164,53.1564,306.9589,15.34385386,6840.883676439614,462.746676439614
STARLINK-31629,59255,26,260.56762969,53.162,9.1993,0.0001269,70.6576,289.4564,15.34382283,6840.892899371486,462.7558993714865
STARLINK-31637,59258,26,260.5691518,53.1627,7.0805,0.0001846,88.2471,271.8743,15.34389628,6840.871068150561,462.73406815056114
STARLINK-31506,59259,26,259.84060309,53.1616,12.4812,0.0001033,77.5662,282.5456,15.34394201,6840.857476111472,462.72047611147264
STARLINK-31598,59263,26,259.79171703,53.1598,10.7341,0.000189,110.7282,249.3923,15.3439758,6840.8474329665505,462.7104329665508
STARLINK-31645,59264,26,260.27924357,53.1606,8.8195,0.0001485,91.2883,268.829,15.3438872,6840.873766949648,462.736766949648
STARLINK-31646,59265,26,259.79803383,53.1614,10.7936,0.0001034,84.3222,275.7898,15.34394804,6840.855683857692,462.71868385769267
STARLINK-31648,59266,26,259.84270676,53.1602,12.495,0.0001844,82.8934,277.2278,15.34393917,6840.858320224769,462.72132022476944
STARLINK-31579,59267,26,260.30075746,53.1629,10.3739,7.01e-05,107.1495,252.9584,15.34397072,6840.848942853992,462.7119428539927
STARLINK-31627,59268,26,260.32123104,53.1594,8.369,0.0001052,88.4277,271.6846,15.34387555,6840.877229619778,462.7402296197779
STARLINK-31609,59269,26,260.58598156,53.1677,7.1854,0.0001352,105.0338,255.0814,15.34393694,6840.858983032224,462.72198303222467
STARLINK-31616,59270,26,260.57125477,53.1585,7.0851,0.0001852,90.4614,269.6601,15.34386529,6840.880279150919,462.7432791509191
STARLINK-31623,59272,26,260.56704982,53.1598,7.0693,0.0001737,91.0106,269.1096,15.34396087,6840.851870492448,462.7148704924484
STARLINK-31595,59273,26,259.83850201,53.1604,12.4823,0.0001668,84.6447,275.4746,15.34391655,6840.865043418146,462.7280434181466
STARLINK-31641,59374,26,259.95672105,53.1605,85.9584,0.0001409,62.0889,298.0256,15.34384766,6840.885519240146,462.7485192401464
STARLINK-31430,59375,26,259.54073632,53.1584,88.3293,0.0001253,82.4305,277.684,15.34392924,6840.861271651128,462.7242716511282
STARLINK-31695,59376,26,259.53595685,53.1593,86.168,0.000126,83.3209,276.7937,15.34401345,6840.836242586579,462.6992425865792
STARLINK-31716,59377,26,259.864976,53.1611,38.5012,9.66e-05,96.8445,263.2667,15.3438521,6840.884199557058,462.7471995570586
STARLINK-31710,59378,26,260.23773805,53.1592,82.7237,9.28e-05,93.5945,266.5164,15.34388249,6840.875166878417,462.73816687841736
STARLINK-31698,59379,26,259.50862091,53.1573,86.0151,0.0001557,71.9639,288.1534,15.34384053,6840.887638462291,462.75063846229114
STARLINK-31680,59380,26,259.50707533,53.1587,88.1205,0.0001397,87.3724,272.7439,15.34389426,6840.8716685439595,462.73466854395974
STARLINK-31713,59381,26,260.21515426,53.1589,84.7212,0.0001374,78.5945,281.5212,15.34392356,6840.862959880325,462.7259598803257
STARLINK-31705,59382,26,260.24404612,53.1609,82.7626,0.000106,86.6201,273.4923,15.34391309,6840.8660718125775,462.7290718125778
STARLINK-31715,59384,26,259.5485955,53.1589,86.2468,0.0001362,95.6242,264.4916,15.34390649,6840.868033490888,462.73103349088797
STARLINK-31717,59385,26,260.23563226,53.159,82.7102,9.6e-05,102.6915,257.4195,15.3438889,6840.873261667678,462.73626166767826
STARLINK-31688,59386,26,260.22147213,53.1616,84.7578,8.67e-05,75.3756,284.7342,15.34385103,6840.884517588735,462.7475175887357
STARLINK-31714,59387,26,259.51282176,53.16,86.0221,0.0001185,97.6761,262.4377,15.34390483,6840.868526882927,462.731526882927
STARLINK-31643,59388,26,258.92870261,53.1613,88.7746,0.0001473,90.5287,269.5884,15.34390317,6840.869020275054,462.7320202750543
STARLINK-31647,59389,26,259.23554648,53.1575,87.8824,0.0001416,102.9219,257.1941,15.34386265,6840.881063826148,462.7440638261487
STARLINK-31649,59390,26,259.52965111,53.1578,86.1257,0.0001902,83.6318,276.4902,15.34387255,6840.878121295197,462.74112129519744
STARLINK-31644,59391,26,259.92945051,53.1595,86.4899,0.0001171,83.5705,276.5431,15.34392503,6840.862522961753,462.7255229617531
STARLINK-31626,59392,26,260.20626346,53.1578,83.2364,6.08e-05,63.0765,297.0299,15.34391203,6840.866386869909,462.7293868699089
STARLINK-31443,59393,26,259.97450626,53.1597,70.2556,0.0001337,91.0902,269.0254,15.34394838,6840.855582801959,462.7185828019592
STARLINK-31607,59394,26,259.54228172,53.1581,86.2045,0.0001097,90.8392,269.2736,15.34395604,6840.853306076714,462.7163060767143
STARLINK-31608,59397,26,259.50239811,53.1589,86.6663,5.85e-05,102.7148,257.392,15.34378609,6840.903819505685,462.7668195056849
STARLINK-31757,59427,26,260.31041815,53.1601,108.3495,0.0001468,84.7907,275.3264,15.34381476,6840.895297992764,462.7582979927647
STARLINK-31773,59429,26,260.28572498,53.1595,112.4471,0.0001453,104.1129,256.0035,15.34402488,6840.832845356775,462.69584535677495
STARLINK-31772,59430,26,260.276842,53.1585,108.836,0.0001119,94.9599,265.1531,15.34389321,6840.87198062969,462.73498062969065
STARLINK-31613,59431,26,260.31672614,53.1577,108.3778,0.0001113,87.4632,272.6498,15.34398993,6840.843233224958,462.70623322495794
STARLINK-31780,59432,26,259.98263351,53.1597,109.844,0.0001316,95.9673,264.148,15.343874,6840.877690318708,462.7406903187084
STARLINK-31740,59433,26,259.1195915,53.16,117.9654,0.0001449,129.4837,230.6294,15.34401473,6840.835862144187,462.69886214418693
STARLINK-31580,59434,26,258.913647,53.1597,118.8137,6.6e-05,77.8856,282.2221,15.34415584,6840.793921666951,462.65692166695135
STARLINK-31696,59435,26,259.99735895,53.1589,109.9369,0.0001204,82.56,277.5539,15.34391156,6840.866526565152,462.7295265651519
STARLINK-31700,59436,26,259.29348378,53.1568,113.3632,0.0001464,116.473,243.6423,15.3439943,6840.8419343677515,462.7049343677518
STARLINK-31706,59437,26,260.01887592,53.1583,113.6311,0.0001204,92.3457,267.7684,15.3438956,6840.871270263175,462.73427026317495
STARLINK-31711,59438,26,260.00367365,53.1586,109.9743,0.0001176,84.5748,275.5389,15.34391232,6840.866300674975,462.7293006749751
STARLINK-31708,59439,26,260.2831536,53.1573,108.8751,9.84e-05,92.7706,267.3409,15.34388111,6840.875577048764,462.73857704876445
STARLINK-31693,59441,26,258.98673517,53.1579,115.0026,0.0001345,98.7872,261.3283,15.34400831,6840.837770301095,462.70077030109496
STARLINK-31766,59723,26,259.73308556,53.1615,330.9862,0.0001125,92.5075,267.6056,15.34418309,6840.785822541768,462.6488225417679
STARLINK-31739,59766,26,260.16566678,53.1601,213.0107,0.0001376,92.9811,267.135,15.34393532,6840.859464533705,462.72246453370553
STARLINK-31830,59769,26,260.60325325,53.1604,215.0114,0.0001613,92.8305,267.2882,15.34383685,6840.888732255008,462.7517322550084
STARLINK-31829,59770,26,260.20401063,53.1609,216.7884,0.0001524,97.174,262.9436,15.34395191,6840.854533605887,462.7175336058872
STARLINK-31786,59771,26,260.20611432,53.1595,216.7986,0.0001123,90.9601,269.153,15.34390268,6840.869165914916,462.73216591491655
STARLINK-31995,59958,26,260.23690862,53.159,252.9476,0.0001824,42.6779,317.4365,15.34380879,6840.897072438855,462.7600724388549
STARLINK-31989,59959,26,260.27889536,53.1595,252.5008,0.0001306,87.062,273.0532,15.34395257,6840.85433743896,462.7173374389604
STARLINK-31856,59960,26,260.27258318,53.1588,252.4607,9.76e-05,99.7668,260.3445,15.34398969,6840.843304558094,462.7063045580944
STARLINK-31993,59961,26,260.35245091,53.1585,252.2447,0.0001467,88.0089,272.1082,15.34390767,6840.86768276648,462.73068276648064
STARLINK-31980,59962,26,260.27468809,53.1602,252.4719,0.0001234,99.2346,260.8796,15.34394002,6840.858067585199,462.7210675851993
STARLINK-31991,59963,26,260.3650778,53.1572,252.3241,0.0001224,94.634,265.4802,15.34385806,6840.882428091571,462.74542809157083
STARLINK-31979,59964,26,260.28100154,53.1588,252.5089,0.000116,90.5123,269.6013,15.34393458,6840.8596844788535,462.7226844788538
STARLINK-31984,60018,26,260.27475949,53.158,264.486,0.0001257,75.9282,284.186,15.34378965,6840.902761374279,462.76576137427946
STARLINK-31986,60019,26,260.30210238,53.1583,264.6537,0.0001343,79.6979,280.4175,15.34396169,6840.851626770142,462.7146267701419
STARLINK-31883,60020,26,260.25801197,53.1595,265.0916,0.0001246,87.2423,272.8722,15.34389354,6840.871882545599,462.73488254559925
STARLINK-31967,60021,26,260.35835164,53.1582,260.745,0.0001297,83.6255,276.4896,15.34391114,6840.866651399206,462.729651399206
STARLINK-31982,60022,26,260.28690315,53.1582,261.0174,0.0001339,89.1972,270.9184,15.34390049,6840.869816836027,462.73281683602727
STARLINK-31992,60023,26,260.27265254,53.1582,264.4758,0.0001572,93.1021,267.0161,15.34375934,6840.911770365703,462.77477036570326
STARLINK-31990,60024,26,260.28527611,53.159,264.5517,0.0001241,80.3022,279.812,15.34387056,6840.878712773388,462.7417127733879
STARLINK-31939,60026,26,260.22434416,53.1594,264.8796,0.0001253,72.701,287.4129,15.3439187,6840.86440438712,462.72740438712026
STARLINK-32012,60027,26,260.27054333,53.1584,264.4535,0.0001241,82.8223,277.292,15.34391817,6840.864561915684,462.7275619156844
STARLINK-32008,60028,26,260.24748937,53.159,265.0175,0.0001132,89.6343,270.4789,15.34394149,6840.857630667409,462.72063066740884
STARLINK-32006,60029,26,260.27896261,53.1571,264.5132,0.0001411,77.8272,282.2889,15.34388323,6840.874946932024,462.737946932024
STARLINK-32011,60030,26,260.29111016,53.157,261.0439,0.0001202,80.3435,279.7703,15.34394109,6840.857749556597,462.7207495565972
STARLINK-31878,60031,26,260.28278094,53.1594,210.4529,0.0001505,105.0622,255.0547,15.34388858,6840.873356779571,462.736356779571
STARLINK-32017,60032,26,260.31474256,53.1567,264.7504,8.29e-05,74.9877,285.1218,15.34371525,6840.924875216802,462.7878752168026
STARLINK-32005,60034,26,260.2264484,53.1594,264.8916,0.0001236,88.6292,271.4852,15.34393654,6840.859101921471,462.7221019214712
STARLINK-31981,60035,26,260.22224006,53.1593,264.8653,0.0001223,77.3492,282.7647,15.34391364,6840.86590833945,462.72890833944984
STARLINK-31985,60036,26,260.29368874,53.1597,264.5985,0.0001323,82.408,277.7072,15.34392532,6840.86243676694,462.7254367669402
STARLINK-31918,60037,26,260.30420911,53.1584,264.6634,0.0001008,75.8308,284.2807,15.34399165,6840.842722004199,462.70572200419883
STARLINK-31775,60052,26,260.23120767,53.1572,266.8078,0.0001082,68.5141,291.5977,15.34401337,6840.83626636423,462.6992663642304
STARLINK-31793,60053,26,260.28371409,53.1578,266.4258,0.0001419,84.9753,275.1412,15.34391626,6840.865129613041,462.72812961304135
STARLINK-31735,60054,26,260.31737546,53.1597,266.6306,0.0001188,81.84,278.2737,15.34398196,6840.845602080533,462.70860208053364
STARLINK-31788,60055,26,260.2585579,53.1597,266.9739,0.0001225,90.5672,269.5471,15.34390106,6840.869647418189,462.7326474181891
STARLINK-31825,60056,26,260.24594305,53.1587,266.9007,9.12e-05,74.7566,285.3538,15.34383572,6840.889068120794,462.7520681207943
STARLINK-31437,60057,26,260.22489032,53.1589,266.7669,0.000123,84.6661,275.4482,15.34394294,6840.857199694146,462.7201996941467
STARLINK-32032,60077,26,260.06934793,53.1581,185.7345,0.0001173,85.2712,274.8425,15.34384468,6840.886404973746,462.7494049737461
STARLINK-31441,60091,26,260.2813358,53.1593,224.8182,0.0001415,91.7958,268.3206,15.3439394,6840.858251863472,462.7212518634724
STARLINK-32044,60092,26,260.31696796,53.1593,224.327,0.0001833,87.8748,272.2464,15.34423211,6840.771253093253,462.6342530932534
STARLINK-31239,60093,26,260.28344351,53.1574,224.8337,0.0001425,92.4205,267.6961,15.34389663,6840.870964122014,462.7339641220142
STARLINK-32007,60094,26,260.30859662,53.1591,224.2781,0.0001023,78.181,281.9307,15.34391474,6840.86558139322,462.72858139322034
STARLINK-32028,60095,26,260.32753646,53.1577,224.396,0.00012,84.4197,275.6942,15.34404803,6840.825964716157,462.688964716157
STARLINK-32016,60096,26,260.23093176,53.1589,225.2156,0.000136,90.4991,269.6168,15.34398616,6840.844353749862,462.7073537498627
STARLINK-32003,60097,26,260.61333501,53.159,223.3338,0.0001414,88.1081,272.0083,15.34384769,6840.885510323366,462.74851032336665
STARLINK-32026,60098,26,260.59439247,53.1588,223.2148,3.5e-05,141.1722,218.9306,15.34386746,6840.879634171826,462.74263417182647
STARLINK-31732,60099,26,260.20567958,53.1586,225.0498,0.0001121,100.2909,259.822,15.34392355,6840.8629628525605,462.72596285256077
STARLINK-31996,60100,26,260.31280732,53.1591,224.3012,0.0001527,88.9801,271.1377,15.34382641,6840.891835299771,462.754835299771
STARLINK-31999,60101,26,260.22461875,53.1587,225.1782,0.0001528,77.145,282.9724,15.34389087,6840.872676135159,462.73567613515934
STARLINK-31954,60102,26,260.30237517,53.1591,224.9499,0.0001398,82.9282,277.188,15.34391433,6840.865703254991,462.72870325499116
STARLINK-32013,60103,26,260.17421099,53.1592,225.5689,0.0001401,92.2878,267.8285,15.34386801,6840.879470697888,462.74247069788817
STARLINK-32009,60104,26,260.1468562,53.161,225.3771,0.0001455,89.0824,271.0345,15.34391171,6840.866481981562,462.72948198156246
STARLINK-32018,60105,26,260.32122065,53.1598,224.3544,0.0001288,84.0905,276.0245,15.34397102,6840.848853687387,462.7118536873877
STARLINK-32045,60106,26,260.18464088,53.1585,224.9225,0.0001252,80.5852,279.5292,15.34389428,6840.871662599468,462.7346625994687
STARLINK-32035,60107,26,260.60071199,53.1575,223.2536,0.0001103,103.5753,256.5373,15.34321222,6841.074395043011,462.93739504301084
STARLINK-32042,60108,26,260.29396288,53.1577,224.8916,0.0001468,95.8798,264.2372,15.34386574,6840.880145399481,462.74314539948136
STARLINK-32040,60109,26,260.32964049,53.1589,224.4088,0.0001389,94.6205,265.4956,15.34408497,6840.814985448987,462.6779854489869
STARLINK-32001,60110,26,260.31069996,53.1585,224.2857,0.000127,90.8854,269.2294,15.34393799,6840.858670947977,462.72167094797715
STARLINK-32015,60111,26,260.32332458,53.1579,224.3635,0.0001182,86.5273,273.5865,15.34395145,6840.854670328299,462.7176703282994
STARLINK-32024,60112,26,260.17000766,53.1592,225.5399,0.0001195,86.9223,273.1917,15.34388241,6840.875190656406,462.738190656406
STARLINK-31845,60129,26,260.25183293,53.1592,212.7955,0.000141,91.2889,268.8275,15.34393933,6840.858272669084,462.7212726690841
STARLINK-31792,60132,26,260.26866104,53.1596,212.8591,0.0001277,86.1711,273.9438,15.34392122,6840.8636553835,462.72665538350066
STARLINK-32043,60135,26,260.40844159,53.1585,146.2576,9.64e-05,94.2478,265.8635,15.34384153,6840.8873412360845,462.75034123608475
STARLINK-32112,60136,26,260.4105436,53.1597,146.2759,0.0001139,83.2982,276.815,15.34389435,6840.871641793756,462.73464179375605
STARLINK-32050,60137,26,260.07224695,53.1596,147.7202,0.0001355,91.4478,268.668,15.3438249,6840.892284112091,462.75528411209143
STARLINK-32025,60138,26,260.11005252,53.1586,147.24,0.0001207,85.1807,274.9334,15.34364198,6840.946653365144,462.8096533651442
STARLINK-31694,60140,26,260.41685527,53.1586,146.3119,0.00011,90.2977,269.8152,15.34388605,6840.874108758093,462.7371087580932
STARLINK-32036,60141,26,260.4231708,53.159,146.3533,0.0001894,85.6037,274.5182,15.34384659,6840.885837271976,462.7488372719763
STARLINK-32031,60142,26,258.74006016,53.1601,153.6256,0.0001387,84.5793,275.5368,15.34399092,6840.8429389757885,462.70593897578874
STARLINK-32027,60143,26,259.13506818,53.1598,151.7798,0.0001229,101.4401,258.6739,15.34406953,6840.819574503864,462.6825745038641
STARLINK-32033,60144,26,258.7338339,53.1605,154.299,0.0001794,85.8475,274.2733,15.34407683,6840.81740480727,462.68040480726995
STARLINK-32029,60145,26,260.38318484,53.161,146.1002,0.000135,78.7387,281.3767,15.34437724,6840.728118826264,462.5911188262644
STARLINK-32127,60146,26,259.07624874,53.1607,152.165,0.0001335,87.7696,272.3459,15.34408936,6840.813680660826,462.6766806608266
STARLINK-32019,60147,26,260.38109141,53.1599,146.0912,0.0001377,75.4634,284.6521,15.3438711,6840.878552271756,462.7415522717565
STARLINK-32022,60149,26,260.40213997,53.1582,146.2184,0.0001029,96.4878,263.6242,15.34369933,6840.929607126748,462.7926071267484
STARLINK-32014,60150,26,260.42106003,53.1591,146.3336,0.0001172,86.9898,273.1238,15.34387504,6840.877381204578,462.7403812045786
STARLINK-32004,60151,26,258.98175325,53.16,152.9943,0.0001184,81.2619,278.8518,15.34397216,6840.848514854318,462.711514854318
STARLINK-32147,60152,26,260.07855086,53.1596,147.755,0.0001186,85.7775,274.3364,15.3438473,6840.885626241505,462.748626241505
STARLINK-32131,60153,26,259.39983078,53.1599,150.6293,0.0001112,84.2541,275.8588,15.34401373,6840.8361593648015,462.69915936480174
STARLINK-32145,60154,26,259.00691026,53.1595,152.4397,0.0001187,90.3231,269.7908,15.34400402,6840.839045378649,462.702045378649
STARLINK-32137,60155,26,260.07013531,53.1571,147.7016,8.91e-05,81.3612,278.7492,15.34389346,6840.871906323559,462.7349063235597
STARLINK-32048,60156,26,259.99869586,53.1604,147.9666,0.0001517,85.0894,275.0282,15.343768,6840.909196365126,462.77219636512655
STARLINK-32129,60157,26,260.39161327,53.1592,146.1545,0.0001334,83.5948,276.5207,15.34386024,6840.881780139717,462.7447801397175
STARLINK-32023,60197,26,260.13579072,53.1583,149.2308,9.6e-05,97.424,262.6872,15.34393498,6840.8595655895815,462.7225655895818
STARLINK-32049,60199,26,260.40896618,53.1603,148.0901,0.0001421,86.0794,274.0372,15.34382121,6840.893380878934,462.7563808789346
STARLINK-32166,60257,26,260.21529305,53.1589,241.2867,0.0001301,89.9426,270.1726,15.34382023,6840.89367216126,462.7566721612602
STARLINK-32200,60258,26,260.26569545,53.1577,240.8915,0.0001196,87.7289,272.3851,15.34390728,6840.867798683865,462.73079868386503
STARLINK-32207,60259,26,260.21318678,53.1589,241.2853,0.0001204,84.6295,275.4845,15.34385016,6840.884776175266,462.74777617526615
STARLINK-32125,60260,26,260.32663854,53.156,240.5612,0.0002034,90.8042,269.3193,15.34370138,6840.928997803713,462.79199780371346
STARLINK-32160,60261,26,260.24676382,53.1586,240.7663,0.0001509,80.6435,279.4738,15.34398459,6840.84482038769,462.70782038768994
STARLINK-32120,60265,26,260.21787762,53.1598,242.7138,0.0001442,90.0604,270.0564,15.34391278,6840.866163951982,462.7291639519826
STARLINK-32158,60267,26,260.36862691,53.1581,240.1038,0.0001386,86.4318,273.6843,15.34390516,6840.86842879896,462.7314287989602
STARLINK-32167,60268,26,260.38545059,53.1572,240.2251,0.0001631,82.9942,277.1246,15.34390775,6840.867658988556,462.73065898855657
STARLINK-32211,60270,26,260.23202924,53.1583,240.6928,0.0001261,88.0545,272.0602,15.34391302,6840.866092618249,462.7290926182495
STARLINK-32164,60271,26,260.33924705,53.1572,240.6345,0.0001273,96.9394,263.1753,15.34387257,6840.878115350693,462.7411153506937
STARLINK-32128,60272,26,260.32241261,53.1593,240.5305,0.0001342,85.8071,274.3085,15.34394036,6840.857966529377,462.7209665293776
STARLINK-32206,60273,26,260.27200545,53.1585,240.9383,0.0001222,88.0974,272.0169,15.34391855,6840.864448970675,462.72744897067514
STARLINK-32152,60275,26,260.34135264,53.159,240.645,0.0001626,87.0087,273.1102,15.3438754,6840.877274203541,462.74027420354105
STARLINK-32154,60276,26,260.24886557,53.1575,240.7768,0.00011,85.9696,274.1432,15.34379593,6840.900894783923,462.7638947839232
STARLINK-32135,60277,26,260.36021666,53.1569,240.051,0.0001626,85.6429,274.476,15.3437414,6840.9171026563545,462.78010265635476
STARLINK-32156,60278,26,260.33505329,53.1583,240.7356,0.0001252,80.8641,279.2503,15.34390951,6840.867135874275,462.7301358742752
STARLINK-32118,60280,26,260.58336806,53.156,239.2761,0.0001281,86.0812,357.6171,15.34428187,6840.756463785443,462.61946378544326
STARLINK-32038,60281,26,260.23411599,53.1584,240.8163,0.0001133,89.9559,270.1574,15.3442319,6840.771315508105,462.6343155081049
STARLINK-32113,60282,26,260.22785436,53.1591,240.7782,0.0005169,116.6253,243.528,15.34359903,6840.9594195365,462.8224195365001
STARLINK-32123,60284,26,260.35172497,53.1578,228.0703,0.0001362,91.7825,268.3333,15.34392147,6840.863581077599,462.7265810775989
STARLINK-31656,60286,26,260.33295257,53.1582,240.7274,0.0001471,91.9425,268.1746,15.34388772,6840.8736123928,462.73661239280045
STARLINK-31997,60288,26,260.32453863,53.1577,240.6662,0.0001589,92.467,267.6514,15.34397139,6840.848743715246,462.7117437152465
STARLINK-32141,60290,26,260.37494077,53.1567,240.2725,0.000115,86.9989,273.1145,15.34392369,6840.862921241263,462.7259212412637
STARLINK-32142,60291,26,260.34969311,53.1596,240.1148,0.0001354,85.576,274.5397,15.34389495,6840.871463459071,462.73446345907087
STARLINK-32159,60293,26,260.58336806,53.158,239.312,0.0001136,97.2105,327.9782,15.33545521,6843.381111041551,465.24411104155115
STARLINK-32151,60299,26,260.25816225,53.1584,212.9806,0.0001321,93.4156,266.6998,15.34379267,6840.901863746275,462.7648637462753
STARLINK-32134,60300,26,260.21732025,53.1582,240.7116,0.0001584,90.3254,269.793,15.34384092,6840.887522544067,462.7505225440673
STARLINK-32191,60314,26,260.02801076,53.1588,126.2886,0.0001015,79.0668,281.0449,15.34364938,6840.944453844544,462.8074538445444
STARLINK-32194,60315,26,260.04053777,53.159,125.6605,9.83e-05,94.4367,265.6748,15.34390023,6840.869894114342,462.73289411434234
STARLINK-32192,60316,26,260.03212263,53.1586,125.6074,0.0001071,88.6594,271.4532,15.34388562,6840.8742365647395,462.73723656473976
STARLINK-32189,60317,26,259.07190741,53.1593,130.2782,0.0001255,95.7416,264.373,15.34401951,6840.834441430094,462.69744143009393
STARLINK-32190,60318,26,260.01537814,53.1583,126.2059,0.0001071,101.1671,258.9452,15.34395898,6840.852432242724,462.7154322427241
STARLINK-32182,60319,26,260.0468496,53.1597,125.7071,9.9e-05,92.0805,268.0311,15.34394019,6840.858017057288,462.721017057288
STARLINK-32199,60320,26,260.32212813,53.1593,124.569,0.0001254,88.1742,271.9404,15.34384289,6840.886937008497,462.749937008497
STARLINK-32198,60321,26,260.35991682,53.159,124.0971,0.0001137,76.4343,283.6786,15.343802,6840.899090612607,462.7620906126076
STARLINK-32153,60330,26,260.26214755,53.1585,264.5263,0.0001263,94.2347,265.88,15.34388765,6840.873633198529,462.7366331985295
STARLINK-32203,60331,26,260.26838447,53.1602,252.4957,0.00013,93.5503,266.5648,15.34394525,6840.8565131092955,462.7195131092958
STARLINK-32133,60333,26,260.26845785,53.1589,264.5662,0.0001256,80.1527,279.9618,15.34392588,6840.862270321793,462.7252703217937
STARLINK-32132,60334,26,260.23488402,53.1576,265.0636,0.0001065,84.2509,275.8615,15.3439774,6840.8469574116225,462.7099574116228
STARLINK-32168,60335,26,260.30843617,53.1557,264.8102,5.33e-05,71.9804,288.1256,15.34411579,6840.805825195362,462.66882519536193
STARLINK-32079,60336,26,260.38619493,53.1583,264.5833,0.0001297,87.6338,272.4813,15.34390499,6840.868479327063,462.7314793270634
STARLINK-32078,60338,26,260.26004414,53.1592,264.5105,0.0001328,83.4594,276.656,15.3438911,6840.872607773502,462.7356077735021
STARLINK-32175,60339,26,260.26635453,53.1592,264.5486,0.0001329,79.1578,280.9574,15.34389516,6840.8714010419335,462.7344010419338
STARLINK-32176,60340,26,260.2979098,53.1597,264.7427,0.0001516,93.8704,266.2472,15.3439425,6840.857330472232,462.7203304722325
STARLINK-32185,60341,26,260.21173439,53.1591,264.9154,0.0001276,83.8338,276.281,15.34393328,6840.860070869023,462.7230708690231
STARLINK-32221,60342,26,260.26425025,53.1577,264.5343,0.0001309,84.8908,275.2244,15.34388852,6840.873374613051,462.73637461305134
STARLINK-32083,60343,26,260.25381387,53.1588,265.1438,0.0001262,86.8622,273.2525,15.34395262,6840.854322577829,462.7173225778297
STARLINK-32077,60344,26,260.295806,53.1591,264.729,0.0001408,76.5396,283.5764,15.34394657,6840.856120775173,462.719120775173
STARLINK-32075,60345,26,260.316851,53.1605,264.8594,0.0001624,72.6404,287.4776,15.34393398,6840.859862812771,462.7228628127714
STARLINK-32082,60346,26,260.31054075,53.1597,264.8176,0.0001253,81.292,278.8224,15.34387801,6840.8764984461495,462.7394984461498
STARLINK-32181,60349,26,260.28270974,53.1613,261.0998,9.21e-05,73.8419,286.2685,15.34392549,6840.862386238949,462.7253862389489
STARLINK-32097,60351,26,260.28060281,53.16,261.0851,0.0001315,81.8891,278.2261,15.34395776,6840.852794854073,462.71579485407347
STARLINK-32285,60355,26,259.09717321,53.1579,142.0789,0.0001378,84.1117,276.0042,15.34403523,6840.829769128701,462.692769128701
STARLINK-32278,60356,26,260.05165247,53.1605,139.4866,0.0001531,91.6561,268.4617,15.34391636,6840.865099890663,462.72809989066354
STARLINK-32287,60358,26,257.99254015,53.1602,149.3978,0.0001268,98.7327,261.382,15.34407978,6840.816528012559,462.6795280125589
STARLINK-32290,60359,26,259.4066,53.1587,142.5823,0.0001391,96.7615,263.3546,15.34396532,6840.850547853366,462.71354785336644
STARLINK-32227,60361,26,260.36269608,53.16,138.5839,9.61e-05,82.535,277.5762,15.34388692,6840.873850172569,462.7368501725696
STARLINK-32256,60362,26,260.06427419,53.1596,139.5663,9.96e-05,84.5841,275.5275,15.34393671,6840.8590513935405,462.7220513935408
STARLINK-32267,60363,26,260.39416591,53.1605,138.0725,0.0001336,111.5331,248.5814,15.34389751,6840.870702564544,462.7337025645447
STARLINK-32230,60366,26,258.9737949,53.1616,144.8558,0.0001454,84.0249,276.092,15.34398878,6840.843575029588,462.70657502958784
STARLINK-32271,60368,26,258.72167027,53.1603,146.1258,0.0001215,109.1508,250.9626,15.34386123,6840.881485886402,462.7444858864019
STARLINK-32220,60370,26,260.10636533,53.1596,139.8393,0.0002335,63.1515,296.9726,15.34392049,6840.86387235675,462.7268723567504
STARLINK-32263,60371,26,260.07900555,53.1592,139.6657,0.0001346,80.7163,279.3992,15.34389928,6840.870176477438,462.73317647743806
STARLINK-32268,60372,26,259.10616565,53.1592,144.2607,0.0001474,92.612,267.5051,15.3440655,6840.820772296009,462.683772296009
STARLINK-32281,60375,26,260.36843672,53.1587,136.4979,0.0001939,88.3146,271.8078,15.34389281,6840.872099519501,462.7350995195011
STARLINK-32277,60376,26,258.71956464,53.1614,146.1125,0.0001859,85.2073,274.9142,15.34401308,6840.836352558219,462.6993525582193
STARLINK-32186,60412,26,259.18022682,53.1584,73.6627,9.76e-05,87.1299,272.9815,15.3439843,6840.844906581947,462.7079065819471
STARLINK-32178,60413,26,259.49749488,53.1583,72.0851,0.0001607,99.2254,260.893,15.34396957,6840.849284659334,462.7122846593347
STARLINK-32265,60415,26,259.50380619,53.1585,72.1263,0.0001147,90.6071,269.5063,15.34390097,6840.869674168373,462.7326741683737
STARLINK-32255,60417,26,260.18040646,53.1585,69.2362,0.0001349,94.3478,265.7679,15.34395368,6840.854007521888,462.71700752188826
STARLINK-32236,60418,26,260.18252421,53.1614,69.2497,0.0001366,92.3581,267.7578,15.3438455,6840.886161248363,462.74916124836363
STARLINK-32250,60425,26,259.90231234,53.159,46.209,0.0001548,124.7562,235.3586,15.34398997,6840.8432213361,462.7062213361005
STARLINK-32226,60426,26,260.36459011,53.1588,44.115,0.0001214,69.2377,290.8755,15.34383291,6840.889903327044,462.7529033270439
STARLINK-32254,60427,26,259.90020737,53.1592,46.1948,0.0001167,86.9976,273.1161,15.34400272,6840.839431765903,462.7024317659034
STARLINK-32193,60428,26,259.84980374,53.16,46.5927,0.0001005,70.937,289.1742,15.34393696,6840.8589770877625,462.72197708776275
STARLINK-32242,60429,26,259.87084224,53.1579,46.7222,6.26e-05,33.2243,326.8798,15.34403987,6840.828390028542,462.6913900285426
STARLINK-32196,60430,26,259.89763376,53.1606,44.763,0.0001296,45.8481,314.2629,15.34398916,6840.843462085445,462.7064620854453
STARLINK-32232,60431,26,258.16257949,53.1617,54.5464,0.0001135,85.1197,274.9935,15.34390844,6840.867453903968,462.73045390396874
STARLINK-32246,60432,26,259.90651917,53.1611,46.2311,8.97e-05,98.7998,261.3106,15.34401976,6840.834367124985,462.69736712498525
STARLINK-32183,60433,26,260.36879485,53.1602,44.1386,0.0001226,82.2372,277.877,15.34388132,6840.875514631534,462.7385146315346
STARLINK-32233,60434,26,259.90183836,53.1585,44.7837,0.0001255,94.8708,265.2438,15.34403726,6840.829165772296,462.692165772296
STARLINK-32222,60435,26,260.41031321,53.1553,42.2714,0.0001794,109.8059,250.3137,15.3437826,6840.904856831531,462.7678568315314
STARLINK-32229,60436,26,260.40399408,53.1615,42.2333,9.58e-05,78.6346,281.4764,15.34389262,6840.872155992162,462.7351559921626
STARLINK-32241,60437,26,259.97328694,53.1578,44.5179,9.94e-05,85.3115,274.8001,15.34400833,6840.837764356678,462.7007643566785
STARLINK-32240,60438,26,260.4019279,53.1607,42.2195,0.0001497,84.3577,275.7596,15.34359489,6840.960650085618,462.8236500856183
STARLINK-32231,60439,26,260.35570083,53.1573,42.6358,0.000117,94.5097,265.6039,15.34385448,6840.883492159629,462.74649215962927
STARLINK-32195,60440,26,260.39769143,53.159,42.1899,0.0001643,81.95,278.1689,15.34423019,6840.771823743387,462.63482374338764
STARLINK-32177,60441,26,260.38926962,53.1614,42.1378,0.0001039,68.2283,291.883,15.34388221,6840.8752501013805,462.7382501013808
STARLINK-32252,60442,26,258.83649659,53.1601,49.5116,0.0001429,88.7157,271.401,15.3442608,6840.762726048908,462.6257260489083
STARLINK-32237,60443,26,259.90605045,53.1599,44.8075,7.34e-05,96.3713,263.7374,15.34391679,6840.864972084443,462.72797208444354
STARLINK-32249,60444,26,259.89132158,53.1613,44.7177,0.0001067,94.1651,265.9474,15.34396324,6840.851166075599,462.7141660755997
STARLINK-32228,60445,26,260.38085365,53.1564,42.0825,0.0002493,89.6215,270.5073,15.34402394,6840.833124743844,462.69612474384394
STARLINK-32247,60446,26,260.36348901,53.161,34.03,0.0001366,49.1467,310.9654,15.35232109,6838.36815404858,460.2311540485807
STARLINK-32101,60447,26,258.69152185,53.1615,50.0276,0.0001184,89.1341,270.9797,15.34393574,6840.8593396999795,462.7223396999798
STARLINK-32204,60584,26,258.07134599,53.1574,143.3201,0.0001231,89.0289,271.0855,15.34390034,6840.86986141967,462.73286141967037
STARLINK-32130,60585,26,260.37052023,53.1605,136.3335,0.0001163,91.5546,268.559,15.34384875,6840.885195263833,462.7481952638336
STARLINK-32173,60586,26,260.38257259,53.1583,132.1518,0.0001189,70.6675,289.4456,15.34394908,6840.85537474605,462.71837474605036
STARLINK-31911,60587,26,259.36985025,53.1601,137.2077,0.0001326,111.3757,248.7388,15.34398577,6840.844469666257,462.70746966625757
STARLINK-31994,60588,26,260.37626528,53.1581,132.1098,0.0001047,84.5873,275.5249,15.34381589,6840.894962126214,462.7579621262139
STARLINK-32169,60589,26,259.3766386,53.1607,140.7968,0.0001571,90.4246,269.6937,15.34399462,6840.84183925695,462.70483925695044
STARLINK-32209,60590,26,258.9558847,53.1594,138.8879,0.0001506,112.6291,247.4871,15.3440545,6840.824041706515,462.68704170651563
STARLINK-32170,60591,26,259.10135878,53.1598,141.9241,0.0001355,97.9848,262.1308,15.3440357,6840.829629435335,462.6926294353352
STARLINK-31497,60592,26,257.99358885,53.1597,143.5486,0.0002296,49.6544,310.4659,15.34392361,6840.862945019148,462.72594501914864
STARLINK-32161,60593,26,259.098784,53.1571,138.3574,0.0001471,86.5553,273.5618,15.34399771,6840.84092084345,462.70392084344985
STARLINK-32210,60594,26,260.03594367,53.1568,134.2478,0.0001264,100.3451,259.7694,15.34393247,6840.860311619847,462.72331161984766
STARLINK-31930,60596,26,260.02963104,53.16,134.2069,0.0001284,99.7686,260.3462,15.3439273,6840.861848264504,462.72484826450454
STARLINK-32162,60597,26,260.36631101,53.16,136.31,0.0001101,96.1671,263.9457,15.34386252,6840.881102465464,462.7441024654645
STARLINK-32208,60598,26,259.37032413,53.1567,140.7587,6.63e-05,89.3349,270.7729,15.34412503,6840.803078908556,462.6660789085563
STARLINK-32165,60599,26,260.35790099,53.1632,136.2523,0.0002108,103.4999,256.6239,15.34374579,6840.915797819498,462.7787978194983
STARLINK-31923,60600,26,258.71475822,53.1606,143.7744,0.000134,95.5698,264.5458,15.34398436,6840.844888748652,462.7078887486523
STARLINK-31988,60601,26,260.09267138,53.1585,133.8939,0.0001426,93.2224,266.8942,15.34392732,6840.861842320035,462.72484232003535
STARLINK-31983,60602,26,259.09246868,53.1587,138.316,0.0001213,74.1501,285.9635,15.34405261,6840.8246034510785,462.68760345107876
STARLINK-31874,60603,26,260.34479251,53.1594,132.6224,0.0001071,90.5781,269.5344,15.34390696,6840.867893795568,462.7308937955686
STARLINK-32039,60604,26,260.39626237,53.1574,137.909,0.0001662,103.5226,256.5962,15.34382662,6840.891772882169,462.75477288216916
STARLINK-32253,60733,26,258.98183925,53.1575,102.5317,0.0001219,90.7555,269.3588,15.34398581,6840.844457777396,462.7074577773965
STARLINK-32179,60734,26,260.27825151,53.1593,96.4139,0.0001455,79.5526,280.564,15.34387618,6840.877042367975,462.74004236797555
STARLINK-32289,60737,26,258.98815275,53.1595,102.5796,0.0001318,92.3816,267.7338,15.34394959,6840.855223162468,462.71822316246835
STARLINK-32304,60738,26,259.9778201,53.1579,98.092,0.0001313,87.4941,272.6212,15.34395454,6840.85375191049,462.71675191049053
STARLINK-32235,60739,26,259.26763695,53.1593,101.4795,0.0001069,89.5855,270.527,15.34390542,6840.868351520686,462.7313515206861
STARLINK-32315,60740,26,260.24678353,53.1586,96.9252,0.0001262,92.0611,268.0537,15.34389087,6840.872676135159,462.73567613515934
STARLINK-32317,60918,26,260.28999623,53.16,112.9038,0.0001134,86.9592,273.154,15.34389876,6840.870331034092,462.73333103409186
STARLINK-32367,60919,26,259.33179954,53.1589,116.8777,0.0001201,90.253,269.8611,15.34393045,6840.860912010888,462.72391201088794
STARLINK-32345,60920,26,260.02313756,53.159,114.0779,0.0001164,55.3496,304.7616,15.34394075,6840.85785061241,462.7208506124107
STARLINK-32274,60922,26,259.33600423,53.1602,116.8984,0.0001516,116.4024,243.7135,15.34389262,6840.872155992162,462.7351559921626
STARLINK-32373,60923,26,260.3151584,53.1601,112.345,0.0001342,92.8054,267.3102,15.34383291,6840.889903327044,462.7529033270439
STARLINK-32259,60937,26,260.16388163,53.1608,317.6531,0.0001062,81.8152,278.2971,15.34386076,6840.881625582417,462.74462558241703
STARLINK-32258,60939,26,260.42643202,53.156,315.7356,0.0001776,87.5583,272.5622,15.34412308,6840.803658481841,462.6666584818413
STARLINK-32251,60940,26,260.44959339,53.1672,315.886,0.0002753,288.9789,71.0915,15.34375931,6840.911779282568,462.7747792825685
STARLINK-32224,60941,26,260.13652017,53.1611,317.4827,0.000145,79.9848,280.1318,15.34396651,6840.85019415898,462.7131941589805
STARLINK-32184,60942,26,260.43065015,53.1515,315.7606,0.0001847,90.9911,269.1303,15.34384445,6840.886473335747,462.7494733357471
STARLINK-32288,60943,26,260.17220887,53.1589,316.9927,0.000208,97.058,263.0659,15.34382112,6840.893407629352,462.756407629352
STARLINK-32276,60944,26,259.82557891,53.1598,319.0915,0.0001334,70.3903,289.7244,15.34381247,6840.895978642804,462.7589786428043
STARLINK-32279,61003,26,260.24317251,53.1575,252.6187,0.0001348,73.1113,287.0037,15.343935,6840.859559645119,462.72255964511896
STARLINK-32336,61004,26,260.37973303,53.1591,252.0515,0.0001305,85.7881,274.3271,15.34421859,6840.775271423814,462.63827142381433
STARLINK-32284,61005,26,260.24106941,53.1579,252.6087,0.0001501,89.3613,270.7562,15.34389862,6840.8703726455,462.7333726454999
STARLINK-32282,61006,26,260.26208587,53.1592,252.7317,0.0001335,93.8337,266.2818,15.34407105,6840.81912273128,462.6821227312803
STARLINK-32360,61007,26,260.3218672,53.1593,236.3928,0.0001501,82.491,277.6263,15.34388181,6840.875368991335,462.73836899133494
STARLINK-32340,61008,26,260.24737273,53.1594,252.5727,0.0001351,76.8835,283.2319,15.34381982,6840.893794024282,462.7567940242825
STARLINK-32347,61010,26,260.2557947,53.1573,252.6943,0.0001657,89.827,270.2922,15.34390189,6840.869400722057,462.7324007220577
STARLINK-32321,61065,26,260.2381148,53.1579,280.7502,6.82e-05,87.78,272.3281,15.34388669,6840.8739185342565,462.7369185342568
STARLINK-32381,61066,26,260.35576011,53.1595,280.0593,0.0001326,89.0283,271.0872,15.34393376,6840.859928201877,462.72292820187704
STARLINK-32375,61070,26,260.22969621,53.1581,280.6928,9.22e-05,86.1339,273.9769,15.3439175,6840.864761055581,462.72776105558114
STARLINK-32386,61213,26,258.746913,53.1574,155.6401,0.0001227,95.7797,264.3345,15.34400297,6840.839357460657,462.70235746065737
STARLINK-32392,61214,26,258.43175576,53.1599,157.2288,0.0001298,93.8819,266.2332,15.34394149,6840.857630667409,462.72063066740884
STARLINK-32436,61215,26,258.98229302,53.1614,154.9781,0.0001343,80.9301,279.1854,15.34403099,6840.8310293415225,462.69402934152276
STARLINK-32431,61256,26,259.82600144,53.1607,22.9529,0.0001138,113.199,246.9133,15.34425702,6840.763849512973,462.6268495129734
STARLINK-32432,61257,26,260.60135302,53.1621,19.2627,0.0001308,73.3922,286.7224,15.34378253,6840.9048776374975,462.7678776374978
STARLINK-32382,61258,26,260.32818072,53.1628,20.4042,0.0001713,84.1619,275.9579,15.34385276,6840.884003388004,462.7470033880045
STARLINK-32435,61259,26,259.33641111,53.1613,24.8806,0.0001121,59.9388,300.1726,15.34388401,6840.874715096655,462.73771509665494
STARLINK-32474,61260,26,260.62028119,53.1632,19.3784,0.0001633,97.6718,262.447,15.34394408,6840.856860860042,462.719860860042
STARLINK-32447,61261,26,260.61397436,53.1617,19.3373,0.0001306,87.4487,272.6666,15.34385672,6840.882826373981,462.7458263739809
STARLINK-32446,61262,26,260.31556267,53.1586,20.3262,0.000195,64.5536,295.5668,15.34379989,6840.899717762633,462.76271776263366
STARLINK-32174,61509,26,259.76877848,53.1613,318.8514,0.0001131,89.4637,270.6495,15.34388431,6840.874625929211,462.7376259292114
STARLINK-32201,61512,26,260.16801458,53.1555,317.0741,0.0002012,94.2729,265.8503,15.3438392,6840.888033773195,462.75103377319556
STARLINK-32030,61513,26,260.20855275,53.1605,330.8298,0.0001094,76.2073,283.9051,15.3439081,6840.86755496014,462.7305549601406
STARLINK-31837,61514,26,260.2043417,53.1615,330.7898,0.0002701,111.3001,248.829,15.3438651,6840.88033562375,462.7433356237507
STARLINK-31756,61517,26,260.46698284,53.1594,329.538,0.0001371,87.6956,272.4203,15.34390978,6840.867055623797,462.73005562379694
STARLINK-32338,61519,26,260.20904072,53.1534,322.9824,0.0002213,84.6473,275.4782,15.34387049,6840.878733579155,462.74173357915515
STARLINK-32297,61521,26,259.82194111,53.1595,332.6686,0.000114,62.8742,297.2377,15.34383504,6840.889270234738,462.7522702347387
STARLINK-32305,61523,26,260.17497827,53.1499,331.3163,0.0001358,94.5603,265.5555,15.34384102,6840.887492821446,462.75049282144664
STARLINK-32293,61526,26,259.75890746,53.1621,332.9801,0.0001331,83.5814,276.534,15.34393659,6840.859087060315,462.72208706031506
STARLINK-32313,61527,26,260.21696765,53.1611,330.8583,0.0002033,87.9051,272.2185,15.34385881,6840.882205172337,462.7452051723376
STARLINK-32351,61529,26,260.21850211,53.1608,328.7669,0.0001112,93.3069,266.8061,15.34373833,6840.918015150835,462.78101515083563
STARLINK-32358,61531,26,260.43601077,53.1618,322.2815,0.0001328,83.3502,276.7652,15.34383079,6840.890533447229,462.75353344722953
STARLINK-32406,61545,26,260.21551881,53.1599,201.2606,0.000159,94.3459,265.7725,15.34393759,6840.85878983721,462.72178983721005
STARLINK-32411,61547,26,260.55384301,53.1616,199.8153,0.000205,82.7385,277.3851,15.34370848,6840.926887466451,462.78988746645155
STARLINK-32424,61548,26,260.26171636,53.1589,200.8401,0.0001515,94.9514,265.1661,15.34396157,6840.851662436821,462.7146624368215
STARLINK-32389,61549,26,260.22442228,53.157,202.737,0.000166,100.5913,259.5277,15.34390832,6840.867489570852,462.7304895708521
STARLINK-32476,61550,26,260.07262112,53.1591,201.7935,0.0001268,91.2328,268.882,15.34399506,6840.841708479605,462.70470847960496
STARLINK-32366,61551,26,260.24909108,53.1595,200.763,0.0001353,92.9733,267.1424,15.34394848,6840.855553079687,462.7185530796869
STARLINK-32353,61587,26,260.38133696,53.1587,250.3025,0.0001117,81.8263,278.2867,15.34435884,6840.733587475405,462.5965874754056
STARLINK-32325,61588,26,260.27000845,53.1591,251.0357,0.0001163,102.6631,257.4502,15.34402344,6840.833273353997,462.69627335399764
STARLINK-32416,61589,26,260.23779869,53.1583,236.6234,0.0001398,87.6218,272.4945,15.34395919,6840.852369826021,462.71536982602083
STARLINK-32413,61590,26,260.21749876,53.1566,251.4074,0.0001363,97.3547,262.7611,15.34401006,6840.837250164733,462.700250164733
STARLINK-32409,61591,26,260.26305777,53.1599,236.7814,0.0001569,106.1406,253.9769,15.34391259,6840.866220424522,462.7292204245223
STARLINK-32422,61592,26,260.31556195,53.1568,236.3942,0.0001546,92.9178,267.2002,15.3438926,6840.872161936653,462.73516193665364
STARLINK-32397,61593,26,260.20429799,53.1592,249.1957,0.0001102,98.3724,261.7403,15.34391871,6840.864401414882,462.7274014148825
STARLINK-32238,61661,26,260.32425821,53.1591,280.3957,0.0001209,86.1324,273.9817,15.34400072,6840.840026207939,462.70302620793973
STARLINK-32308,61663,26,260.22920101,53.1585,276.9656,0.0001278,96.0501,264.0647,15.3438844,6840.874599178978,462.7375991789786
STARLINK-32439,61665,26,260.32005409,53.1572,280.3686,0.0001731,82.8311,277.2888,15.34421405,6840.776620775785,462.63962077578526
STARLINK-32414,61667,26,260.25282602,53.1596,280.6615,0.0001533,84.0898,276.028,15.34383042,6840.89064342105,462.7536434210506
STARLINK-32441,61668,26,260.24440044,53.1598,280.6083,0.000128,94.5149,265.6,15.34396725,6840.849974214594,462.7129742145944
STARLINK-32400,61669,26,260.26487636,53.1592,276.4828,0.0001425,86.0666,274.0499,15.34394258,6840.857306694399,462.72030669439937
STARLINK-32309,61676,26,260.30906494,53.1595,276.754,0.0001175,75.8242,284.2891,15.34387776,6840.876572752403,462.73957275240355
STARLINK-32323,61677,26,260.27539969,53.1603,276.5432,0.0001196,89.0211,271.0929,15.34391479,6840.865566532028,462.7285665320287
STARLINK-32363,61678,26,260.20393641,53.1583,276.8061,0.0001293,98.048,262.0669,15.34412309,6840.8036555096705,462.6666555096708
STARLINK-32395,61679,26,260.57429017,53.159,279.1082,0.0001377,97.1106,263.0054,15.34378743,6840.90342122022,462.76642122021985
STARLINK-32426,61681,26,260.26754491,53.1593,280.7479,0.0001167,68.4857,291.627,15.34389944,6840.870128921546,462.73312892154627
STARLINK-32349,61700,26,259.26573074,53.1625,349.1563,0.0001873,93.7172,266.4045,15.34387167,6840.878382853377,462.7413828533772
STARLINK-32461,61701,26,260.52387395,53.1618,339.9466,0.0001221,79.9012,280.2128,15.34397587,6840.847412161021,462.71041216102094
STARLINK-32299,61702,26,260.51547017,53.16,339.8947,2.01e-05,117.4241,242.6782,15.34367993,6840.935373409978,462.798373409978
STARLINK-32387,61704,26,259.77371627,53.1611,343.091,0.0001244,85.9432,274.1713,15.34391271,6840.866184757654,462.72918475765437
STARLINK-32515,61705,26,259.78891921,53.161,346.7316,6.34e-05,55.1257,304.9805,15.34388485,6840.87446542782,462.7374654278201
STARLINK-32533,61706,26,259.84095804,53.1632,342.7954,0.0001283,73.4828,286.6316,15.34387868,6840.876299305398,462.73929930539816
STARLINK-32376,61707,26,260.22713024,53.1596,288.7092,9.94e-05,69.3381,290.7728,15.34391853,6840.864454915149,462.7274549151489
STARLINK-32402,61708,26,260.22923211,53.1586,288.7259,0.0001326,82.0539,278.0615,15.34395019,6840.855044828852,462.7180448288527
STARLINK-32314,61709,26,260.3427616,53.1592,288.7154,0.0001338,81.6631,278.4523,15.34389202,6840.872334326893,462.7353343268933
STARLINK-32404,61710,26,260.26079589,53.1605,288.9145,0.0001099,89.5835,270.5294,15.34389424,6840.87167448845,462.73467448844985
STARLINK-32312,61711,26,260.35319104,53.1599,288.0684,9.49e-05,79.7488,280.3622,15.34391966,6840.864119052384,462.7271190523843
STARLINK-32343,61712,26,260.34486255,53.1601,288.7291,0.000129,83.2769,276.8381,15.34390937,6840.867177485634,462.73017748563416
STARLINK-32467,61713,26,260.36581401,53.1594,288.1527,0.0001405,79.9565,280.1596,15.34393648,6840.8591197548585,462.7221197548588
STARLINK-32440,61714,26,260.35529613,53.159,288.0838,0.0001083,99.674,260.4385,15.34386037,6840.8817415003905,462.7447415003908
STARLINK-32459,61715,26,260.25868998,53.1593,288.8966,0.0001308,82.7312,277.384,15.34391297,6840.866107479444,462.7291074794439
STARLINK-32465,61716,26,260.37844163,53.1581,288.226,0.0001546,87.6562,272.4618,15.3439484,6840.855576857504,462.71857685750456
STARLINK-32457,61717,26,260.26499925,53.1593,288.9353,0.0001081,70.0905,290.0214,15.34387736,6840.876691642413,462.73969164241316
STARLINK-32591,61718,26,260.2496321,53.1591,274.6085,0.0001278,83.4593,276.6555,15.34391918,6840.864261719748,462.72726171974864
STARLINK-32344,61719,26,260.07170072,53.159,289.8665,0.0001437,85.1863,274.9304,15.34387517,6840.8773425653135,462.74034256531377
STARLINK-32322,61720,26,260.3721288,53.1592,288.1884,0.0001396,81.0954,279.0207,15.34407498,6840.817954661723,462.68095466172326
STARLINK-32469,61721,26,260.34907133,53.1589,288.7527,0.000134,77.2116,282.9036,15.34390836,6840.867477681891,462.730477681891
STARLINK-32438,61722,26,260.38475339,53.1597,288.2655,0.0001336,86.8038,273.3117,15.34393529,6840.8594734504,462.7224734504007
STARLINK-32540,61723,26,260.3587347,53.1543,252.0476,0.0001627,89.3245,270.7944,15.34388478,6840.874486233554,462.7374862335546
STARLINK-32528,61724,26,260.3637077,53.16,288.1365,0.0001446,87.4026,272.7143,15.34395506,6840.853597354773,462.7165973547735
STARLINK-32573,61725,26,260.27341959,53.1594,288.9909,0.0001773,83.0217,277.0988,15.34383017,6840.890717727689,462.75371772768904
STARLINK-32478,61726,26,260.09063562,53.1607,289.9842,0.0001303,82.5904,277.5246,15.34387352,6840.87783298678,462.74083298678033
STARLINK-32511,61727,26,260.23973005,53.1592,288.7819,3.21e-05,307.8692,52.2281,15.34435112,6840.735881933627,462.5988819336271
STARLINK-32475,61728,26,260.38265307,53.1586,288.2479,0.0001096,89.498,270.6149,15.34413439,6840.800296958499,462.6632969584989
STARLINK-32442,61729,26,260.24606411,53.1607,288.8202,0.0001273,92.6937,267.4212,15.34394522,6840.856522025981,462.71952202598095
STARLINK-32410,61887,26,260.41697175,53.1602,312.1497,0.0001638,85.6863,274.4327,15.34413409,6840.80038612352,462.66338612352047
STARLINK-32377,61888,26,260.15432812,53.1597,313.3478,0.0001636,89.9524,270.1666,15.34388432,6840.874622956963,462.7376229569636
STARLINK-32292,61889,26,259.45045734,53.1603,316.7804,0.0001343,84.0489,276.0667,15.34390984,6840.867037790358,462.73003779035844
STARLINK-32501,61890,26,260.18168467,53.1593,313.5184,0.0001276,92.9646,267.1503,15.34382498,6840.892260333953,462.75526033395363
STARLINK-32383,61891,26,260.43592207,53.161,312.2622,0.0001363,90.2476,269.8683,15.343817,6840.894632204244,462.75763220424415
STARLINK-32239,61892,26,260.44061106,53.1614,313.715,0.0001669,101.8481,258.2709,15.34388267,6840.8751133779415,462.7381133779418
STARLINK-32489,61893,26,260.14801634,53.16,313.3119,0.0001477,94.6618,265.4553,15.34388135,6840.875505714788,462.7385057147885
STARLINK-32572,61952,26,259.78620582,53.1589,332.7311,0.0001177,95.8087,264.305,15.34408071,6840.81625159937,462.6792515993702
STARLINK-32585,61953,26,259.82877913,53.1611,325.1616,9.51e-05,44.7593,315.3487,15.34411154,6840.807088369331,462.6700883693311
STARLINK-32574,61954,26,260.47593157,53.1609,322.0918,6.48e-05,83.6089,276.4988,15.34397688,6840.847111966966,462.710111966966
STARLINK-32583,61955,26,259.76153684,53.1593,325.4466,0.0001211,61.0168,299.0956,15.34434828,6840.736726009416,462.5997260094164
STARLINK-32273,61956,26,259.7231709,53.1594,333.0424,0.0001204,69.4307,290.6825,15.34415261,6840.794881674937,462.657881674937
STARLINK-32359,61957,26,260.47172354,53.1604,322.0573,0.0001489,95.2278,264.8895,15.34409155,6840.813029753069,462.6760297530691
STARLINK-32566,61958,26,260.47382759,53.1592,322.0735,0.0002032,92.8798,267.2438,15.34436298,6840.732357028396,462.5953570283964
STARLINK-32520,62021,26,259.83579161,53.1601,358.6078,0.0001333,97.6042,262.5112,15.34406352,6840.8213607896105,462.68436078961076
STARLINK-32539,62022,26,259.79733732,53.1571,346.8236,0.000166,107.1256,252.9928,15.34407078,6840.819202980352,462.6822029803525
STARLINK-32334,62023,26,259.80008667,53.1612,359.0917,0.0001289,104.8326,255.2819,15.3444986,6840.692049792426,462.55504979242596
STARLINK-32504,62024,26,260.57544074,53.159,355.4061,0.0001209,105.7332,254.3804,15.34389754,6840.870693647812,462.7336936478123
STARLINK-32493,62025,26,259.79113466,53.1597,356.9117,0.0001226,93.5498,266.5645,15.34407437,6840.818135965108,462.6811359651083
STARLINK-32561,62026,26,260.5438844,53.1583,355.2072,4.72e-05,45.6942,314.41,15.34375752,6840.912311322251,462.7753113222516
STARLINK-32512,62027,26,260.31029851,53.158,356.5915,7.79e-05,100.4764,259.6326,15.3355697,6843.347050805833,465.2100508058329
STARLINK-32604,62070,26,260.60552018,53.1602,18.9847,0.0001848,99.9271,260.194,15.34454225,6840.679076825895,462.5420768258955
STARLINK-32553,62071,26,259.83020442,53.1595,22.6794,9.76e-05,88.4952,271.6163,15.34415725,6840.7935025923625,462.6565025923628
STARLINK-32603,62072,26,260.62445375,53.1604,19.1008,9.89e-05,75.6099,284.5013,15.34390484,6840.868523910685,462.7315239106856
STARLINK-32444,62073,26,260.33655653,53.1608,20.1689,0.000173,117.3139,242.804,15.34402707,6840.83219444446,462.69519444445996
STARLINK-32619,62074,26,260.5992081,53.1614,18.9461,8.38e-05,69.5419,290.5674,15.34388618,6840.874070118874,462.7370701188747
STARLINK-32580,62075,26,260.35331309,53.1557,10.3083,0.0002713,84.6713,275.4599,15.34424105,6840.768596005131,462.63159600513154
STARLINK-32617,62076,26,260.28129887,53.1549,8.4417,0.0001652,50.5434,309.5715,15.3440093,6840.837476052513,462.7004760525133
STARLINK-32636,62232,26,260.15504926,53.1635,49.515,0.0001282,45.9369,314.1739,15.34390564,6840.868286131378,462.7312861313785
STARLINK-32641,62236,26,260.37554479,53.1635,35.9687,2.73e-05,104.3382,255.7652,15.34412544,6840.802957049574,462.665957049574
STARLINK-32648,62301,26,260.32331316,53.1522,8.2002,0.0001452,78.1348,281.9817,15.34384596,6840.8860245243795,462.7490245243798
STARLINK-32594,62302,26,260.60707149,53.1596,16.9195,0.0001486,77.2794,282.8375,15.34382512,6840.892218722212,462.7552187222127
STARLINK-32621,62303,26,260.59227499,53.1575,7.0332,0.0001043,83.9987,276.1134,15.34387357,6840.877818125523,462.7408181255232
STARLINK-32597,62304,26,260.60279425,53.1601,7.1028,0.0001114,105.5889,254.5237,15.34410054,6840.810357763489,462.67335776348955
STARLINK-32649,62305,26,260.32606672,53.1578,20.2953,0.0002051,75.4538,284.6692,15.34376986,6840.908643520053,462.77164352005366
STARLINK-32633,62306,26,260.62658692,53.1596,19.3177,0.0001115,80.3776,279.7353,15.34387461,6840.877509011378,462.740509011378
STARLINK-32646,62307,26,260.56501261,53.161,7.5731,9.2e-05,112.3653,247.7447,15.34385591,6840.883067126808,462.74606712680816
STARLINK-32706,62308,26,259.85546778,53.1576,23.037,0.000103,15.3948,344.7086,15.34464932,6840.64725542482,462.51025542482057
STARLINK-32696,62310,26,259.99196288,53.1597,21.7623,0.0001133,115.9503,244.1616,15.34364294,6840.9463680218305,462.8093680218308
STARLINK-32700,62311,26,260.27080192,53.1608,8.5838,0.0001098,99.6952,260.4175,15.3437435,6840.916478474637,462.7794784746375
STARLINK-32698,62312,26,259.81128234,53.1611,22.766,0.0001107,84.123,275.9899,15.3440441,6840.827132789133,462.6901327891337
STARLINK-32634,62313,26,260.33804157,53.1606,8.2916,0.0001401,94.4092,265.707,15.34383616,6840.888937341192,462.7519373411924
STARLINK-32651,62314,26,259.7209914,53.1591,23.6223,0.0001671,51.5645,308.5508,15.34426408,6840.761751191575,462.62475119157534
STARLINK-32627,62315,26,260.63078457,53.1592,19.2994,6.14e-05,83.5366,276.5706,15.34396906,6840.849436242588,462.7124362425884
STARLINK-32596,62316,26,259.3448074,53.1608,24.8323,8.79e-05,73.0181,287.0918,15.34409073,6840.8132734719375,462.67627347193775
STARLINK-32481,62320,26,259.79227374,53.1625,12.6986,0.0001075,124.8441,235.2663,15.34401405,6840.8360642542,462.6990642542005
STARLINK-32645,62321,26,259.84219625,53.1617,10.8832,0.000122,88.7964,271.3178,15.34408515,6840.814931949689,462.6779319496891
STARLINK-32654,62322,26,260.38488488,53.1587,19.9425,0.0001965,127.356,232.7621,15.34379398,6840.901474377927,462.7644743779274
STARLINK-32702,62432,26,260.14010725,53.1584,161.5469,0.0001011,58.5978,301.5123,15.34404935,6840.825572386413,462.6885723864134
STARLINK-32712,62433,26,260.46892809,53.158,163.5847,0.0001373,134.8214,225.29,15.34376876,6840.908970471428,462.7719704714282
STARLINK-32674,62434,26,259.43670984,53.1541,166.4034,8.52e-05,90.1755,269.9345,15.34421217,6840.777179538469,462.64017953846906
STARLINK-32711,62435,26,260.21467974,53.1592,164.8456,0.0001379,97.2282,262.8877,15.34426108,6840.762642829367,462.6256428293673
STARLINK-32697,62436,26,260.46683727,53.1582,163.5819,6.55e-05,66.6672,293.44,15.34361244,6840.955433631202,462.8184336312024
STARLINK-32693,62437,26,260.43211096,53.1536,159.7399,0.0001612,87.4755,272.6432,15.34382706,6840.891642102436,462.75464210243626
STARLINK-32721,62438,26,260.03766325,53.1563,163.7459,0.0001119,132.9333,227.1764,15.34412642,6840.802665776906,462.6656657769063
STARLINK-32709,62439,26,260.1721499,53.1574,163.1676,0.0002554,92.6547,267.4748,15.34399001,6840.8432094472455,462.7062094472458
STARLINK-32689,62440,26,259.44303379,53.1594,166.432,0.0003563,70.9741,289.1647,15.34407616,6840.817603943735,462.68060394373515
STARLINK-32724,62441,26,260.15530795,53.1558,163.0657,3.93e-05,36.9635,323.1394,15.34419955,6840.780930384553,462.64393038455364
STARLINK-32291,62442,26,259.18514386,53.1588,169.7988,0.0001258,100.5216,259.5929,15.34420633,6840.778915270092,462.6419152700919
STARLINK-32736,62443,26,260.15587762,53.1568,165.1943,0.0002554,91.9668,268.1627,15.34407408,6840.818222158525,462.6812221585251
STARLINK-32737,62444,26,259.00333052,53.1583,166.5348,0.0001717,104.1903,255.929,15.34412104,6840.804264804794,462.6672648047943
STARLINK-32683,62445,26,260.58336806,53.1565,161.08,0.0001133,98.6276,95.6639,15.34331776,6841.043023826317,462.9060238263173
STARLINK-32726,62446,26,260.16162072,53.1555,163.0979,0.0001312,129.5543,230.5575,15.34420395,6840.779622640485,462.64262264048557
STARLINK-32719,62448,26,260.13645029,53.1571,163.5055,0.0002048,80.8599,279.2635,15.34409753,6840.811252389297,462.6742523892972
STARLINK-32723,62449,26,259.17196268,53.1577,167.5888,0.000144,86.9777,273.1391,15.34423149,6840.771437365679,462.63443736567933
STARLINK-32722,62450,26,260.10911376,53.1571,163.4781,0.0001393,99.5515,260.5645,15.34397053,6840.848999326176,462.71199932617674
STARLINK-32720,62451,26,259.18668714,53.1577,167.6848,0.0001173,61.7903,298.3218,15.34431107,6840.747785209555,462.6107852095556
STARLINK-32656,62452,26,260.42636727,53.1557,161.9019,0.0001293,265.7453,94.3402,15.34402405,6840.83309204961,462.69609204961034
STARLINK-32690,62453,26,260.24148715,53.157,162.8831,0.0001189,95.0995,265.0143,15.34402669,6840.832307388137,462.69530738813773
STARLINK-33575,62760,26,260.11058061,53.1558,149.392,5.94e-05,135.0135,225.0916,15.34409857,6840.810943282672,462.67394328267255
STARLINK-33584,62761,26,259.40039531,53.1565,152.8117,3.53e-05,25.7296,334.3724,15.34425895,6840.763275892375,462.6262758923749
STARLINK-33592,62765,26,260.4173297,53.1601,147.7778,9.38e-05,70.1539,289.9565,15.34377743,6840.906393501203,462.769393501203
STARLINK-33595,62766,26,259.44239408,53.1576,152.3598,0.0001203,95.8356,264.2784,15.34390674,6840.867959184865,462.73095918486524
STARLINK-33572,62767,26,260.0791153,53.1576,149.9338,0.0001069,92.7606,267.3519,15.34427675,6840.757985511174,462.6209855111747
STARLINK-33601,62768,26,258.7406299,53.1579,155.8,7.08e-05,78.2612,281.847,15.34414988,6840.79569307514,462.65869307514004
STARLINK-33569,62769,26,260.40687246,53.1576,148.4255,0.0005339,260.229,99.811,15.34409455,6840.812138098859,462.67513809885895
STARLINK-33598,62771,26,260.39427366,53.1576,148.3421,0.0001083,103.6974,256.4149,15.34403689,6840.829275743651,462.6922757436514
STARLINK-33567,62773,26,260.39007266,53.1572,148.3143,0.0002325,69.6422,290.483,15.34390811,6840.8675519879,462.73055198790007
STARLINK-33574,62774,26,260.42574272,53.1586,147.8322,8.18e-05,71.7883,288.3209,15.3440931,6840.812569065023,462.6755690650234
STARLINK-33576,62775,26,260.42364514,53.1562,147.8218,0.0001109,73.0858,287.0266,15.34405466,6840.823994151426,462.686994151426
STARLINK-33570,62776,26,260.10637668,53.158,149.393,2.92e-05,40.1861,319.9163,15.34421991,6840.774879101341,462.63787910134124
STARLINK-33591,62777,26,260.11268399,53.156,149.4325,8.1e-05,129.6873,230.4202,15.34403808,6840.828922052013,462.69192205201307
STARLINK-33573,62778,26,260.2177984,53.1573,149.3717,9.34e-05,109.3088,250.8016,15.34448405,6840.696374128271,462.559374128271
STARLINK-33568,62779,26,259.43405922,53.1603,153.0155,4.77e-05,124.3534,235.7514,15.34424221,6840.768251237734,462.63125123773443
STARLINK-33593,62780,26,258.95497155,53.159,155.0012,0.000166,88.3568,271.7625,15.3440808,6840.816224849707,462.6792248497077
STARLINK-33588,62781,26,260.38529738,53.1607,146.0935,0.0003119,69.5864,290.5473,15.34383347,6840.889736880226,462.7527368802266
STARLINK-32883,62806,26,260.12253312,53.1579,137.1532,0.0001364,82.0776,278.0382,15.34399765,6840.840938676718,462.7039386767183
STARLINK-32886,62807,26,260.12884428,53.1582,137.1901,0.0001149,66.4414,293.6709,15.34435844,6840.733706359205,462.5967063592052
STARLINK-32787,62809,26,260.29067635,53.1558,136.775,0.0001328,85.4431,274.6724,15.3440433,6840.8273705648635,462.69037056486377
STARLINK-32851,62810,26,260.3584846,53.1577,138.6191,0.0001316,104.8552,255.2596,15.34380263,6840.898903359311,462.76190335931096
STARLINK-32847,62811,26,260.28073073,53.1578,138.8404,0.0001122,67.2643,292.8478,15.34417546,6840.7880902944025,462.6510902944028
STARLINK-32837,62812,26,260.05117186,53.1581,138.135,1.76e-05,44.7653,315.3364,15.34418572,6840.785040865999,462.64804086599906
STARLINK-32855,62813,26,260.06580144,53.1578,137.5054,0.0002624,294.3765,65.6963,15.3443221,6840.74450697384,462.6075069738399
STARLINK-32854,62816,26,260.37896052,53.1591,136.6154,0.0001501,86.8536,273.2638,15.34372183,6840.922919442344,462.7859194423445
STARLINK-32824,62817,26,260.24915958,53.1594,138.6434,0.0001303,67.6437,292.4704,15.34414096,6840.798344245244,462.66134424524444
STARLINK-32853,62818,26,260.00699164,53.1558,137.8455,0.0002638,90.4069,269.7236,15.34412512,6840.803052159023,462.6660521590229
STARLINK-32856,62819,26,259.1034947,53.155,142.1659,0.0001022,78.1192,281.9926,15.3442492,6840.766173717873,462.6291737178735
STARLINK-32782,62821,26,260.0364455,53.1575,138.0286,0.0001193,106.8829,253.2305,15.34426121,6840.762604191722,462.62560419172223
STARLINK-32842,62822,26,259.14759344,53.1574,141.7281,0.0001435,94.3306,265.7861,15.34391861,6840.864431137252,462.7274311372521
STARLINK-32852,62824,26,259.0494575,53.1581,144.6671,0.0001423,87.1209,272.9957,15.34414571,6840.796932467122,462.6599324671224
STARLINK-32825,62825,26,260.19818397,53.1586,136.9029,0.0001209,100.9812,259.1327,15.34404143,6840.827926365714,462.6909263657144
STARLINK-32727,62828,26,260.03798265,53.157,133.7797,0.0002396,77.7295,282.3976,15.34396549,6840.850497325594,462.7134973255943
STARLINK-32868,62854,26,259.78721483,53.159,317.3311,9.86e-05,100.1889,259.9224,15.34393467,6840.859657728767,462.72265772876744
STARLINK-32867,62855,26,259.75621617,53.1603,319.2547,6.93e-05,96.8237,263.2845,15.34407245,6840.81870662502,462.6817066250205
STARLINK-32860,62856,26,259.72886337,53.159,319.0959,9.72e-05,95.9456,264.1657,15.34405628,6840.823512656187,462.686512656187
STARLINK-32873,62857,26,260.4516741,53.1604,315.7918,0.0001037,90.7048,269.4074,15.34395075,6840.854878384156,462.7178783841564
STARLINK-32866,62858,26,260.18646913,53.1542,315.5522,5.94e-05,40.7493,319.3554,15.34381366,6840.895624942543,462.75862494254307
STARLINK-32869,62859,26,259.74990377,53.1597,319.2156,0.0001114,94.4763,265.6367,15.34408393,6840.815294556069,462.678294556069
STARLINK-32831,62860,26,260.17429892,53.1588,316.9005,0.0001213,84.1231,275.991,15.34380064,6840.899494841992,462.7624948419925
STARLINK-32859,62861,26,259.76253144,53.1615,319.304,0.0001306,103.6142,256.5006,15.34376477,6840.910156413558,462.77315641355835
STARLINK-32864,62862,26,260.44745585,53.1588,315.7502,0.0001144,96.5445,263.5688,15.34392863,6840.8614529573815,462.7244529573818
STARLINK-32808,62863,26,260.14493184,53.1589,317.4256,0.0001197,89.1697,270.9442,15.34391226,6840.86631850841,462.72931850840996
STARLINK-32862,62864,26,259.74149035,53.161,319.1835,0.0001034,83.5182,276.5939,15.344017,6840.835187453512,462.6981874535122
STARLINK-32841,62865,26,260.13020751,53.1542,317.3422,0.0002753,46.8913,313.232,15.34398881,6840.843566112945,462.70656611294544
STARLINK-32695,62866,26,259.79142813,53.1603,317.3585,0.0001376,59.7089,300.4049,15.34387028,6840.878795996458,462.7417959964587
STARLINK-32846,62867,26,260.46008943,53.1593,315.8283,8.98e-05,82.8073,277.3032,15.3439868,6840.844163528095,462.7071635280954
STARLINK-32822,62868,26,260.44325971,53.1575,315.7366,0.0001009,83.0379,277.0738,15.34387532,6840.877297981549,462.7402979815497
STARLINK-32813,62869,26,260.20375764,53.1592,317.0878,0.000123,95.3759,264.7384,15.34388139,6840.875493825792,462.7384938257919
STARLINK-32861,62870,26,260.18435741,53.1575,315.5456,0.0001002,101.8577,258.2538,15.34393331,6840.860061952326,462.72306195232613
STARLINK-32814,62871,26,259.19936236,53.159,321.4858,0.0001992,89.8218,270.3013,15.34404454,6840.827002012489,462.69000201248946
STARLINK-32849,62872,26,260.1785097,53.1654,316.9331,0.000154,320.4961,39.5929,15.34405263,6840.82459750669,462.6875975066905
STARLINK-32833,62873,26,260.1932359,53.1576,317.0218,0.0001313,91.4315,268.6838,15.34384608,6840.885988857253,462.7489888572536
STARLINK-32793,62874,26,260.15755833,53.1604,317.512,0.0001512,81.6278,278.4896,15.34390243,6840.869240220972,462.732240220972
STARLINK-32834,62875,26,260.44115625,53.1476,315.7215,9.03e-05,303.2954,56.7962,15.34398975,6840.84328672481,462.7062867248105
STARLINK-32728,62948,26,259.46541589,53.1582,60.8318,0.0002905,112.3928,247.7383,15.34408932,6840.813692549553,462.6766925495531
STARLINK-32857,62949,26,259.93177388,53.1581,58.0655,5.01e-05,13.3441,346.7575,15.34430569,6840.749384205373,462.612384205373
STARLINK-32875,62951,26,258.75724238,53.1603,63.524,0.0001164,81.0328,279.0806,15.34402234,6840.833600296367,462.69660029636725
STARLINK-32884,62953,26,259.48636324,53.1574,60.2521,8.91e-05,106.0814,254.0287,15.34408744,6840.814251319809,462.67725131980933
STARLINK-32874,62954,26,259.4128119,53.1568,60.503,0.000122,101.8132,258.3007,15.34407599,6840.8176544708995,462.68065447089975
STARLINK-32815,62956,26,260.15665966,53.1604,57.3243,8.34e-05,90.8033,269.3066,15.34405221,6840.82472233883,462.6877223388301
STARLINK-32885,62958,26,260.59999051,53.1585,55.113,8.31e-05,339.9846,20.1124,15.3439232,6840.863066880802,462.72606688080214
STARLINK-32896,62959,26,260.55703118,53.1595,59.8117,0.0001116,93.841,266.272,15.34423911,6840.769172598978,462.6321725989783
STARLINK-32877,62960,26,260.17664189,53.1594,60.9925,7.6e-05,92.5196,267.5894,15.34407544,6840.817817941146,462.6808179411464
STARLINK-32889,62961,26,259.974924,53.1589,61.8705,0.0001085,88.3071,271.8056,15.34410565,6840.808838980808,462.6718389808084
STARLINK-32858,62962,26,260.40782271,53.1546,60.3086,0.0001443,78.2451,281.8713,15.34390362,6840.8688865241675,462.73188652416775
STARLINK-32882,62963,26,260.13140614,53.1574,57.1663,1.67e-05,191.9015,168.1983,15.34423072,6840.771666220161,462.6346662201613
STARLINK-32887,62964,26,259.97387464,53.159,58.3151,8.98e-05,84.677,275.4335,15.3440394,6840.828529721845,462.69152972184565
STARLINK-32836,62965,26,259.923417,53.159,58.7107,6.64e-05,72.5743,287.5333,15.34499369,6840.5449105361395,462.40791053613975
STARLINK-32888,62966,26,260.45192248,53.1647,59.8834,7.15e-05,330.1918,29.9044,15.34410628,6840.808651733687,462.6716517336872
STARLINK-32897,62967,26,259.92395707,53.1604,60.1324,8.66e-05,2.6616,357.4391,15.34399664,6840.841238870096,462.70423887009656
STARLINK-32894,62969,26,259.19120149,53.1603,65.5051,8.14e-05,99.7505,260.359,15.34420579,6840.7790757658795,462.6420757658798
STARLINK-32826,62970,26,260.17453981,53.1588,60.975,0.0001105,93.7261,266.3868,15.34392625,6840.862160349114,462.72516034911405
STARLINK-32798,63029,26,260.26199677,53.1566,98.5086,5.72e-05,255.4165,104.6774,15.34445661,6840.704529457905,462.56752945790504
STARLINK-32779,63030,26,260.26411178,53.1549,98.5203,0.0002176,83.6038,276.5212,15.34390409,6840.8687468288035,462.7317468288038
STARLINK-32716,63031,26,259.50286635,53.1547,88.0985,0.0002587,71.939,288.1894,15.34412856,6840.802029732616,462.66502973261595
STARLINK-32776,63032,26,259.52601173,53.1583,88.2388,0.0002106,88.3961,271.7283,15.34406069,6840.822201919576,462.6852019195767
STARLINK-32801,63035,26,258.53426193,53.1561,92.7157,9.22e-05,88.8391,271.2717,15.34410777,6840.808208879434,462.67120887943383
STARLINK-32810,63037,26,260.13117292,53.158,85.6174,0.0001038,76.5629,283.5489,15.3443277,6840.742842594564,462.6058425945639
STARLINK-32811,63039,26,259.49243747,53.1563,88.7397,3.63e-05,122.9083,237.1955,15.34398602,6840.844395360875,462.7073953608751
STARLINK-32795,63042,26,260.22566577,53.1584,84.7807,7.96e-05,264.8062,95.285,15.34413822,6840.799158618639,462.6621586186393
STARLINK-32827,63043,26,260.27204109,53.1602,97.1485,0.0001329,80.1634,279.9519,15.34397269,6840.848357326676,462.7113573266761
STARLINK-32735,63044,26,260.25309922,53.1576,97.0307,0.0001282,93.2711,266.8438,15.34383484,6840.88932968002,462.75232968002
STARLINK-32828,63045,26,259.94473889,53.1578,100.0752,8.65e-05,90.2899,269.8202,15.34402881,6840.83167728136,462.6946772813599
STARLINK-32738,63046,26,259.54284622,53.1575,88.3399,0.000131,340.4161,19.6791,15.34409943,6840.810687675298,462.6736876752984
STARLINK-32790,63048,26,258.51118659,53.1573,93.2785,0.0001212,310.993,49.0968,15.34406152,6840.821955227722,462.68495522772264
STARLINK-32829,63049,26,260.20479844,53.1584,97.4394,0.0001512,93.7771,266.3405,15.34403356,6840.830265486041,462.6932654860411
STARLINK-32816,63050,26,259.55133258,53.1582,100.467,0.0001405,93.167,266.9493,15.34414229,6840.7979489472955,462.66094894729576
STARLINK-32835,63051,26,260.25520623,53.1587,97.047,0.0001637,83.6862,276.4327,15.34391621,6840.865144474229,462.72814447422934
STARLINK-32840,63363,26,260.30713617,53.1556,236.2856,0.0001097,89.3041,270.8088,15.34403628,6840.829457047786,462.69245704778587
STARLINK-32543,63364,26,260.32607037,53.1588,236.4001,8.8e-05,85.66,274.4503,15.34386411,6840.8806298769405,462.74362987694076
STARLINK-33741,63365,26,260.35552635,53.1575,236.5676,0.000115,82.7865,277.3268,15.34402292,6840.8334279085675,462.6964279085678
STARLINK-33742,63366,26,260.52414377,53.1572,239.7475,0.0001423,129.0829,231.0301,15.34390731,6840.867789767142,462.7307897671426
STARLINK-33734,63367,26,260.36239802,53.1577,250.087,0.0001449,70.4681,289.6478,15.34405685,6840.823343241215,462.6863432412156
STARLINK-33578,63368,26,260.41855875,53.1576,236.2542,0.0001241,91.2513,268.8632,15.3440857,6840.814768479614,462.6777684796143
STARLINK-33626,63369,26,260.33448594,53.1589,236.439,0.0001281,87.5336,272.5814,15.34409498,6840.8120102951125,462.67501029511277
STARLINK-33657,63370,26,260.21894201,53.1583,237.1376,0.0001083,92.357,267.7557,15.34409012,6840.8134547750105,462.6764547750108
STARLINK-33614,63372,26,260.35973233,53.1585,236.5952,9.62e-05,61.5932,298.5168,15.34410647,6840.808595262334,462.67159526233445
STARLINK-33617,63373,26,260.23577583,53.1579,237.2404,0.0001403,93.1505,266.9658,15.34427754,6840.757750713595,462.62075071359504
STARLINK-33618,63374,26,260.37857939,53.1586,236.0032,9.54e-05,102.0876,258.0234,15.34416411,6840.791463691379,462.65446369137953
STARLINK-33621,63375,26,260.31975687,53.1564,236.3475,0.0001085,103.4561,256.6562,15.34405497,6840.823902013441,462.6869020134409
STARLINK-33539,63376,26,260.37291426,53.1605,250.1529,4.11e-05,73.2397,286.865,15.34425796,6840.763570132977,462.6265701329776
STARLINK-33634,63377,26,260.22151942,53.1582,240.7024,0.0001318,78.4419,281.6732,15.3439512,6840.85474463396,462.71774463396014
STARLINK-33640,63378,26,260.44640198,53.1569,239.9689,9.6e-05,84.3099,275.8013,15.34370331,6840.928424148495,462.791424148495
STARLINK-33643,63381,26,260.22362623,53.157,240.716,0.000104,103.13,256.9819,15.34405912,6840.8226685536265,462.6856685536268
STARLINK-33748,63383,26,260.24685555,53.1593,250.7982,0.0001143,100.7371,259.376,15.34396269,6840.851329547847,462.7143295478472
STARLINK-33658,63384,26,260.22104479,53.1591,237.1435,0.0001267,90.8314,269.2834,15.34400364,6840.8391583226085,462.70215832260874
STARLINK-33616,63385,26,260.25316882,53.1579,250.8479,0.0001086,85.4226,274.6901,15.34403743,6840.829115244919,462.6921152449195
STARLINK-33571,63386,26,260.33876459,53.1564,248.5145,0.0001184,88.4336,271.6803,15.34403475,6840.829911794274,462.69291179427455
STARLINK-33533,63387,26,260.34711076,53.1586,236.5166,0.0001526,89.6,270.5177,15.34401802,6840.834884288593,462.69788428859283
STARLINK-33629,63388,26,260.21052752,53.1588,237.0834,0.0001188,79.0871,281.0265,15.34406276,6840.821586676078,462.68458667607865
STARLINK-33682,63433,26,259.77414892,53.1583,325.4501,0.0001092,102.0014,258.1111,15.34402168,6840.833796461807,462.696796461807
STARLINK-33710,63434,26,259.84138896,53.1608,325.156,7.55e-05,97.6202,262.4887,15.34405979,6840.822469416794,462.68546941679415
STARLINK-33733,63435,26,260.44071626,53.161,323.9254,0.0001237,110.9038,249.2097,15.34383957,6840.88792379948,462.75092379948
STARLINK-33638,63436,26,260.15655361,53.1592,323.5716,0.0001194,74.347,285.7665,15.3438534,6840.883813163481,462.7468131634814
STARLINK-33681,63438,26,259.83507805,53.1618,325.1179,6.65e-05,106.9979,253.1097,15.34392518,6840.86247837823,462.72547837823004
STARLINK-33730,63439,26,259.77883307,53.1606,326.907,9.68e-05,96.3475,263.7638,15.34402408,6840.833083133002,462.6960831330025
STARLINK-33743,63440,26,260.45123327,53.1528,323.987,0.0002124,100.2326,259.8916,15.34393159,6840.860573176325,462.72357317632486
STARLINK-33715,63441,26,260.16917952,53.1532,323.6387,0.000259,78.5071,281.6223,15.34393357,6840.859984674288,462.72298467428845
STARLINK-33762,63442,26,260.19911396,53.1583,325.2625,0.0001217,70.6568,289.4566,15.3440718,6840.8188998172045,462.6818998172048
STARLINK-33753,63443,26,260.44281977,53.1583,323.9389,0.0001614,84.1481,275.9706,15.34393456,6840.859690423317,462.72269042331754
STARLINK-33747,63444,26,260.4554435,53.1605,324.017,0.0001194,99.0239,261.0899,15.34388967,6840.873032804699,462.7360328046989
STARLINK-33659,63445,26,259.76783334,53.1607,325.405,0.0003368,67.076,293.0598,15.34425324,6840.7649729774985,462.62797297749876
STARLINK-33746,63446,26,260.1927947,53.1594,325.2195,0.0001269,79.1625,280.9521,15.34377378,6840.907478384566,462.77047838456656
STARLINK-33799,63447,26,260.22750833,53.1578,331.1265,0.0001404,83.3069,276.8093,15.3439792,6840.846422412428,462.70942241242847
STARLINK-33797,63448,26,260.47017047,53.1583,324.1119,0.0001161,87.383,272.7305,15.34398275,6840.845367275436,462.7083672754361
STARLINK-33798,63449,26,260.47227292,53.159,324.1103,0.000133,90.9132,269.2023,15.34400593,6840.838477686703,462.7014776867036
STARLINK-33736,63450,26,258.55807358,53.1601,332.7938,0.0001088,33.0687,327.0384,15.34412446,6840.803248322274,462.66624832227444
STARLINK-33740,63451,26,260.16285942,53.1601,323.6035,0.0001049,92.0052,268.1071,15.34389248,6840.872197603599,462.73519760359886
STARLINK-33763,63452,26,260.20120632,53.1629,325.2622,8.34e-05,65.0576,295.0513,15.34353217,6840.979292675209,462.84229267520914
STARLINK-33784,63453,26,260.49436662,53.1499,329.9498,0.0001863,102.0549,258.0662,15.34398239,6840.845474275225,462.70847427522494
STARLINK-33768,63454,26,260.46384696,53.157,324.0518,0.0002393,96.0409,264.0867,15.34417361,6840.788640142965,462.65164014296533
STARLINK-33761,63455,26,260.44492164,53.1605,323.9371,9.84e-05,85.7561,274.3554,15.34385599,6840.883043348749,462.7460433487495
STARLINK-33737,63456,26,259.79774748,53.1594,327.0,0.0001957,90.4892,269.6335,15.34467837,6840.638621775175,462.5016217751754
STARLINK-33795,63457,26,260.20752279,53.1588,325.3052,0.0001414,92.5939,267.5225,15.34393122,6840.860683148942,462.72368314894265
STARLINK-33756,63458,26,260.45754169,53.1624,324.0094,9.16e-05,94.2497,265.861,15.344001,6840.8399429860465,462.70294298604676
STARLINK-33780,63459,26,260.46596331,53.1587,324.0662,0.0001173,87.9524,272.1613,15.3438888,6840.873291390144,462.7362913901443
STARLINK-33828,63493,26,260.15711234,53.1594,325.6804,9.99e-05,72.8135,287.2977,15.34394074,6840.857853584639,462.72085358463937
STARLINK-33819,63494,26,260.48068544,53.1583,324.1282,0.0001454,69.75,290.3659,15.34377555,6840.906952290387,462.76995229038766
STARLINK-33845,63495,26,260.18704284,53.1564,329.4042,0.0002209,75.4175,284.7073,15.34381011,6840.8966800989165,462.75968009891676
STARLINK-33838,63500,26,260.58336806,53.1621,326.9239,0.0001754,79.6732,271.1375,15.33527184,6843.435663635796,465.2986636357964
STARLINK-33818,63502,26,260.22061438,53.1592,328.902,0.0001333,95.4957,264.6197,15.34398307,6840.845272164515,462.7082721645156
STARLINK-33583,63503,26,259.78045784,53.1606,325.4262,0.0001317,72.2635,287.8511,15.34385869,6840.882240839415,462.7452408394156
STARLINK-33811,63504,26,259.74783019,53.1596,330.9315,0.0001379,79.6756,280.4402,15.34402766,6840.832019084546,462.6950190845464
STARLINK-33825,63505,26,259.85294048,53.1628,330.866,5.95e-05,124.7327,235.3732,15.34400949,6840.837419580566,462.70041958056663
STARLINK-33792,63506,26,259.82137882,53.1583,330.6757,7.52e-05,110.79,249.3183,15.34392162,6840.8635364940565,462.72653649405675
STARLINK-33809,63508,26,260.47484261,53.1609,327.61,0.0001046,75.9587,284.1532,15.34401269,6840.836468474275,462.6994684742749
STARLINK-33764,63510,26,260.21008947,53.1581,328.8013,0.000115,83.3385,276.7748,15.34390805,6840.867569821342,462.7305698213422
STARLINK-33786,63514,26,260.21640582,53.1551,328.8351,0.0002165,87.7979,272.3271,15.34399147,6840.842775504041,462.7057755040414
STARLINK-33796,63515,26,260.46642969,53.1561,327.5492,0.000161,91.6047,268.514,15.34397188,6840.848598076471,462.7115980764711
STARLINK-33803,63517,26,260.20798864,53.1549,328.7777,0.0001553,79.8279,280.2899,15.34381034,6840.896611736661,462.7596117366611
STARLINK-33807,63518,26,260.21382567,53.1528,325.2612,0.0001516,97.6208,262.4967,15.34380667,6840.897702560692,462.76070256069215
STARLINK-33787,63519,26,260.19383644,53.1545,330.8285,0.0001867,86.5315,273.5901,15.34391746,6840.86477294453,462.72777294453044
STARLINK-33894,63697,26,260.3898739,53.1608,44.6018,3.96e-05,75.419,284.6857,15.34402533,6840.832711607656,462.69571160765645
STARLINK-33922,63698,26,259.92597688,53.1593,50.2321,0.0001244,82.6625,277.4519,15.34404283,6840.827510258115,462.69051025811495
STARLINK-33919,63699,26,259.89871275,53.161,50.7738,0.0001618,80.8882,279.2304,15.34418726,6840.7845831548175,462.64758315481777
STARLINK-33908,63700,26,259.89661185,53.1619,50.757,0.0001014,63.0843,297.0263,15.34424478,6840.767487399777,462.63048739977694
STARLINK-33868,63703,26,260.12561,53.1589,49.3415,0.0001389,77.6634,282.4524,15.34420102,6840.78049347908,462.64349347908046
STARLINK-33937,63704,26,260.14031733,53.1629,49.429,1.94e-05,243.6447,116.4536,15.34409387,6840.812340207121,462.67534020712174
STARLINK-33848,63705,26,260.14873958,53.163,49.4856,0.0001139,80.7234,279.3897,15.34377673,6840.906601560992,462.76960156099267
STARLINK-33995,63706,26,259.90081868,53.161,50.7793,0.0001169,79.7707,280.3427,15.34403745,6840.829109300521,462.6921093005212
STARLINK-33982,63707,26,259.91335331,53.1595,50.1489,8.08e-05,77.0724,283.0369,15.34402128,6840.833915349959,462.69691534995945
STARLINK-33915,63708,26,259.39437132,53.1597,52.6016,0.0002127,86.5167,273.6078,15.34411683,6840.805516089349,462.6685160893494
STARLINK-33862,63709,26,260.39243642,53.1587,48.1625,0.0001032,75.978,284.1337,15.34428284,6840.756175489844,462.61917548984457
STARLINK-33745,63714,26,259.91125005,53.1591,50.1353,7.67e-05,62.2389,297.8691,15.34403431,6840.830042571057,462.69304257105705
STARLINK-33728,63715,26,260.1361073,53.1633,49.401,2.67e-05,254.3043,105.793,15.34407019,6840.819378339444,462.68237833944386
STARLINK-33725,63717,26,258.87749398,53.1597,55.0599,0.0002142,67.9456,292.1774,15.3440285,6840.831769419606,462.694769419606
STARLINK-33727,63719,26,260.38777033,53.1602,44.5856,0.0002152,87.0631,273.0618,15.34403117,6840.830975841911,462.6939758419112
STARLINK-33757,63720,26,259.46581732,53.1599,52.3309,0.000149,107.8797,252.2368,15.34404939,6840.825560497635,462.6885604976351
STARLINK-33767,63722,26,259.41330296,53.1608,52.7111,0.0001047,87.8367,272.2755,15.34395832,6840.852628409514,462.71562840951447
STARLINK-33806,63723,26,259.89029599,53.1624,50.7117,8.39e-05,83.8275,276.2824,15.34404607,6840.826547266484,462.6895472664846
STARLINK-34174,64097,26,260.22664991,53.1565,213.1271,6.08e-05,77.7222,282.3848,15.34405596,6840.8236077663505,462.6866077663508
STARLINK-34146,64098,26,260.59221715,53.1595,211.1447,0.0001417,80.6212,279.495,15.34403967,6840.8284494725,462.6914494725006
STARLINK-34074,64099,26,260.29646886,53.1587,216.3965,0.000111,91.0803,269.0327,15.34409613,6840.811668494425,462.67466849442553
STARLINK-34082,64100,26,260.1619908,53.1588,216.9789,0.0002154,94.8922,265.2327,15.34421889,6840.77518225961,462.6381822596104
STARLINK-34104,64102,26,260.30651424,53.1579,212.9154,0.0001455,95.9445,264.1724,15.34412051,6840.804422329897,462.6674223298969
STARLINK-34176,64104,26,260.29857273,53.1584,216.4068,0.0001565,96.3333,263.7848,15.34410455,6840.809165920256,462.6721659202567
STARLINK-33970,64106,26,260.24768465,53.1576,213.257,0.0001045,165.0236,195.0797,15.3441552,6840.794111885225,462.6571118852253
STARLINK-34145,64110,26,260.59853527,53.1568,211.1788,0.0001642,88.0735,272.0456,15.3440596,6840.822525888431,462.6855258884316
STARLINK-34160,64119,26,260.27390319,53.158,209.1456,0.0001227,56.6147,303.4972,15.34415302,6840.794759816321,462.65775981632123
STARLINK-34151,64120,26,260.58336806,53.1598,215.0087,0.000146,86.5894,85.8361,15.3355639,6843.348776268321,465.21177626832105
STARLINK-34202,64174,26,260.32847838,53.1574,280.4392,0.0001682,85.2904,274.8291,15.34401333,6840.836278253057,462.69927825305695
STARLINK-34191,64176,26,260.05484535,53.1589,278.0306,0.0001169,101.1296,258.9838,15.34345629,6841.001847049357,462.8648470493572
STARLINK-34164,64177,26,260.32638002,53.1592,280.4281,0.0001481,95.6641,264.453,15.34375394,6840.913375401929,462.7763754019297
STARLINK-34227,64178,26,260.25074292,53.1585,280.6657,0.0001151,57.9655,302.1459,15.34384636,6840.8859056339625,462.74890563396275
STARLINK-34194,64179,26,260.22289347,53.1567,276.9488,0.00021,76.6253,283.4983,15.34402637,6840.832402498607,462.6954024986071
STARLINK-33917,64181,26,260.24019995,53.1582,280.5978,0.000177,66.2733,293.8455,15.3440518,6840.824844198782,462.68784419878193
STARLINK-34131,64182,26,260.32216549,53.1597,280.395,0.0001185,81.4118,278.7019,15.34408678,6840.814447483861,462.6774474838612
STARLINK-34197,64184,26,260.21503814,53.1565,281.1491,0.0001169,88.0955,272.0182,15.34405927,6840.822623970752,462.6856239707522
STARLINK-33934,64187,26,260.33058235,53.1589,280.4504,0.0002074,88.9776,271.1465,15.34395828,6840.85264029841,462.7156402984101
STARLINK-33929,64188,26,260.33689291,53.1585,280.4839,0.0001624,91.3989,268.72,15.34405455,6840.82402684555,462.68702684555046
STARLINK-33872,64189,26,260.2165773,53.1579,276.903,0.0001284,90.9928,269.1222,15.34402355,6840.833240659764,462.69624065976404
STARLINK-34214,64190,26,260.27386237,53.1585,280.8017,0.0001031,85.2523,274.8597,15.34412496,6840.803099713749,462.66609971374965
STARLINK-34222,64191,26,260.24230399,53.159,280.6073,0.00015,83.7735,276.3439,15.34390759,6840.867706544405,462.7307065444056
STARLINK-34265,64192,26,260.24651409,53.1592,280.6359,0.0001551,68.3117,291.805,15.34411,6840.807546084278,462.6705460842786
STARLINK-34245,64193,26,260.23762036,53.1592,277.0354,0.0001532,74.953,285.1642,15.34404864,6840.825783412252,462.68878341225263
STARLINK-33966,64203,26,260.32231224,53.1586,228.2072,0.0001275,84.103,276.0118,15.3440113,6840.83688161103,462.6998816110299
STARLINK-34331,64204,26,260.60543943,53.159,225.0025,0.0001526,94.5493,265.5684,15.34395546,6840.853478465766,462.71647846576616
STARLINK-34251,64205,26,260.20830999,53.1574,226.787,0.0001277,90.5496,269.5653,15.34403608,6840.829516491766,462.6925164917666
STARLINK-34311,64206,26,260.22935005,53.1585,226.9212,0.0001347,87.9529,272.1628,15.34404298,6840.827465675162,462.69046567516216
STARLINK-34324,64207,26,260.21097712,53.159,228.931,0.0001115,80.5062,279.6067,15.34403484,6840.829885044479,462.6928850444792
STARLINK-34327,64208,26,260.6060014,53.1579,227.1302,0.0001987,78.7499,281.3727,15.34401056,6840.8371015543635,462.70010155436375
STARLINK-33944,64209,26,260.61441999,53.1583,227.1904,0.0002976,73.4517,286.6812,15.34401189,6840.836706250817,462.69970625081714
STARLINK-34310,64210,26,260.53454528,53.1566,227.3947,0.0001494,88.9622,271.1552,15.34402897,6840.831629726137,462.69462972613746
STARLINK-34258,64211,26,260.3343739,53.1566,226.1527,0.0001297,95.2109,264.9042,15.34404927,6840.8255961639725,462.68859616397276
STARLINK-34284,64212,26,260.32441504,53.1581,228.2159,0.0001122,98.0683,262.0447,15.34405635,6840.823491850839,462.68649185083905
STARLINK-34332,64213,26,260.60123094,53.1562,224.97,0.0001242,75.2936,284.8204,15.34402896,6840.831632698339,462.69463269833886
STARLINK-34283,64214,26,260.27926994,53.1575,225.1027,0.0001208,108.1268,251.9867,15.34401527,6840.835701645069,462.6987016450694
STARLINK-34349,64215,26,260.21251875,53.1587,226.8109,0.0001901,88.9076,271.2145,15.34410508,6840.809008394881,462.67200839488123
STARLINK-34296,64216,26,260.60810408,53.1597,227.138,0.0001594,96.553,263.5654,15.34394941,6840.8552766625535,462.71827666255376
STARLINK-34320,64217,26,260.28186303,53.1583,226.5384,0.0001292,89.4118,270.7033,15.34399992,6840.840263984791,462.7032639847912
STARLINK-34300,64218,26,260.33283043,53.1584,228.2701,0.0001172,84.909,275.2047,15.34406166,6840.82191361705,462.68491361705037
STARLINK-34323,64219,26,260.19624831,53.1592,228.8407,0.0001398,84.8105,275.3057,15.34398995,6840.8432272805285,462.70622728052876
STARLINK-34328,64220,26,260.29658853,53.1592,226.627,7.19e-05,76.213,283.8953,15.34411495,6840.806074857935,462.6690748579349
STARLINK-34326,64221,26,260.61595978,53.1573,225.0658,0.0002285,86.2665,273.8599,15.3440235,6840.83325552078,462.69625552078014
STARLINK-34318,64222,26,260.59702465,53.1583,224.9443,0.0001943,88.1608,271.9618,15.34386115,6840.881509664447,462.7445096644469
STARLINK-34337,64223,26,260.61175265,53.1575,225.0384,0.0001931,84.2172,275.9051,15.34398255,6840.845426719761,462.7084267197615
STARLINK-34304,64224,26,260.33493395,53.1583,228.2786,0.0001223,85.2197,274.8945,15.34402277,6840.833472491618,462.6964724916179
STARLINK-34289,64225,26,260.60964492,53.1573,225.022,0.0001777,87.093,273.0276,15.34401431,6840.83598697684,462.6989869768404
STARLINK-34347,64226,26,260.55923551,53.1614,225.4166,0.0001868,187.6764,172.421,15.34404039,6840.828235474258,462.69123547425806
STARLINK-34330,64227,26,260.19834882,53.1583,228.8451,0.0001165,94.3106,265.803,15.34401822,6840.834824844494,462.6978248444939
STARLINK-34167,64228,26,260.20782266,53.1573,225.3609,0.0002059,93.1102,267.0137,15.34410617,6840.808684427628,462.67168442762795
STARLINK-34241,64229,26,260.33227829,53.1577,226.2017,0.0001286,88.0796,272.0354,15.34402203,6840.833692434678,462.69669243467797
STARLINK-34329,64256,26,260.10176538,53.1593,301.8266,0.0001548,79.7341,280.3836,15.3438899,6840.872964443033,462.7359644430335
STARLINK-34352,64257,26,259.77236301,53.1589,306.8757,0.0001033,105.8806,254.2311,15.34348272,6840.993991043693,462.8569910436936
STARLINK-34308,64258,26,259.7823944,53.1604,303.3857,9.99e-05,93.8422,266.2695,15.3439867,6840.844193250245,462.7071932502449
STARLINK-34306,64259,26,259.76766558,53.1594,303.2907,9.78e-05,96.7278,263.3836,15.34393611,6840.859229727417,462.72222972741747
STARLINK-34281,64260,26,259.39368361,53.1596,305.224,0.0002596,92.5886,267.5414,15.34412059,6840.804398552522,462.6673985525222
STARLINK-34297,64261,26,259.72146537,53.1601,303.7172,0.0001331,79.4923,280.6229,15.34400973,6840.837348247583,462.70034824758295
STARLINK-34325,64262,26,260.16526918,53.1592,305.059,0.0001081,95.2175,264.8951,15.34393061,6840.860864455157,462.7238644551571
STARLINK-34333,64264,26,260.41692427,53.1633,300.2356,0.0001391,70.9784,289.1369,15.34401141,6840.8368489167515,462.69984891675176
STARLINK-34240,64265,26,260.42160567,53.1589,303.8164,0.0001892,98.7642,261.3575,15.3440844,6840.815154863441,462.6781548634417
STARLINK-34315,64266,26,259.78919879,53.1594,306.9821,0.0001737,44.6023,315.5119,15.34410574,6840.808812231217,462.6718122312177
STARLINK-34321,64267,26,259.77188106,53.1594,303.3169,0.0002897,85.1298,275.0035,15.34404931,6840.825584275193,462.68858427519353
STARLINK-34319,64268,26,260.37493401,53.1604,300.6792,0.0001224,86.5202,273.5941,15.34387649,6840.876950228205,462.7399502282051
STARLINK-34298,64269,26,259.51343632,53.1598,304.5492,0.0001564,89.1717,270.9465,15.34404044,6840.828220613269,462.69122061326925
STARLINK-34219,64270,26,260.12959507,53.1593,305.5458,9.66e-05,73.3887,286.7222,15.34387342,6840.877862709296,462.7408627092964
STARLINK-34342,64271,26,260.1568553,53.1586,305.0096,0.000134,89.8645,270.2511,15.3441577,6840.793368845167,462.656368845167
STARLINK-34001,64272,26,259.77865807,53.159,306.9135,0.0001087,330.763,29.3311,15.34420075,6840.780573727018,462.6435737270185
STARLINK-34334,64273,26,260.15475291,53.157,304.9976,0.0001155,79.6768,280.4365,15.34379778,6840.900344912804,462.7633449128043
STARLINK-34272,64274,26,260.41950381,53.159,303.8033,4.37e-05,28.1533,331.9493,15.34392887,6840.861381623772,462.7243816237724
STARLINK-34293,64275,26,258.88569068,53.1605,311.2893,5.45e-05,88.9093,271.1972,15.34406999,6840.819437783206,462.6824377832063
STARLINK-34350,64276,26,259.77818541,53.1608,303.3541,7.38e-05,94.7127,265.396,15.34407917,6840.816709315849,462.6797093158493
STARLINK-34264,64277,26,260.12748867,53.1593,305.5321,0.0001361,88.9345,271.1813,15.34394583,6840.856340720054,462.7193407200539
STARLINK-34353,64278,26,259.1315094,53.1596,309.9808,6.05e-05,20.9893,339.1134,15.34406942,6840.819607197935,462.6826071979349
STARLINK-34377,64279,26,259.78028763,53.1567,303.3651,6.54e-05,75.2934,284.8141,15.34400268,6840.839443654742,462.70244365474264
STARLINK-34359,64280,26,260.12117558,53.154,305.4893,0.0002999,95.1358,264.9987,15.34413508,6840.800091878959,462.6630918789597
STARLINK-34366,64281,26,259.7870781,53.1592,306.963,0.000121,81.5422,278.5718,15.34394605,6840.8562753310325,462.7192753310328
STARLINK-34381,64282,26,260.15273612,53.156,305.6893,0.0001396,89.778,270.3382,15.3439591,6840.852396576036,462.71539657603626
STARLINK-34465,64438,26,260.25810984,53.1585,275.1399,0.0001058,78.3016,281.8105,15.34403801,6840.828942857402,462.69194285740195
STARLINK-34456,64439,26,260.53539539,53.1576,273.3141,0.0001288,102.564,257.5507,15.34401488,6840.835817561097,462.6988175610977
STARLINK-34410,64440,26,260.35107073,53.1578,276.4263,0.0001599,88.4232,271.6954,15.3440652,6840.820861461698,462.68386146169814
STARLINK-34453,64441,26,260.23497058,53.1594,274.9946,0.0002731,86.6771,273.4544,15.34414434,6840.79733965358,462.6603396535802
STARLINK-34404,64442,26,260.2455092,53.1587,275.0594,0.0001448,94.22,265.8968,15.34403082,6840.831079868935,462.69407986893566
STARLINK-34403,64443,26,260.26699814,53.1573,276.6078,0.0001091,69.0074,291.1045,15.34407671,6840.817440473502,462.68044047350213
STARLINK-34399,64444,26,260.2727492,53.1579,274.5142,0.0001404,90.414,269.7023,15.34401285,6840.8364209189685,462.6994209189688
STARLINK-34398,64445,26,260.31749729,53.1569,276.9261,0.0001837,91.3787,268.7426,15.34410047,6840.810378568737,462.67337856873746
STARLINK-34402,64446,26,260.32371458,53.1634,276.2565,9.19e-05,82.7279,277.3828,15.34418282,6840.785902789862,462.6489027898624
STARLINK-34450,64447,26,260.32161534,53.1575,276.2406,0.0001863,88.9072,271.2144,15.34405491,6840.823919846599,462.68691984659927
STARLINK-34433,64448,26,260.23132096,53.1582,277.0978,0.00013,86.1576,273.9576,15.34400927,6840.837484969135,462.7004849691357
STARLINK-34459,64449,26,260.51444677,53.158,273.8909,0.0001327,81.4775,278.6378,15.34400902,6840.83755927433,462.70055927432986
STARLINK-34361,64450,26,260.3547168,53.1585,274.3124,0.0002605,313.2675,46.811,15.34419988,6840.780832303726,462.6438323037264
STARLINK-34392,64451,26,260.23973597,53.1573,277.1465,0.0001268,87.1224,272.9923,15.34399301,6840.842317783202,462.7053177832022
STARLINK-34367,64452,26,260.25437394,53.158,276.5299,0.0001189,54.6041,305.5073,15.34404783,6840.826024160062,462.6890241600622
STARLINK-34221,64453,26,260.33577927,53.1554,274.1976,9.99e-05,73.1643,286.9469,15.34408906,6840.8137698262835,462.6767698262838
STARLINK-34295,64455,26,260.34419695,53.1585,274.2487,0.000167,80.6951,279.4241,15.34397146,6840.848722909706,462.7117229097066
STARLINK-34430,64456,26,260.22711239,53.1579,277.0663,9.88e-05,68.9884,291.1224,15.34418463,6840.785364830454,462.64836483045383
STARLINK-34445,64457,26,260.3420935,53.1583,274.2346,5.14e-05,23.8582,336.2444,15.34405775,6840.823075743914,462.68607574391444
STARLINK-34439,64458,26,260.32582515,53.1562,276.2619,0.0001773,89.6839,270.4367,15.34404242,6840.827632118191,462.6906321181914
STARLINK-34421,64459,26,260.33156926,53.1574,274.1663,0.0003014,97.5433,262.5912,15.3441118,6840.807011092789,462.67001109278954
STARLINK-34423,64460,26,260.23552028,53.158,277.1148,0.0001224,88.8123,271.302,15.34408537,6840.814866561657,462.67786656165754
STARLINK-34418,64461,26,260.26279149,53.1578,276.5759,0.0001092,77.6821,282.4304,15.34401283,6840.836426863381,462.69942686338163
STARLINK-34429,64464,26,260.4639469,53.1569,273.5693,0.0001054,76.0796,284.0324,15.34404708,6840.826247074719,462.6892470747189
STARLINK-34449,64465,26,260.24129351,53.159,275.0196,0.0001528,91.55,268.5677,15.34330113,6841.047966983549,462.91096698354886
STARLINK-34493,64472,26,259.74713181,53.1595,306.9866,2.82e-05,63.118,296.9851,15.34414452,6840.797286154625,462.6602861546253
STARLINK-34492,64473,26,260.41112102,53.1605,304.0203,7.17e-05,67.983,292.1249,15.34389936,6840.870152699491,462.73315269949126
STARLINK-34474,64474,26,260.11910667,53.1551,305.7547,0.000232,53.5342,306.5874,15.34385646,6840.882903652664,462.7459036526643
STARLINK-34523,64475,26,260.41485201,53.1588,300.4906,0.0001027,81.3857,278.7262,15.3440456,6840.826686959694,462.689686959694
STARLINK-34496,64476,26,260.1501062,53.1576,301.6823,0.0003854,47.715,312.4179,15.34417364,6840.7886312265,462.6516312265003
STARLINK-34375,64477,26,260.40433126,53.1579,300.4266,0.0001213,82.7403,277.3737,15.34397934,6840.846380801385,462.7093808013851
STARLINK-34490,64478,26,260.2661216,53.1586,304.5373,0.0001081,45.0312,315.0778,15.34418581,6840.785014116642,462.6480141166421
STARLINK-34528,64479,26,260.27196695,53.1584,301.0205,9.15e-05,108.6199,251.4903,15.34381736,6840.894525202532,462.75752520253263
STARLINK-34518,64480,26,260.27874194,53.1549,304.6125,0.000171,116.8091,243.3087,15.34396984,6840.849204409382,462.71220440938214
STARLINK-34526,64481,26,259.7850087,53.1576,307.2193,0.0001668,95.0455,265.0738,15.34394508,6840.8565636371795,462.7195636371798
STARLINK-34527,64482,26,259.74292617,53.1582,306.9588,0.0001093,69.5141,290.5978,15.34430203,6840.750471998602,462.6134719986021
STARLINK-34420,64483,26,260.27032992,53.1571,304.5579,0.0001117,69.6491,290.4631,15.34398336,6840.845185970246,462.70818597024663
STARLINK-34509,64484,26,260.27664164,53.1583,304.5983,0.0001222,94.1212,265.9931,15.34390416,6840.868726023113,462.73172602311297
STARLINK-34409,64485,26,260.39218651,53.1603,303.896,0.0001147,93.758,266.3554,15.34396748,6840.8499058535035,462.7129058535038
STARLINK-34520,64486,26,260.4048046,53.1569,303.9762,0.0002349,93.1728,266.9543,15.34409524,6840.811933018431,462.67493301843115
STARLINK-34477,64487,26,259.71566396,53.1591,307.4968,0.0001031,91.6717,268.4404,15.34402341,6840.833282270608,462.6962822706082
STARLINK-34217,64488,26,259.7346043,53.1589,307.618,0.0001954,44.5654,315.5505,15.34407247,6840.818700680645,462.681700680645
STARLINK-34307,64489,26,260.12169477,53.155,307.1779,0.000236,90.0401,270.0872,15.34411301,6840.806651459681,462.6696514596815
STARLINK-34505,64490,26,259.73298303,53.1604,309.0175,7.4e-05,76.5744,283.5342,15.34404444,6840.827031734454,462.69003173445435
STARLINK-34530,64491,26,260.4127486,53.16,300.4712,0.0001257,70.2284,289.8854,15.34406495,6840.820935766441,462.6839357664412
STARLINK-34522,64492,26,260.40853848,53.1568,300.4451,0.0001056,86.7876,273.3247,15.34399763,6840.840944621141,462.7039446211411
STARLINK-34462,64493,26,260.27616332,53.1583,301.0406,0.0001322,96.2699,263.8454,15.34396438,6840.850827242244,462.7138272422444
STARLINK-34364,64495,26,260.09539342,53.1599,301.315,0.000105,94.8255,265.2867,15.34403283,6840.830482456642,462.6934824566424
STARLINK-34363,64497,26,260.26985131,53.1585,300.999,0.0001138,84.8453,275.268,15.34400715,6840.838115077251,462.7011150772514
STARLINK-34427,64498,26,260.27243134,53.1591,304.5668,9.73e-05,65.2733,294.837,15.3439268,6840.861996876219,462.72499687621894
STARLINK-34280,64594,26,260.45159833,53.1564,161.7502,0.0003271,82.7955,277.3419,15.34370923,6840.9266645435955,462.7896645435958
STARLINK-34517,64595,26,259.46401973,53.1588,166.251,0.0001231,77.3652,282.7488,15.34371261,6840.92565990482,462.78865990482063
STARLINK-34510,64596,26,259.02701392,53.1585,168.5007,0.0001515,86.4735,273.6441,15.34414722,6840.7964836704405,462.65948367044075
STARLINK-34486,64597,26,260.03608169,53.1585,165.541,9.87e-05,119.2676,240.8426,15.3441195,6840.804722519269,462.66772251926886
STARLINK-34463,64598,26,260.44317435,53.1591,161.6919,0.0001668,79.7663,280.3528,15.34392602,6840.86222871051,462.72522871051024
STARLINK-34294,64599,26,260.12800908,53.159,163.2844,0.0001088,98.2265,261.8861,15.34404986,6840.825420804483,462.68842080448303
STARLINK-34504,64600,26,259.45616324,53.1567,168.3318,9.3e-05,53.892,306.2168,15.34425805,6840.7635433838295,462.6265433838298
STARLINK-34508,64601,26,260.43531688,53.1585,163.7744,0.0001185,83.6769,276.4368,15.34383517,6840.889231595307,462.7522315953074
STARLINK-34435,64602,26,260.27093002,53.1569,162.752,0.0001108,106.3807,253.7317,15.34375715,6840.912421296947,462.77542129694757
STARLINK-34475,64603,26,260.03754936,53.1565,164.1403,7.3e-05,94.1876,265.9209,15.33567754,6843.31496930138,465.1779693013805
STARLINK-34488,64604,26,260.17687087,53.1546,165.0099,0.0001754,82.5262,277.594,15.34415664,6840.793683894127,462.6566838941271
STARLINK-34073,64606,26,260.11804897,53.159,165.341,7.99e-05,116.0171,244.0914,15.34438827,6840.724840614109,462.58784061410915
STARLINK-34532,64607,26,260.05663313,53.1571,173.49,0.0001007,86.6376,273.4742,15.34414741,6840.79642719934,462.6594271993399
STARLINK-34519,64608,26,260.20366808,53.157,163.0445,0.0001123,87.1052,273.0079,15.34400164,6840.839752764587,462.7027527645869
STARLINK-34513,64609,26,260.43063548,53.1572,162.3237,0.0001061,73.2884,286.8235,15.34409568,6840.811802242515,462.6748022425154
STARLINK-34569,64610,26,260.32552098,53.1582,162.3802,0.0001293,66.1312,293.9826,15.3437504,6840.914427592856,462.77742759285593
STARLINK-34494,64611,26,260.44527375,53.1576,161.7048,1.4e-05,17.6886,342.4122,15.34424907,6840.7662123555665,462.6292123555668
STARLINK-34521,64612,26,260.42900357,53.159,163.7315,9.28e-05,94.9226,265.1882,15.34392504,6840.862519989518,462.72551998951803
STARLINK-34500,64613,26,260.05656002,53.1583,163.5449,9.63e-05,105.4971,254.6138,15.34405128,6840.824998752875,462.6879987528755
STARLINK-34440,64614,26,259.03962922,53.1577,168.5735,0.0001011,89.2496,270.8622,15.3439665,6840.850197131201,462.713197131201
STARLINK-34469,64615,26,260.43110072,53.1582,163.7442,0.0001469,79.8003,280.3165,15.34400697,6840.838168577003,462.70116857700305
STARLINK-34413,64616,26,260.05866814,53.1584,163.5572,0.0001011,104.1488,255.9627,15.34401386,6840.83612072612,462.6991207261199
STARLINK-34417,64617,26,260.39217965,53.1573,148.3693,0.0002106,74.1046,286.0189,15.3438409,6840.887528488591,462.75052848859104
STARLINK-34415,64618,26,260.26248952,53.1576,162.6932,0.0001345,65.166,294.9483,15.34410165,6840.810027851719,462.67302785171887
STARLINK-34416,64619,26,260.27512225,53.1571,162.7728,0.0001668,66.1082,294.0095,15.34342504,6841.011135772251,462.87413577225107
STARLINK-34414,64620,26,260.27301857,53.1578,162.7585,0.0002607,14.4399,345.6678,15.34391084,6840.866740566388,462.7297405663885
STARLINK-34464,64664,26,259.80766903,53.1596,315.1708,0.0002036,56.3985,303.7212,15.34389904,6840.870247811276,462.73324781127667
STARLINK-34555,64665,26,259.80555643,53.1623,315.1575,3.22e-05,66.6891,293.4146,15.34418102,6840.786437777224,462.6494377772242
STARLINK-34390,64666,26,260.42325415,53.1552,311.8997,0.000146,85.2368,274.8801,15.34391859,6840.8644370817265,462.72743708172675
STARLINK-34382,64667,26,260.15276924,53.1592,315.1862,0.0001762,86.0161,274.1043,15.34384424,6840.886535753228,462.749535753228
STARLINK-34395,64668,26,259.81397925,53.1618,315.2081,2.72e-05,208.4941,151.6047,15.34381613,6840.894890791729,462.75789079172955
STARLINK-34394,64669,26,259.73621392,53.1588,315.434,0.0001162,89.7134,270.4001,15.34404683,6840.826321379608,462.6893213796084
STARLINK-34287,64670,26,258.88313252,53.16,319.3552,0.0001607,83.0785,277.04,15.34409312,6840.812563120662,462.67556312066245
STARLINK-34365,64671,26,260.14386374,53.155,313.7099,0.0002097,87.9132,272.2111,15.34396901,6840.849451103692,462.71245110369273
STARLINK-34442,64672,26,260.1732312,53.1584,313.1816,4.67e-05,67.6805,292.4247,15.34412281,6840.803738730459,462.66673873045966
STARLINK-34288,64673,26,260.44008613,53.1587,312.0056,0.0001203,90.5276,269.5864,15.3439479,6840.855725468879,462.7187254688797
STARLINK-34539,64674,26,260.16901828,53.1591,313.1568,0.0001265,95.5255,264.5892,15.34397758,6840.846903911699,462.70990391169926
STARLINK-34590,64675,26,259.74931217,53.1599,316.9324,0.0001029,76.7023,283.4095,15.3442484,6840.766411488306,462.6294114883067
STARLINK-34573,64676,26,259.76978104,53.1606,314.9301,3.43e-05,47.4188,312.6843,15.34420959,6840.777946351276,462.6409463512764
STARLINK-34605,64677,26,260.11700243,53.1591,305.7424,0.0002191,89.6125,270.5129,15.34400026,6840.840162929628,462.703162929628
STARLINK-34525,64678,26,259.8207718,53.1606,316.6643,0.0001119,102.4038,257.709,15.34393053,6840.860888233022,462.7238882330221
STARLINK-34489,64679,26,259.75094008,53.1609,315.5224,9.87e-05,88.5944,271.5172,15.34404471,6840.826951485152,462.68995148515205
STARLINK-34502,64680,26,259.7739936,53.16,314.9545,0.0001438,75.7896,284.3267,15.34422255,6840.774094456559,462.6370944565597
STARLINK-34553,64681,26,260.41904563,53.1603,311.8689,9.63e-05,80.79,279.3212,15.34401671,6840.835273647465,462.6982736474656
STARLINK-34551,64682,26,260.16740911,53.1621,305.3363,0.0001132,75.0365,285.0763,15.34391988,6840.864053663177,462.7270536631777
STARLINK-34550,64683,26,259.79290407,53.1577,315.0697,0.0001566,141.6057,218.5057,15.34357123,6840.967682654719,462.83068265471957
STARLINK-34485,64684,26,260.20058285,53.1578,313.3482,0.0001608,83.5756,276.543,15.34391028,6840.8669070118085,462.7299070118088
STARLINK-34253,64685,26,260.14596908,53.1594,313.7166,7.06e-05,67.3179,292.7898,15.34398671,6840.84419027803,462.7071902780299
STARLINK-34565,64686,26,259.80345571,53.1593,315.1351,9.98e-05,73.4041,286.7071,15.34390814,6840.867543071178,462.73054307117854
STARLINK-34554,64687,26,260.17112652,53.1591,313.1662,0.0001269,90.8152,269.2996,15.34386804,6840.879461781127,462.74246178112753
STARLINK-34262,64688,26,259.73410739,53.1585,315.4134,0.0001198,88.3691,271.7449,15.34400154,6840.83978248669,462.70278248669
STARLINK-34538,64689,26,260.12282209,53.1587,313.5737,0.000141,68.8466,291.2687,15.34392133,6840.863622688904,462.7266226889042
STARLINK-34250,64690,26,259.160508,53.1587,318.2302,0.0001428,299.3579,60.7281,15.34399238,6840.842505032627,462.7055050326271
STARLINK-34393,64724,26,260.28550436,53.1611,8.436,0.0001749,51.2432,308.8727,15.34369685,6840.930344259184,462.79334425918387
STARLINK-34562,64725,26,260.27976246,53.1712,10.5338,0.0001743,128.2732,231.8428,15.34384426,6840.886529808707,462.74952980870694
STARLINK-34557,64726,26,260.57760857,53.1607,7.4138,0.0001154,90.0265,270.087,15.344111,6840.807248866771,462.67024886677154
STARLINK-34242,64727,26,260.33437833,53.1602,10.1584,0.0001836,103.2762,256.8445,15.34389933,6840.870161616221,462.73316161622097
STARLINK-34239,64728,26,259.77913574,53.161,10.9595,9.49e-05,63.8989,296.2111,15.34397968,6840.846279745995,462.70927974599545
STARLINK-34588,64729,26,260.60333722,53.1617,8.9951,0.0001593,88.642,271.4765,15.3439698,6840.849216298263,462.71221629826323
STARLINK-34606,64730,26,259.96823264,53.1623,10.0112,9.5e-05,57.7077,302.4018,15.34398256,6840.845423747545,462.70842374754557
STARLINK-34552,64731,26,260.33389205,53.1605,8.7341,0.0001479,102.3819,257.735,15.34384915,6840.885076373453,462.74807637345293
STARLINK-34596,64732,26,259.89257523,53.1609,10.2476,8.55e-05,95.4976,264.6125,15.34407797,6840.8170659780935,462.6800659780938
STARLINK-34556,64733,26,259.78698938,53.1601,6.7512,0.000114,100.8093,259.3038,15.34408533,6840.81487845039,462.6778784503904
STARLINK-34591,64734,26,260.58812018,53.158,7.4758,0.0001601,96.0741,264.0445,15.34409441,6840.812179709382,462.67517970938206
STARLINK-34587,64735,26,259.83011986,53.1602,12.7028,0.0001167,95.0301,265.0835,15.34406929,6840.819645836384,462.6826458363839
STARLINK-34130,64736,26,258.73905739,53.1607,15.8434,0.0001205,82.7999,277.3141,15.34416391,6840.791523134535,462.65452313453534
STARLINK-34619,64737,26,260.60123654,53.1603,8.9764,0.0001066,80.1143,279.998,15.34392348,6840.862983658208,462.72598365820795
STARLINK-34597,64738,26,259.90099059,53.1614,10.2956,8.62e-05,110.333,249.7766,15.3439524,6840.854387966804,462.7173879668044
STARLINK-34471,64739,26,259.90156702,53.1616,12.428,9.73e-05,67.3475,292.7631,15.3441382,6840.799164562971,462.66216456297116
STARLINK-34208,64740,26,260.31439282,53.1586,4.351,0.0001351,90.3028,269.8129,15.34387555,6840.877229619778,462.7402296197779
STARLINK-34205,64741,26,260.35484915,53.1605,8.1537,0.0003092,25.2886,334.8268,15.3438107,6840.896504734871,462.75950473487137
STARLINK-34607,64742,26,260.59913134,53.1626,8.9629,0.0001138,75.6377,284.4752,15.34392593,6840.862255460622,462.72525546062207
STARLINK-34236,64743,26,260.29601917,53.1613,8.4942,8.9e-05,87.5506,272.5599,15.34379882,6840.900035796115,462.7630357961152
STARLINK-34185,64744,26,260.34020443,53.1606,8.7706,0.0001085,82.2437,277.8689,15.34393273,6840.860234341802,462.7232343418027
STARLINK-34581,64745,26,259.8259088,53.1598,12.6661,8.58e-05,103.1845,256.9253,15.34406003,6840.822398084199,462.68539808419973
STARLINK-34592,64746,26,259.79168853,53.1605,358.968,0.0001171,89.8568,270.2569,15.34403044,6840.831192812568,462.69419281256796
STARLINK-34589,64747,26,260.55438087,53.1599,355.1313,0.0001106,85.4205,274.6923,15.34391157,6840.866523592913,462.7295235929132
STARLINK-34536,64748,26,259.82801383,53.161,12.6767,0.0001189,83.1485,276.9653,15.3441566,6840.793695782768,462.6566957827681
STARLINK-34595,64749,26,260.5970267,53.1586,8.9437,0.0001072,79.9115,280.2008,15.34390786,6840.867626293911,462.730626293911
STARLINK-34531,64750,26,260.35274459,53.1592,8.1394,0.0001169,69.2274,290.8854,15.34374616,6840.9156878446665,462.7786878446668
STARLINK-33965,64755,26,260.20560002,53.1608,68.9321,2.39e-05,35.0625,325.0393,15.34405402,6840.82418437179,462.68718437178995
STARLINK-34401,64757,26,259.44711717,53.1565,72.7303,0.000174,91.7784,268.3418,15.3440871,6840.8143523740155,462.67735237401575
STARLINK-34593,64758,26,260.19507894,53.1601,68.8609,5.21e-05,90.6007,269.5055,15.34389329,6840.871956851727,462.7349568517275
STARLINK-34598,64759,26,259.20971578,53.1593,74.0849,0.0001989,84.5864,275.5366,15.34396868,6840.849549186978,462.7125491869783
STARLINK-34235,64760,26,260.18885576,53.1587,69.5363,2.4e-05,91.7607,268.3423,15.3441642,6840.7914369419605,462.65443694196074
STARLINK-34635,64761,26,260.1783492,53.1576,69.4705,0.0001179,85.9256,274.1881,15.34409756,6840.81124347276,462.6742434727603
STARLINK-34638,64762,26,259.49121221,53.1588,72.2908,0.0001762,87.924,272.1964,15.34401691,6840.835214203359,462.6982142033594
STARLINK-34534,64763,26,260.16781218,53.1557,69.4031,9.9e-05,263.0305,97.0585,15.34406897,6840.819740946413,462.6827409464131
STARLINK-34261,64764,26,259.48489727,53.1583,72.2507,0.0002128,98.4218,261.7026,15.34413955,6840.798763320574,462.6617633205742
STARLINK-34566,64765,26,258.91550899,53.1578,75.0943,0.0001364,71.2263,288.8887,15.34410436,6840.809222391621,462.6722223916213
STARLINK-34645,64766,26,259.51693558,53.1577,75.9979,5.76e-05,57.1378,302.968,15.34412297,6840.803691175722,462.666691175722
STARLINK-34639,64767,26,259.50805366,53.1567,72.3934,7.57e-05,106.7498,253.3588,15.34420063,6840.780609392769,462.6436093927696
STARLINK-34609,64768,26,260.17245218,53.1607,60.9088,7.57e-05,107.9125,252.196,15.34388024,6840.8758356344515,462.7388356344518
STARLINK-34246,64769,26,259.95138043,53.1591,70.1866,7.47e-05,72.2199,287.8885,15.34422948,6840.772034765082,462.6350347650823
STARLINK-34618,64770,26,260.19297315,53.1577,68.8506,4.38e-05,256.5001,103.5952,15.3439826,6840.845411858681,462.70841185868085
STARLINK-34541,64771,26,259.94926595,53.1587,70.1691,0.0001259,80.008,280.1064,15.34413076,6840.801375855461,462.664375855461
STARLINK-34652,64772,26,260.02071574,53.1579,69.9045,0.000108,80.1635,279.949,15.34400586,6840.838498492166,462.70149849216614
STARLINK-34612,64773,26,259.94296118,53.1612,70.1318,6.13e-05,58.8299,301.2763,15.34387844,6840.876370639397,462.73937063939684
STARLINK-34621,64774,26,259.91405734,53.1592,74.2079,6.11e-05,31.6055,328.4984,15.34414096,6840.798344245244,462.66134424524444
STARLINK-34657,64775,26,259.5101554,53.1579,72.4078,0.0002732,88.3672,271.7644,15.34400531,6840.838661963657,462.701661963657
STARLINK-34637,64776,26,259.45763582,53.156,72.7885,0.0001715,87.2169,272.903,15.34403887,6840.828687248345,462.69168724834526
STARLINK-34547,64777,26,259.48279424,53.159,72.2349,0.0001786,89.2028,270.9179,15.34402008,6840.8342720144465,462.69727201444675
STARLINK-34537,64778,26,260.40502506,53.1587,47.8415,0.0001412,93.6689,266.4475,15.34385864,6840.882255700696,462.74525570069636
STARLINK-34585,64779,26,260.1720245,53.1571,69.4226,7.19e-05,100.5357,259.5727,15.34405405,6840.82417545521,462.6871754552103
STARLINK-34491,64780,26,260.19718124,53.1612,68.8678,2.82e-05,171.3907,188.71,15.34408185,6840.8159127703375,462.6789127703378
STARLINK-34582,64781,26,259.2138388,53.1612,73.3953,0.0001596,91.7794,268.3391,15.34394395,6840.856899499017,462.71989949901763
STARLINK-34482,64782,26,259.77489659,53.1574,71.2095,0.0001219,338.9638,21.1314,15.34411901,6840.804868155708,462.6678681557087
STARLINK-34647,64904,26,260.48738949,53.1591,171.6173,8.59e-05,39.6696,320.4369,15.34410877,6840.8079116618555,462.6709116618558
STARLINK-34273,64905,26,260.15328808,53.1592,173.0846,8.14e-05,110.7202,249.3888,15.34408355,6840.815407499049,462.6784074990492
STARLINK-34713,64906,26,260.45170957,53.1576,172.1035,0.0001139,96.2515,263.8618,15.3439483,6840.85560657978,462.7186065797805
STARLINK-34712,64907,26,259.50567293,53.1582,174.7328,0.0002246,91.9161,268.2098,15.34400562,6840.838569825178,462.701569825178
STARLINK-34687,64909,26,260.0629958,53.1568,173.9404,0.0001087,88.4941,271.6186,15.34399713,6840.84109323172,462.70409323172044
STARLINK-34718,64911,26,260.13023361,53.158,173.6524,0.0001021,132.3361,227.7728,15.34414822,6840.796186454136,462.65918645413603
STARLINK-34711,64912,26,260.48529698,53.1556,171.6018,0.0003566,80.8107,279.3298,15.343718,6840.924057833689,462.7870578336897
STARLINK-34571,64914,26,260.11761149,53.1576,173.5723,9.75e-05,71.1118,288.9991,15.3441367,6840.799610387927,462.6626103879271
STARLINK-34636,64915,26,260.48318302,53.1578,171.5848,0.0001086,86.189,273.9237,15.34385165,6840.8843333086925,462.74733330869276
STARLINK-34695,64916,26,260.12862403,53.1579,165.8312,0.0001178,114.402,245.7106,15.34404738,6840.826157908854,462.6891579088542
STARLINK-34611,64918,26,259.17204622,53.1592,177.6264,0.0001527,97.6746,262.443,15.34413877,6840.798995149507,462.6619951495077
STARLINK-34599,64919,26,260.47064539,53.1586,172.2051,0.0001274,89.1242,270.9907,15.34375825,6840.912094345162,462.77509434516196
STARLINK-34069,64920,26,260.04616264,53.1577,173.8377,0.000102,96.9064,263.2055,15.34417982,6840.786794435523,462.6497944355233
STARLINK-34699,64921,26,260.27725496,53.1568,172.4372,0.0001629,65.7016,294.4157,15.34373442,6840.919177318513,462.7821773185133
STARLINK-34700,64922,26,260.46433769,53.157,172.177,0.0002244,85.3499,274.776,15.34392311,6840.863093630922,462.72609363092215
STARLINK-34643,64923,26,260.1680117,53.1586,173.1738,0.0001161,56.8436,303.2678,15.3436768,6840.936303744442,462.7993037444421
STARLINK-34579,64925,26,260.17012322,53.1567,173.1869,9.3e-05,74.4367,285.6738,15.34406421,6840.821155708492,462.68415570849265
STARLINK-34661,64927,26,258.79806421,53.1565,179.5397,0.0002288,112.7121,247.4123,15.34406123,6840.82204142126,462.6850414212604
STARLINK-34248,64928,26,260.26682114,53.1563,173.0762,0.0001397,82.7646,277.3515,15.34412895,6840.801913818017,462.66491381801734
STARLINK-34290,64929,26,260.14076021,53.1554,173.7104,0.0001895,94.3963,265.7256,15.34423344,6840.770857799219,462.6338577992192
STARLINK-34715,64931,26,260.2436748,53.1563,172.9334,0.0001129,80.233,279.8801,15.34411463,6840.806169967494,462.6691699674939
STARLINK-34627,65016,26,259.99797644,53.157,123.9215,7.95e-05,115.0676,245.041,15.34411088,6840.80728453287,462.67028453287
STARLINK-34549,65017,26,260.04838367,53.1576,123.5216,8.11e-05,11.5936,348.5085,15.34433697,6840.740087454663,462.6030874546632
STARLINK-34623,65018,26,260.26274027,53.1559,122.73,0.0001357,108.1098,252.0053,15.34359461,6840.960733311182,462.82373331118197
STARLINK-34232,65019,26,260.35100538,53.1574,122.5696,9.02e-05,267.1006,92.9893,15.34387185,6840.878329352838,462.74132935283797
STARLINK-34772,65020,26,260.010027,53.158,121.869,0.0001213,90.2625,269.8517,15.34401947,6840.834453318913,462.6974533189132
STARLINK-34778,65021,26,258.92643367,53.1575,129.3234,9.57e-05,90.9372,269.174,15.34413633,6840.799720358093,462.6627203580929
STARLINK-34789,65022,26,260.32576443,53.1576,122.4107,0.0001347,89.228,270.8877,15.34383811,6840.8883577498445,462.75135774984483
STARLINK-34858,65023,26,259.00831434,53.1561,128.4083,9.85e-05,105.2915,254.8197,15.34412142,6840.804151862272,462.6671518622725
STARLINK-34773,65024,26,260.33360724,53.1592,120.3315,0.0001078,77.751,282.3614,15.34386606,6840.880050287353,462.74305028735307
STARLINK-34727,65025,26,260.05833671,53.1569,121.4569,0.0003008,66.2408,293.891,15.34410521,6840.808969756583,462.67196975658317
STARLINK-34804,65026,26,260.26484299,53.1553,122.7377,0.0002167,73.3894,286.7347,15.34389891,6840.87028645044,462.7332864504406
STARLINK-34655,65027,26,260.25641628,53.1574,122.6842,0.000141,66.2919,293.8231,15.34392298,6840.863132269985,462.7261322699851
STARLINK-34807,65028,26,260.34412538,53.1581,120.397,9.66e-05,65.8458,294.2646,15.34388286,6840.875056905218,462.7380569052184
STARLINK-34731,65029,26,260.12767405,53.1565,121.1785,0.0001285,95.3159,264.799,15.34399943,6840.8404096231225,462.70340962312275
STARLINK-34614,65030,26,259.03145852,53.1585,128.5539,0.0001146,90.7223,269.3911,15.34416998,6840.789719035331,462.65271903533085
STARLINK-34677,65031,26,260.04005091,53.1575,124.182,8.49e-05,231.0783,129.0144,15.34427376,6840.758874175617,462.62187417561745
STARLINK-34656,65032,26,259.01673918,53.1568,128.4601,6.94e-05,106.9968,253.111,15.34389183,6840.87239079956,462.73539079956026
STARLINK-34610,65034,26,260.31734814,53.1564,122.3541,0.0001474,87.0704,273.0467,15.34383535,6840.889178094557,462.75217809455717
STARLINK-34286,65035,26,260.32940036,53.1599,120.301,0.0001479,83.9418,276.1753,15.34386289,6840.880992492027,462.74399249202725
STARLINK-34770,65036,26,260.13666994,53.1563,123.36,0.0001331,94.2382,265.8773,15.34397763,6840.846889050609,462.7098890506095
STARLINK-34776,65037,26,260.03796095,53.1565,124.1626,0.0002424,90.5381,269.5899,15.34403999,6840.828354362168,462.69135436216857
STARLINK-34827,65038,26,258.90481811,53.1582,127.0524,0.0001889,88.8008,271.3211,15.34410053,6840.810360735667,462.6733607356673
STARLINK-34721,65039,26,259.32978324,53.1561,126.8526,6.89e-05,80.5153,279.5928,15.34409839,6840.810996781894,462.67399678189395
STARLINK-34819,65040,26,259.2730746,53.1567,127.2096,0.0001107,101.5765,258.5362,15.34378222,6840.90496977821,462.7679697782105
STARLINK-34820,65041,26,260.32097963,53.1565,120.2481,0.0001328,89.1937,270.9218,15.34386716,6840.879723339434,462.74272333943463
STARLINK-34824,65042,26,260.33992087,53.1556,120.3667,0.0002002,81.0316,279.0914,15.34400896,6840.837577107578,462.7005771075783
STARLINK-34771,65078,26,260.56283092,53.1574,211.4212,0.000234,73.7018,286.4242,15.34372394,6840.922292286999,462.7852922869997
STARLINK-34634,65079,26,260.35001528,53.1571,210.102,0.000133,88.437,271.6785,15.34414294,6840.797755756591,462.66075575659124
STARLINK-34267,65080,26,260.09157752,53.1574,211.3286,0.0001202,101.9345,258.1792,15.34408381,6840.815330222273,462.67833022227296
STARLINK-34561,65081,26,260.5901738,53.1578,211.5877,0.0001189,97.0934,263.0204,15.34391865,6840.864419248303,462.7274192483037
STARLINK-34626,65082,26,260.28859477,53.1583,209.0314,0.0001583,83.6931,276.4252,15.34426131,6840.762574470459,462.62557447045947
STARLINK-34247,65083,26,260.60270969,53.1588,210.9598,0.0001571,90.4161,269.7021,15.3439639,6840.8509699089145,462.7139699089148
STARLINK-34601,65084,26,260.15622008,53.1553,209.5409,0.0001924,95.6083,264.5139,15.34424079,6840.768673280588,462.6316732805881
STARLINK-34822,65086,26,260.19141007,53.1587,216.8697,0.0001418,90.8334,269.2831,15.34403045,6840.831189840366,462.69418984036656
STARLINK-34594,65088,26,260.31957423,53.1579,216.2465,0.0001183,93.9131,266.2007,15.34408527,6840.814896283489,462.67789628348964
STARLINK-34665,65089,26,260.2607529,53.1596,216.5905,0.000131,94.2761,265.8391,15.34401976,6840.834367124985,462.69736712498525
STARLINK-34648,65091,26,260.55124363,53.1581,207.7415,0.0001356,105.5662,254.5491,15.3439545,6840.853763799391,462.71676379939163
STARLINK-34266,65093,26,260.28017031,53.1587,208.8926,8.94e-05,80.1289,279.9814,15.34365433,6840.94298254459,462.80598254459073
STARLINK-34769,65094,26,260.42938681,53.1571,208.4026,0.0001559,61.2432,298.8727,15.34411296,6840.806666320552,462.6696663205521
STARLINK-34768,65095,26,260.29701026,53.1576,208.9981,0.0001495,93.7464,266.371,15.34410092,6840.8102448207155,462.6732448207158
STARLINK-34759,65096,26,260.55545341,53.1577,207.7653,0.0001504,99.9436,260.1736,15.34403868,6840.828743720111,462.69174372011094
STARLINK-34741,65097,26,260.55334706,53.1547,207.7505,9.39e-05,80.3803,279.7305,15.3439855,6840.844549916072,462.7075499160719
STARLINK-34764,65098,26,260.28543637,53.1584,212.4838,0.0001235,90.4314,269.683,15.34409536,6840.811897352272,462.67489735227264
STARLINK-34815,65099,26,260.14885291,53.1592,213.0544,0.0001235,80.6903,279.4239,15.34407172,6840.818923594704,462.68192359470413
STARLINK-34814,65100,26,260.16778924,53.151,213.1726,0.0001842,95.1353,264.986,15.34410845,6840.808006771476,462.67100677147664
STARLINK-34285,65101,26,260.25396585,53.1584,212.9992,9.85e-05,99.3583,260.7531,15.34409185,6840.812940587635,462.6759405876355
STARLINK-34857,65102,26,260.56174163,53.1581,207.8034,0.00011,124.5497,235.561,15.34451639,6840.686762520978,462.5497625209782
STARLINK-34887,65103,26,260.19514037,53.159,213.3416,0.0001165,86.1082,274.0054,15.34410209,6840.809897075894,462.67289707589407
STARLINK-34481,65104,26,260.28227995,53.1561,208.9006,0.0001258,112.7233,247.3903,15.34406764,6840.820136247508,462.6831362475086
STARLINK-34545,65105,26,260.08897684,53.1565,209.8256,6.58e-05,104.2105,255.8971,15.34422374,6840.773740772054,462.6367407720545
STARLINK-34981,65198,26,260.2364767,53.1609,344.6789,0.0001232,86.3949,273.7194,15.34372444,6840.92214367201,462.78514367201024
STARLINK-34821,65199,26,259.81516474,53.1609,340.6475,0.000134,75.393,284.7221,15.34377268,6840.907805335801,462.770805335801
STARLINK-34865,65200,26,260.51704611,53.1555,337.9183,0.0001432,94.1177,265.9989,15.34392102,6840.863714828226,462.72671482822625
STARLINK-34843,65201,26,259.82989504,53.1617,340.7356,0.0001077,100.5403,259.5721,15.34388512,6840.874385177126,462.73738517712627
STARLINK-34905,65202,26,260.48336233,53.1615,337.706,0.0001115,75.6573,284.4554,15.34394259,6840.857303722169,462.72030372216886
STARLINK-34914,65203,26,260.47915578,53.1632,337.6802,0.0001479,87.4722,272.645,15.34394233,6840.857381000131,462.72038100013106
STARLINK-34787,65204,26,259.87819222,53.1616,340.3203,0.0001063,113.1775,246.934,15.34370813,6840.926991497124,462.789991497124
STARLINK-34796,65205,26,259.72066085,53.1627,341.4764,0.0001142,57.7134,302.3979,15.34411963,6840.80468388103,462.6676838810299
STARLINK-34763,65206,26,260.23753941,53.1593,339.0099,0.0001126,87.3642,272.749,15.34386473,6840.88044559716,462.74344559716064
STARLINK-34901,65207,26,260.25226935,53.1559,339.1001,0.0001521,92.8853,267.2323,15.34390225,6840.869293721333,462.732293721333
STARLINK-34841,65208,26,260.21650393,53.1595,338.884,0.0001738,85.8227,274.2974,15.34399938,6840.840424484177,462.70342448417705
STARLINK-34976,65209,26,260.49597663,53.1602,337.7775,0.000173,116.5316,243.5864,15.34369554,6840.930733631641,462.79373363164086
STARLINK-34941,65210,26,260.25016429,53.1562,339.088,0.0001282,90.9428,269.1722,15.34399085,6840.842959781284,462.70595978128404
STARLINK-34847,65211,26,260.51959984,53.1585,339.3477,0.0001119,86.3817,273.7314,15.34393254,6840.86029081422,462.7232908142205
STARLINK-34897,65212,26,260.2291286,53.1597,338.96,0.0001033,81.6073,278.5047,15.34369164,6840.931892832409,462.79489283240946
STARLINK-34907,65213,26,260.51492516,53.1601,337.8958,0.0001166,91.4242,268.6894,15.34427423,6840.758734485869,462.62173448586964
STARLINK-34511,65214,26,260.50860946,53.1597,337.8618,0.0003005,98.6887,261.4456,15.34391209,6840.866369036474,462.72936903647405
STARLINK-33913,65215,26,260.23809721,53.1621,341.1455,0.0002624,106.7518,253.3773,15.34382878,6840.891130872634,462.75413087263405
STARLINK-34302,65216,26,260.49388474,53.1583,337.7687,0.0001348,74.9148,285.2004,15.34421658,6840.775868824055,462.63886882405495
STARLINK-34871,65217,26,259.81937013,53.1601,340.6685,0.0001229,93.8523,266.262,15.34379136,6840.9022531146775,462.76525311467776
STARLINK-34833,65218,26,260.50650079,53.1587,337.8466,0.0001036,85.902,274.2101,15.34398614,6840.8443596942925,462.7073596942928
STARLINK-34960,65219,26,259.80894323,53.1598,341.311,0.0001371,69.8684,290.2466,15.34393484,6840.859607200827,462.72260720082704
STARLINK-34603,65220,26,260.47494474,53.1607,337.6496,0.0001224,64.2591,295.8538,15.34392809,6840.861613458011,462.72461345801094
STARLINK-34974,65221,26,260.22491857,53.1603,338.9297,8.52e-05,23.6393,336.4649,15.34413368,6840.800507982389,462.6635079823891
STARLINK-34999,65222,26,260.19765778,53.1649,339.4792,0.0002518,69.1476,290.9797,15.34399175,6840.8426922820645,462.7056922820648
STARLINK-34996,65223,26,260.52122945,53.1565,337.9306,0.0001284,80.9347,279.1801,15.34402527,6840.832729440873,462.69572944087304
STARLINK-34975,65224,26,260.23964553,53.1582,339.0195,0.0001232,96.3562,263.7581,15.34397564,6840.847480522047,462.71048052204696
STARLINK-34257,65225,26,260.24385556,53.1582,339.0476,0.0001128,81.1866,278.9264,15.34389294,6840.872060880311,462.7350608803117
STARLINK-34911,65325,26,260.40652312,53.159,33.8184,6.31e-05,90.4244,269.6831,15.34441071,6840.71817126261,462.58117126261004
STARLINK-34902,65326,26,260.33335648,53.1598,34.3429,0.0001131,89.1571,133.5692,15.34366192,6840.940726552863,462.80372655286374
STARLINK-34880,65327,26,260.64190413,53.1619,33.1601,0.0002116,87.6503,272.4742,15.34396429,6840.850853992244,462.71385399224437
STARLINK-34908,65329,26,258.39781799,53.1612,43.3173,3.2e-05,261.6589,98.4378,15.34403827,6840.828865580243,462.69186558024285
STARLINK-34874,65335,26,260.38346389,53.1607,34.3776,0.0002659,306.9052,53.1707,15.34427745,6840.757777462685,462.6207774626855
STARLINK-34835,65336,26,260.36873373,53.1606,34.2918,0.000147,96.2064,263.9106,15.34389742,6840.870729314739,462.7337293147393
STARLINK-35016,65341,26,258.91258613,53.161,40.8396,5.6e-06,339.1807,20.9193,15.34416041,6840.792563389971,462.6555633899716
STARLINK-34838,65343,26,260.36242263,53.1596,34.2442,0.0001455,60.236,299.8787,15.34382198,6840.893152014272,462.75615201427263
STARLINK-35088,65344,26,259.86868354,53.16,36.8592,4.22e-05,49.0144,311.0895,15.34403034,6840.831222534578,462.69422253457833
STARLINK-34873,65346,26,260.34348651,53.1597,34.1318,0.0003726,101.6836,258.4585,15.34413025,6840.80152743606,462.66452743605987
STARLINK-34859,65348,26,259.12272724,53.1608,40.0203,8.47e-05,106.0129,254.0967,15.34413088,6840.8013401894395,462.6643401894398
STARLINK-34244,65351,26,259.89407606,53.1601,356.2371,8.69e-05,75.1611,284.9488,15.34348321,6840.993845397188,462.8568453971884
STARLINK-34716,65352,26,260.53757518,53.1593,355.2513,0.0001293,88.3502,271.7649,15.34387704,6840.876786754426,462.73978675442595
STARLINK-34828,65353,26,260.26239285,53.1586,357.0828,0.0003076,100.8356,259.2993,15.34356004,6840.971008715462,462.834008715462
STARLINK-34785,65354,26,259.79956027,53.1612,357.0459,0.0001278,93.9235,266.1914,15.34410964,6840.807653082589,462.6706530825895
STARLINK-34823,65355,26,260.31701125,53.1606,356.7161,0.0001498,2.8358,357.2653,15.34378401,6840.904437739952,462.7674377399526
STARLINK-34680,65356,26,260.56492719,53.1599,355.4182,0.0001815,91.0741,269.047,15.34438047,6840.727158841699,462.5901588416991
STARLINK-34860,65357,26,260.5980326,53.1601,353.4959,0.0001478,94.0834,266.0338,15.34382411,6840.892518921217,462.7555189212171
STARLINK-34782,65358,26,259.82317601,53.1602,358.6142,9.52e-05,69.7057,290.4048,15.34413006,6840.801583907265,462.6645839072653
STARLINK-34760,65359,26,260.54809943,53.1571,355.3151,0.0001443,85.9362,274.1805,15.34377369,6840.90750513512,462.7705051351204
STARLINK-34826,65360,26,260.55805325,53.1592,353.2461,0.0001,79.2142,280.8973,15.34403761,6840.829061745343,462.6920617453434
STARLINK-34800,65361,26,259.82949116,53.1567,358.6443,0.0001254,112.4234,247.6902,15.3439636,6840.851059075588,462.714059075588
STARLINK-34817,65362,26,260.54752411,53.1564,353.1763,0.0001545,90.491,269.627,15.34373364,6840.919409157649,462.78240915764945
STARLINK-34797,65363,26,259.74494599,53.1603,357.4126,0.0001161,81.2423,278.8711,15.34409532,6840.8119092409925,462.67490924099275
STARLINK-34729,65364,26,260.56913254,53.1603,355.4452,0.0001262,89.4771,270.6376,15.34396062,6840.851944798033,462.7149447980337
STARLINK-34710,65365,26,260.55861678,53.1623,355.3771,9.96e-05,78.0929,282.0185,15.34394262,6840.857294805481,462.720294805481
STARLINK-34943,65366,26,259.81216441,53.1603,357.1207,0.0001179,69.0145,291.0984,15.34429275,6840.753230121073,462.6162301210734
STARLINK-34946,65367,26,260.5202721,53.1633,353.717,5.15e-05,71.7982,288.3077,15.34387236,6840.878177767984,462.7411777679845
STARLINK-34259,65368,26,260.25341534,53.1584,354.8971,0.0001433,86.9841,273.1326,15.34375665,6840.912569911409,462.77556991140955
STARLINK-34913,65369,26,259.82270256,53.1587,357.1829,0.0001245,108.5434,251.5704,15.34407353,6840.818385628805,462.6813856288054
STARLINK-34870,65370,26,260.56282501,53.1556,355.4032,0.0001367,68.9527,291.1621,15.34387907,6840.876183387653,462.7391833876536
STARLINK-34869,65371,26,260.55650813,53.1607,355.3662,6.17e-05,51.4825,308.6233,15.34399909,6840.840510678295,462.70351067829506
STARLINK-34903,65372,26,260.53547265,53.1614,355.2284,0.000121,87.6747,272.4394,15.34383275,6840.889950883279,462.7529508832795
STARLINK-34891,65373,26,260.56016226,53.1653,353.2495,0.000299,101.5322,258.6016,15.34376084,6840.9113245224735,462.77432452247376
STARLINK-34900,65374,26,260.59017549,53.1617,355.5676,0.0001669,151.7345,208.3748,15.34359598,6840.96032610041,462.82332610041067
STARLINK-34305,65375,26,259.81484986,53.1611,359.2569,0.0001203,84.4458,275.6682,15.34406816,6840.819981693689,462.6829816936897
STARLINK-34249,65376,26,260.55174213,53.1596,353.1938,0.0001142,82.3628,277.7504,15.34393896,6840.858382641608,462.7213826416082
STARLINK-34879,65377,26,259.78539359,53.1586,359.0774,0.0001328,95.5584,264.557,15.34411302,6840.806648487506,462.6696484875065
STARLINK-34912,65378,26,259.81274193,53.1627,359.2435,0.0001457,111.5689,248.5469,15.34425872,6840.7633442513,462.6263442513
STARLINK-35031,65404,26,260.18461785,53.1594,69.2386,3.42e-05,188.1482,171.9515,15.34403074,6840.831103646543,462.6941036465432
STARLINK-35036,65406,26,260.26909049,53.1619,60.5152,4.66e-05,314.6462,45.4503,15.34404373,6840.827242760405,462.69024276040545
STARLINK-35035,65407,26,259.4349474,53.156,64.5583,0.0002688,68.9254,291.2036,15.34412312,6840.803646593157,462.66664659315757
STARLINK-35008,65408,26,260.55487997,53.1596,59.4558,0.0001641,309.4938,50.5919,15.34414818,6840.796198342786,462.6591983427861
STARLINK-35003,65413,26,260.59266762,53.1585,58.9785,9.75e-05,94.5664,265.545,15.34398734,6840.844003028489,462.70700302848945
STARLINK-34238,65415,26,258.84661318,53.1597,67.2764,3.26e-05,105.1098,254.9941,15.34429745,6840.751833226803,462.61483322680306
STARLINK-34255,65417,26,259.48325005,53.1578,64.1381,0.0003345,117.9375,242.1967,15.34410618,6840.808681455451,462.6716814554511
STARLINK-34997,65418,26,259.1807103,53.16,65.81,9.24e-05,95.9113,264.1995,15.34403906,6840.828630776581,462.6916307765814
STARLINK-35074,65422,26,260.14512715,53.1581,61.1571,1.18e-05,43.7058,316.3953,15.34405122,6840.82501658604,462.68801658604025
STARLINK-35004,65428,26,259.17860701,53.1594,65.7893,6.59e-05,100.2624,259.8453,15.34397535,6840.847566716388,462.7105667163887
STARLINK-35014,65429,26,260.14302486,53.1585,61.1452,8.27e-05,52.4182,307.6896,15.34407067,6840.819235674419,462.68223567441964
STARLINK-35025,65430,26,258.49732175,53.1595,67.2367,0.0002011,324.9051,35.1819,15.34407207,6840.818819568141,462.6818195681417
STARLINK-35034,65431,26,259.4895588,53.1581,64.1754,0.0001305,96.5908,263.5243,15.3440031,6840.839318821931,462.70231882193093
STARLINK-34867,65459,26,260.24880359,53.1577,84.765,0.0001689,83.8122,276.3073,15.34393085,6840.860793121563,462.7237931215632
STARLINK-34850,65460,26,260.24458786,53.1617,84.7405,6.46e-05,22.8879,337.2152,15.3441619,6840.792120538324,462.6551205383239
STARLINK-35159,65461,26,259.54913523,53.1568,88.221,8.53e-05,70.8594,289.2501,15.34408998,6840.813496385555,462.67649638555486
STARLINK-35180,65462,26,260.25090487,53.1596,84.7791,0.0001082,86.8524,273.2603,15.3439233,6840.863037158448,462.726037158448
STARLINK-35169,65465,26,259.95257699,53.1562,86.4725,0.0001168,100.5486,259.5649,15.34407139,6840.819021676897,462.6820216768974
STARLINK-35027,65466,26,259.5470298,53.1571,88.2055,8.73e-05,80.0601,280.05,15.3440992,6840.810756035407,462.6737560354077
STARLINK-34924,65469,26,260.24669358,53.1594,84.752,5.14e-05,81.6109,278.4952,15.34405199,6840.824787727096,462.6877877270963
STARLINK-34888,65471,26,259.9504772,53.1569,86.454,0.00015,88.0304,272.0871,15.34412781,6840.802252645317,462.6652526453172
STARLINK-34799,65472,26,259.52177997,53.1607,88.0505,4.04e-05,35.3788,324.7242,15.34412075,6840.804350997772,462.6673509977727
STARLINK-34762,65473,26,260.23407455,53.1573,84.6729,0.0001729,80.7102,279.4096,15.3439218,6840.863482993808,462.72648299380853
STARLINK-34832,65475,26,259.25281963,53.1599,89.2132,2.92e-05,115.7797,244.3236,15.34401601,6840.835481701846,462.6984817018465
STARLINK-35071,65477,26,259.49031046,53.1575,88.5588,0.0002117,95.8248,264.2996,15.34410418,6840.809275890807,462.6722758908072
STARLINK-35040,65480,26,259.52388661,53.1572,88.0329,0.0001687,344.2296,15.8654,15.34412157,6840.8041072797,462.66710727969985
STARLINK-35042,65481,26,260.12275154,53.1596,85.3943,0.0001167,88.2809,271.8327,15.343616,6840.954375479839,462.81737547983903
STARLINK-35038,65482,26,260.23617448,53.1571,84.6577,0.0001698,80.7615,279.358,15.34396832,6840.8496561869315,462.7126561869318
STARLINK-35037,65483,26,260.13746259,53.1555,85.4632,0.0001644,65.9589,294.1586,15.34404981,6840.825435665455,462.6884356654555
STARLINK-35089,65484,26,258.53842881,53.1577,92.5493,0.0002015,94.4621,265.6612,15.34406255,6840.8216490920795,462.6846490920798
STARLINK-35226,65492,26,259.28441274,53.1597,101.261,0.0002692,258.3341,101.7359,15.34406155,6840.82194631115,462.68494631115027
STARLINK-35242,65493,26,259.2718029,53.1572,101.1883,0.0002149,84.3434,275.7813,15.34366837,6840.938809407207,462.80180940720766
STARLINK-35223,65494,26,258.9797881,53.1588,102.914,8.26e-05,46.2031,313.904,15.34408459,6840.815098391956,462.67809839195615
STARLINK-34446,65495,26,260.21795272,53.1565,99.26,0.0002047,94.6912,265.4324,15.34403952,6840.8284940554695,462.6914940554698
STARLINK-35212,65496,26,259.98046039,53.1587,99.9098,9.62e-05,71.2638,288.8469,15.34412421,6840.803322626538,462.6663226265382
STARLINK-34455,65497,26,259.29915526,53.1579,101.3543,0.0001878,89.1731,270.9486,15.34401579,6840.83554709037,462.6985470903701
STARLINK-35203,65498,26,259.52871531,53.1559,102.0736,0.0002019,285.202,74.8759,15.3440169,6840.835217175564,462.6982171755644
STARLINK-35166,65499,26,259.52661154,53.1571,102.0557,0.0002108,96.902,263.2222,15.34406717,6840.820275940391,462.68327594039147
STARLINK-35207,65500,26,259.97414916,53.1569,99.872,0.0001317,87.347,272.7684,15.34415255,6840.794899507907,462.65789950790713
STARLINK-35140,65501,26,260.25726641,53.1571,96.6694,0.0001753,85.2278,274.8925,15.34392853,6840.86148267972,462.7244826797205
STARLINK-35114,65502,26,260.09972587,53.1567,97.8189,0.0001182,92.4638,267.65,15.34397996,6840.84619652391,462.7091965239106
STARLINK-35126,65503,26,260.24942986,53.1566,98.7453,4.55e-05,219.1774,140.9195,15.34430125,6840.7507038234435,462.61370382344376
STARLINK-35182,65504,26,260.16907088,53.1557,97.536,0.0001577,73.8361,286.2815,15.34391522,6840.865438725787,462.7284387257869
STARLINK-35072,65505,26,260.2656804,53.1563,96.7166,0.0001533,84.3324,275.7853,15.34388431,6840.874625929211,462.7376259292114
STARLINK-35184,65506,26,260.15013449,53.159,97.4228,9.18e-05,63.4806,296.629,15.3438508,6840.884585950689,462.7475859506894
STARLINK-35163,65507,26,259.01395541,53.1577,104.5459,8.78e-05,95.4906,264.6197,15.34377208,6840.907983672853,462.7709836728536
STARLINK-35119,65508,26,259.97997529,53.1565,98.4966,0.0002184,47.44,312.6786,15.34403195,6840.830744010267,462.69374401026744
STARLINK-35168,65509,26,259.96314001,53.1586,98.3848,0.0001038,97.4592,262.6529,15.34410877,6840.8079116618555,462.6709116618558
STARLINK-35122,65510,26,259.54707825,53.1544,100.0549,0.0002877,82.9997,277.1333,15.34427599,6840.75821139241,462.62121139241026
STARLINK-35124,65511,26,260.05555708,53.1572,97.5407,0.0001017,52.7411,307.3684,15.34415937,6840.7928724945195,462.6558724945198
STARLINK-35149,65512,26,259.96103692,53.1579,98.3675,0.0001537,101.1767,258.9409,15.34408614,6840.814637703563,462.67763770356305
STARLINK-35019,65513,26,259.96734605,53.1575,98.4104,0.0001177,69.9261,290.1868,15.3443548,6840.734788202008,462.5977882020079
STARLINK-35026,65514,26,260.1716589,53.1575,98.9665,0.0001078,105.7901,254.3221,15.34390261,6840.869186720612,462.73218672061194
STARLINK-35241,65515,26,260.28939698,53.1585,98.993,0.000151,57.207,302.9078,15.34390425,6840.868699272937,462.7316992729375
STARLINK-35216,65516,26,260.25783332,53.1572,98.794,8.24e-05,89.6759,270.4338,15.34401483,6840.835832422126,462.69883242212654
STARLINK-35228,65517,26,259.99881669,53.1581,97.8946,8.62e-05,107.5514,252.5583,15.34400439,6840.8389354069,462.7019354069007
STARLINK-35232,65518,26,259.52612464,53.1559,100.6283,0.0002483,75.3557,284.7721,15.34407482,6840.818002216709,462.6810022167092
STARLINK-35164,65519,26,259.97576424,53.1555,98.4545,0.0001297,122.9819,237.1308,15.34427715,6840.7578666263225,462.6208666263228
STARLINK-35247,65622,26,259.37242218,53.1567,140.8084,9.95e-05,236.4338,123.657,15.3442734,6840.7589811720245,462.6219811720248
STARLINK-35239,65623,26,260.37416244,53.1595,132.1318,0.0001561,90.6562,269.462,15.34376573,6840.909871074051,462.7728710740512
STARLINK-35151,65624,26,259.39453588,53.1578,135.2542,5.2e-05,128.3894,231.7155,15.34398802,6840.843800917889,462.70680091788927
STARLINK-35153,65625,26,260.36786271,53.1573,132.091,0.0001167,104.2288,255.8845,15.34381461,6840.895342576823,462.75834257682345
STARLINK-35225,65626,26,260.06530936,53.1573,133.7603,0.0001542,116.4581,243.658,15.3441014,6840.810102156169,462.6731021561691
STARLINK-35217,65627,26,259.36823827,53.1582,140.7755,0.0003925,79.753,280.3915,15.34395749,6840.852875104133,462.7158751041334
STARLINK-35128,65628,26,259.09668522,53.157,138.3804,0.0001416,86.742,273.3745,15.34412832,6840.802101064678,462.6651010646783
STARLINK-35135,65629,26,260.03174148,53.1608,134.2561,0.0002425,75.1117,285.0154,15.34405834,6840.822900384586,462.6859003845866
STARLINK-34877,65630,26,260.34270009,53.1556,132.6462,0.0001772,103.1193,257.0007,15.34394299,6840.857184833,462.72018483300053
STARLINK-35104,65631,26,260.38046987,53.1574,132.1711,0.0001034,94.2384,265.8736,15.34386381,6840.8807190445805,462.74371904458076
STARLINK-35117,65632,26,258.94172876,53.1608,143.0893,0.0001178,81.2147,278.8989,15.34408107,6840.816144600723,462.6791446007237
STARLINK-35103,65633,26,260.25651613,53.1568,132.8185,0.0002205,52.4888,307.6314,15.34398624,6840.84432997214,462.70732997214054
STARLINK-35150,65635,26,260.15616558,53.1575,137.1564,0.0001213,141.0942,219.0148,15.34419847,6840.781251376374,462.6442513763741
STARLINK-35209,65636,26,260.03383959,53.1559,134.2714,9.81e-05,115.4557,244.6547,15.34389484,6840.871496153762,462.73449615376194
STARLINK-35147,65637,26,258.70376584,53.1568,140.1908,0.0001396,88.3125,271.8038,15.34401852,6840.834735678351,462.6977356783509
STARLINK-35213,65638,26,260.19768779,53.1573,133.1627,0.0001226,72.2713,287.8423,15.34402363,6840.833216882138,462.6962168821383
STARLINK-35127,65639,26,260.05900606,53.158,133.7195,0.000226,66.766,293.3581,15.34408079,6840.816227821892,462.6792278218927
STARLINK-35091,65640,26,260.28386981,53.1565,132.9822,0.0002225,62.283,297.8398,15.34414549,6840.796997854724,462.6599978547247
STARLINK-35134,65641,26,260.2480864,53.158,132.7664,0.0001307,70.6884,289.426,15.34336789,6841.0281230702385,462.8911230702388
STARLINK-35109,65642,26,260.04639796,53.1577,133.6377,0.0001512,87.3291,272.7885,15.3439357,6840.859351588905,462.72235158890544
STARLINK-35062,65643,26,260.04427969,53.158,133.6229,0.0001054,120.0382,240.0725,15.34376169,6840.911071878009,462.77407187800964
STARLINK-35237,65645,26,260.35999101,53.1579,136.2951,0.0003309,83.9015,276.2365,15.34433278,6840.741332765666,462.6043327656662
STARLINK-35183,65646,26,260.3642112,53.1595,136.3204,0.0002035,82.4799,277.6435,15.34394969,6840.855193440197,462.71819344019696
STARLINK-35202,65647,26,259.39243763,53.1579,135.2363,0.0002037,96.1125,264.0109,15.34395876,6840.852497631652,462.7154976316524
STARLINK-34868,65648,26,259.1029939,53.1578,138.4108,0.0001104,100.7175,259.3952,15.34420627,6840.778933102955,462.6419331029556
STARLINK-35079,65649,26,260.07630516,53.1583,137.3671,7.96e-05,84.3118,275.7975,15.3441001,6840.810488539336,462.6734885393362
STARLINK-35222,65677,26,260.13234688,53.1554,173.6558,6.57e-05,110.5478,249.5595,15.34332124,6841.0419894205215,462.9049894205218
STARLINK-35205,65679,26,260.17433056,53.158,173.2077,0.0001067,76.7539,283.3583,15.34415145,6840.79522644569,462.65822644569016
STARLINK-35230,65681,26,260.48948457,53.1531,171.6165,0.0002822,92.1527,267.9799,15.34440987,6840.718420917186,462.58142091718673
STARLINK-35235,65682,26,260.48060974,53.1564,170.1411,0.0002167,82.1857,277.9392,15.34411667,6840.8055636441195,462.6685636441198
STARLINK-34795,65684,26,260.46012824,53.1563,172.1447,0.0001823,85.0187,275.1024,15.34377676,6840.9065926441435,462.7695926441438
STARLINK-35145,65685,26,260.22053415,53.1594,172.7836,0.0001388,72.5626,287.5528,15.34395432,6840.85381729945,462.71681729945067
STARLINK-35137,65686,26,260.21624481,53.1572,162.7668,0.0001477,109.4411,250.6752,15.34415298,6840.794771704965,462.65777170496494
STARLINK-34875,65689,26,260.05878944,53.1572,173.9058,0.0001204,67.5268,292.5862,15.34395288,6840.854245299954,462.7172452999539
STARLINK-34790,65690,26,260.14286574,53.1573,173.718,0.0001159,72.5609,287.5521,15.34409081,6840.8132496944845,462.6762496944848
STARLINK-34691,65691,26,260.46052079,53.1583,163.5685,0.0001713,75.6396,284.4796,15.34397506,6840.847652910732,462.7106529107323
STARLINK-34825,65692,26,260.18485088,53.1574,173.2702,0.000138,70.0876,290.0275,15.34408992,6840.813514218645,462.676514218645
STARLINK-35060,65693,26,260.3323505,53.1583,164.1927,0.0001204,70.8873,289.226,15.34411106,6840.807231033722,462.6702310337223
STARLINK-35204,65694,26,260.17222272,53.1574,173.1901,8.79e-05,111.5157,248.5939,15.34417818,6840.787281868607,462.65028186860764
STARLINK-35113,65697,26,260.47850593,53.1569,170.1234,0.000227,81.9327,278.1933,15.34375918,6840.911817922318,462.7748179223181
STARLINK-35090,65698,26,260.47687021,53.1598,171.5352,0.0002199,85.1685,274.9569,15.34352319,6840.981961857389,462.84496185738953
STARLINK-35101,65700,26,260.484815,53.1546,170.1631,0.0001795,96.1785,263.9422,15.34407184,6840.818887928454,462.68188792845467
STARLINK-35046,65701,26,260.24578009,53.1564,172.9401,0.0001181,76.5435,283.57,15.34399337,6840.842210783536,462.70521078353613
STARLINK-34086,65734,26,260.13589866,53.1578,161.6083,0.0001043,108.0816,252.03,15.34413801,6840.799221034128,462.6622210341284
STARLINK-35099,65735,26,260.05603543,53.1583,161.818,8.27e-05,108.4105,251.6988,15.34415005,6840.795642548381,462.65864254838107
STARLINK-35167,65736,26,260.45527419,53.158,160.0441,0.0001433,74.1818,285.9342,15.34419216,6840.783126801563,462.6461268015637
STARLINK-35121,65737,26,260.43002402,53.1551,159.8824,0.0001957,80.011,280.1114,15.34388329,6840.874929098532,462.73792909853273
STARLINK-35108,65738,26,259.16727561,53.1576,166.2284,0.0001107,91.8235,268.2894,15.34417325,6840.788747140536,462.6517471405359
STARLINK-35106,65739,26,260.15063166,53.1573,161.6948,0.0001408,77.9052,282.2109,15.34398908,6840.843485863159,462.7064858631593
STARLINK-35130,65740,26,260.21365734,53.1566,161.3791,0.0001285,107.7718,252.3425,15.34415334,6840.7946647071585,462.6576647071588
STARLINK-35284,65741,26,260.11907217,53.1565,161.5058,0.0001227,77.8814,282.2326,15.34401749,6840.835041815457,462.69804181545715
STARLINK-35316,65742,26,260.16737323,53.1569,161.0914,0.0001345,66.549,293.5654,15.34404102,6840.828048225809,462.691048225809
STARLINK-35319,65743,26,260.1337995,53.1563,161.5883,0.0002559,91.325,268.8046,15.34411311,6840.806621737938,462.66962173793854
STARLINK-35173,65744,26,260.42582672,53.1554,159.8588,5.51e-05,110.2563,249.8499,15.34380764,6840.89741425021,462.7604142502105
STARLINK-34808,65745,26,259.43623275,53.1564,165.0568,7.2e-05,33.7324,326.3724,15.34428837,6840.754531908293,462.61753190829313
STARLINK-34704,65746,26,260.19051546,53.1573,161.2297,0.0001302,81.4736,278.6414,15.34410495,6840.80904703318,462.6720470331802
STARLINK-35214,65747,26,260.43423339,53.1574,159.9063,0.0002287,84.7989,275.3274,15.34389543,6840.871320791331,462.7343207913309
STARLINK-35265,65748,26,260.15474492,53.1572,161.0142,0.0001052,79.6982,280.4139,15.34402685,6840.832259832904,462.6952598329044
STARLINK-35288,65749,26,260.05182911,53.161,161.7883,7.31e-05,88.1672,271.9414,15.34401254,6840.836513057375,462.69951305737504
STARLINK-35165,65750,26,259.44246509,53.1595,164.386,0.0002564,72.9739,287.1544,15.34441308,6840.717466880179,462.5804668801793
STARLINK-35260,65751,26,260.04971071,53.1569,161.7744,9.32e-05,107.14,252.9705,15.34425648,6840.764010007878,462.6270100078782
STARLINK-34893,65752,26,260.13169246,53.1582,161.5798,9.44e-05,62.9073,297.2026,15.34424554,6840.767261517775,462.6302615177756
STARLINK-34894,65753,26,260.20735795,53.1569,161.338,0.0001209,78.0424,282.0714,15.34406049,6840.822261363401,462.68526136340097
STARLINK-35287,65754,26,260.14641806,53.1572,161.6663,6.3e-05,37.2772,322.8274,15.34425747,6840.763715767227,462.6267157672273
STARLINK-35294,65755,26,260.19261899,53.1578,161.2423,0.000128,105.3428,254.7717,15.34401273,6840.836456585448,462.6994565854484
STARLINK-35275,65756,26,260.33341216,53.1567,160.699,0.0001088,105.1493,254.9631,15.3441263,6840.802701442944,462.66570144294474
STARLINK-35211,65757,26,260.09591838,53.1578,161.358,0.0001131,168.0279,192.0751,15.34419671,6840.781774474237,462.64477447423724
STARLINK-35313,65758,26,260.44896095,53.1572,159.9962,0.0001383,89.0663,271.0499,15.34375883,6840.911921952417,462.77492195241757
STARLINK-34692,65759,26,259.44666741,53.1585,164.4088,0.000149,75.5761,284.5407,15.34405213,6840.824746116382,462.6877461163822
STARLINK-34890,65760,26,260.41739738,53.1539,159.8027,0.0001364,76.8405,283.275,15.34359257,6840.96133966894,462.8243396689404
STARLINK-34889,65761,26,260.04761824,53.1573,161.7584,8.69e-05,104.1785,255.9314,15.34402202,6840.833695406882,462.6966954068821
STARLINK-35392,65823,26,260.4203946,53.1579,275.9788,9.76e-05,93.4661,266.6453,15.34417241,6840.788996801551,462.6519968015509
STARLINK-35281,65824,26,260.34263288,53.1574,276.2055,0.0001173,89.0683,271.0454,15.3439951,6840.8416965907545,462.7046965907548
STARLINK-35397,65825,26,260.23073988,53.1594,274.7964,0.0002022,56.5973,303.5222,15.34413404,6840.800400984358,462.6634009843583
STARLINK-35381,65826,26,260.24336236,53.1596,274.8763,0.0001172,74.3879,285.7253,15.34391196,6840.866407675582,462.7294076755825
STARLINK-35393,65827,26,260.22021617,53.1602,274.7301,7.8e-05,103.5359,256.5731,15.34409028,6840.813407220105,462.6764072201049
STARLINK-35396,65828,26,260.25177867,53.1585,274.925,0.0001223,90.1616,269.9527,15.34401612,6840.835449007586,462.69844900758653
STARLINK-35368,65830,26,260.30695047,53.1567,276.6893,0.0001872,86.4328,273.6888,15.34384403,6840.88659817071,462.74959817071067
STARLINK-35337,65831,26,260.21600936,53.1561,274.7016,0.0001029,108.6163,251.4952,15.34396591,6840.850372492278,462.7133724922787
STARLINK-35277,65832,26,260.32953768,53.1586,274.7012,8.12e-05,71.8825,288.2266,15.34407083,6840.819188119414,462.6821881194146
STARLINK-35345,65833,26,260.19716086,53.1583,275.2957,0.0001227,70.516,289.5975,15.34403098,6840.831032313724,462.69403231372416
STARLINK-35320,65834,26,260.31118855,53.1597,276.7165,5.79e-05,92.7933,267.3136,15.34394736,6840.855885969172,462.71888596917233
STARLINK-35349,65835,26,260.2186765,53.1564,276.8502,0.000146,84.2699,275.847,15.3441453,6840.797054325838,462.66005432583825
STARLINK-35356,65836,26,260.33844039,53.158,276.1736,0.0001022,79.2431,280.8687,15.34411688,6840.805501228485,462.6685012284852
STARLINK-35314,65837,26,260.24757009,53.1588,274.9004,0.0001183,81.1323,278.9814,15.34401031,6840.837175859548,462.7001758595479
STARLINK-35324,65838,26,260.33632101,53.1598,276.1628,0.0001242,94.3846,265.7298,15.34408692,6840.814405873303,462.67740587330354
STARLINK-35102,65839,26,260.2601944,53.1571,274.9759,0.0001114,84.2813,275.8316,15.34392621,6840.862172238052,462.72517223805244
STARLINK-35364,65840,26,260.54378655,53.1578,273.1901,0.0001488,99.7066,260.4105,15.34373991,6840.91754552823,462.7805455282305
STARLINK-35298,65842,26,260.23915368,53.1588,274.8456,0.0001433,85.572,274.5447,15.34393136,6840.860641537681,462.72364153768103
STARLINK-35301,65843,26,260.22864923,53.159,274.7791,0.0001019,85.6255,274.4864,15.3441344,6840.800293986332,462.66329398633206
STARLINK-35148,65844,26,260.22653006,53.1586,274.7652,0.0001015,95.7716,264.3402,15.34405605,6840.823581016617,462.6865810166173
STARLINK-35302,65845,26,260.22232453,53.1584,274.7382,0.000117,75.5978,284.5155,15.34390395,6840.868788440188,462.7317884401882
STARLINK-35290,65846,26,260.19084953,53.1596,275.254,0.0001051,79.0598,281.0523,15.34414933,6840.795856544074,462.6588565440743
STARLINK-35262,65847,26,260.23339083,53.1576,276.9376,0.0001278,108.2318,251.8824,15.3441193,6840.804781962713,462.667781962713
STARLINK-35308,65848,26,260.30218487,53.158,274.5251,0.0001897,85.9901,274.1318,15.34403816,6840.828898274424,462.6918982744246
STARLINK-35231,65849,26,260.21447702,53.1578,276.8188,0.0001378,108.6892,251.426,15.34385471,6840.883423797702,462.74642379770194
STARLINK-35252,65850,26,260.24812649,53.1593,277.0313,0.0001549,87.1572,272.9608,15.34392838,6840.861527263228,462.7245272632281
STARLINK-35208,65854,26,260.02892641,53.1563,121.6641,0.0002444,89.3809,270.7474,15.3441398,6840.798689016432,462.6616890164323
STARLINK-35200,65855,26,260.34044913,53.1594,122.178,2.91e-05,125.9079,234.1951,15.3440633,6840.821426177797,462.6844261777969
STARLINK-35459,65856,26,260.35039683,53.1581,120.1163,0.0001099,87.694,272.4188,15.34385392,6840.883658606066,462.7466586060664
STARLINK-35489,65857,26,260.11510284,53.156,121.4897,0.0001591,45.9468,314.1665,15.34409979,6840.81058067687,462.6735806768702
STARLINK-35199,65858,26,260.01898346,53.1578,123.726,0.0001403,68.2823,291.8329,15.34395297,6840.85421854992,462.7172185499203
STARLINK-35408,65859,26,260.31681125,53.1573,120.6157,0.0001215,242.5238,117.5641,15.34412352,6840.80352770632,462.66652770632027
STARLINK-35303,65860,26,259.00988799,53.1568,126.677,6.77e-05,117.9424,242.1647,15.3441631,6840.79176387933,462.65476387932995
STARLINK-35258,65861,26,260.22643748,53.1565,120.7592,9.68e-05,112.8743,247.2362,15.34431495,6840.746632030996,462.6096320309962
STARLINK-35386,65862,26,260.34207236,53.1587,120.771,0.0001358,84.7852,275.3306,15.34427192,6840.759421046186,462.622421046186
STARLINK-35469,65863,26,260.16973944,53.1578,121.117,0.0001121,89.2597,270.8534,15.34397447,6840.847828271647,462.7108282716472
STARLINK-35471,65864,26,260.3425562,53.1596,122.1887,0.0001497,79.2872,280.8299,15.34393217,6840.860400786826,462.72340078682646
STARLINK-35475,65865,26,260.03523388,53.1566,121.6955,0.0001004,80.2351,279.8765,15.34413529,6840.800029463449,462.6630294634497
STARLINK-35312,65866,26,260.56684529,53.1562,119.3258,0.0001045,97.1279,262.9842,15.34397692,6840.847100078094,462.710100078094
STARLINK-35456,65867,26,258.90535381,53.1582,128.8588,0.0001953,75.5968,284.5252,15.34415503,6840.794162411957,462.65716241195696
STARLINK-35450,65868,26,258.6694833,53.1581,128.1055,0.0001196,96.8471,263.2668,15.34399675,6840.841206175766,462.70420617576656
STARLINK-35441,65869,26,260.31471663,53.1566,120.5999,0.0001155,94.9054,265.2081,15.343876,6840.877095868488,462.7400958684884
STARLINK-35433,65870,26,260.04422325,53.1593,123.8824,6.1e-05,340.8932,19.2047,15.34413602,6840.799812495263,462.6628124952631
STARLINK-35465,65871,26,260.34677401,53.1583,122.2145,0.0001221,74.942,285.1718,15.34385501,6840.883334629974,462.7463346299746
STARLINK-34108,65872,26,260.33624864,53.1565,122.1475,0.0002125,79.5479,280.5763,15.34380564,6840.898008704844,462.76100870484424
STARLINK-35423,65873,26,260.21803755,53.1583,120.7065,0.0001222,105.9446,254.1691,15.34346304,6840.999840689353,462.8628406893531
STARLINK-35425,65874,26,260.32523652,53.1577,120.6622,0.0001506,88.1467,271.9708,15.34391499,6840.865507087264,462.728507087264
STARLINK-34688,65875,26,258.60855823,53.1563,128.4341,0.0002552,80.187,279.942,15.34412825,6840.802121869863,462.66512186986347
STARLINK-34438,65876,26,260.02059536,53.1575,122.3138,8.81e-05,93.0858,267.0245,15.34421037,6840.777714524125,462.64071452412554
STARLINK-35462,65877,26,260.02319729,53.1579,123.7431,0.0001049,73.3312,286.7805,15.3443539,6840.735055690679,462.59805569067885
STARLINK-35453,65878,26,260.03313028,53.1553,121.6823,8.95e-05,131.1368,228.9712,15.34416656,6840.790735512825,462.65373551282573
STARLINK-35418,65879,26,260.30838733,53.1566,120.5506,0.0002565,255.9053,104.1664,15.34400914,6840.837523607836,462.70052360783666
STARLINK-35445,65880,26,260.04366358,53.1534,121.7477,0.0004201,83.346,276.802,15.34403132,6840.830931258901,462.6939312589011
STARLINK-35464,65881,26,258.91951437,53.1573,126.8186,6.03e-05,75.2997,284.8072,15.34419951,6840.780942273138,462.64394227313824
STARLINK-35270,65882,26,260.11835324,53.1577,197.881,0.000114,77.0286,283.0844,15.34403389,6840.830167403445,462.69316740344493
STARLINK-35367,65883,26,260.10572772,53.1569,197.7996,8.42e-05,116.3635,243.7455,15.34401821,6840.8348278166995,462.6978278166998
STARLINK-35384,65884,26,260.27854227,53.1596,201.0036,0.0001715,91.9884,268.1315,15.3443826,6840.726525787047,462.589525787047
STARLINK-35415,65885,26,260.5553685,53.1597,195.6297,0.0001149,96.0023,264.111,15.34383551,6840.889130538335,462.7521305383352
STARLINK-35413,65886,26,260.55116417,53.1592,195.6036,0.0001136,69.859,290.2534,15.34389462,6840.871561543146,462.7345615431459
STARLINK-35332,65887,26,260.15192852,53.1589,197.3756,0.0001178,81.2367,278.8769,15.3441707,6840.789505040118,462.65250504011783
STARLINK-35362,65888,26,260.12935549,53.1586,201.4946,0.0001657,35.3096,324.8016,15.34406315,6840.821470760652,462.6844707606524
STARLINK-35193,65889,26,260.56426174,53.1592,199.2213,0.0001457,89.9675,270.1495,15.34396757,6840.849879103513,462.71287910351293
STARLINK-34542,65890,26,260.11673714,53.1582,201.4142,0.0001074,92.5876,267.5249,15.34417419,6840.788467757998,462.65146775799803
STARLINK-34791,65891,26,260.12724518,53.1585,201.472,0.0001297,66.1827,293.9311,15.34412026,6840.804496634192,462.6674966341925
STARLINK-34853,65892,26,260.11204305,53.1584,197.8401,0.0001014,84.0927,276.0191,15.34415025,6840.795583105135,462.6585831051352
STARLINK-34921,65893,26,260.123036,53.1567,201.4444,0.0001094,78.382,281.7306,15.34418853,6840.784205691756,462.6472056917564
STARLINK-34672,65894,26,260.14197018,53.158,201.5614,0.0001216,107.4916,252.6219,15.34401592,6840.835508451697,462.6985084516973
STARLINK-34898,65895,26,260.24651747,53.1587,197.2487,0.0001047,69.0747,291.0367,15.34418954,6840.783905504635,462.64690550463547
STARLINK-34934,65897,26,260.5595822,53.1608,195.6423,0.0002179,86.3147,273.8104,15.3437849,6840.904173207004,462.7671732070039
STARLINK-34936,65898,26,260.24020798,53.1594,197.2061,0.0001385,82.1576,277.9584,15.34421231,6840.777137928479,462.6401379284789
STARLINK-35272,65899,26,260.54905874,53.1595,195.5782,0.0001427,83.525,276.5915,15.34394409,6840.856857887813,462.7198578878133
STARLINK-35264,65900,26,260.21916756,53.1601,197.0747,0.0001361,90.9348,269.1811,15.34409018,6840.813436941921,462.67643694192157
STARLINK-35249,65901,26,260.26592819,53.1572,200.9128,0.0001062,116.8343,243.2769,15.34413131,6840.801212386197,462.6642123861975
STARLINK-35278,65902,26,260.11041039,53.1581,201.3624,0.000127,103.5326,256.5818,15.34398941,6840.84338778009,462.70638778009015
STARLINK-35210,65903,26,260.12093168,53.1573,201.428,7.02e-05,69.2266,290.8812,15.34412479,6840.803150240647,462.66615024064686
STARLINK-35348,65904,26,260.22758524,53.159,197.1266,0.0001351,81.0862,279.0293,15.34403826,6840.828868552441,462.6918685524415
STARLINK-35380,65905,26,260.2301596,53.1567,200.6872,0.0001086,110.9968,249.1151,15.34407332,6840.818448044733,462.68144804473286
STARLINK-35385,65906,26,260.23810046,53.1575,197.1896,0.000115,120.7953,239.3162,15.34415342,6840.794640929868,462.65764092986865
STARLINK-35347,65907,26,260.55747427,53.159,195.6278,0.0001406,85.4121,274.7042,15.34395751,6840.852869159685,462.7158691596851
STARLINK-35329,65908,26,260.24441597,53.1578,197.2321,0.0001058,79.1061,281.0061,15.34413102,6840.80129857908,462.6642985790804
STARLINK-35387,65909,26,260.55163403,53.1581,199.1396,0.0002258,84.2142,275.9118,15.34383795,6840.888405306052,462.7514053060522
STARLINK-35523,65910,26,260.53440627,53.1602,351.5158,0.000125,80.1675,279.9469,15.34382022,6840.893675133528,462.756675133528
STARLINK-35160,65911,26,260.52389011,53.1604,351.4518,0.0001217,86.1208,273.9934,15.34398508,6840.8446747491225,462.7076747491228
STARLINK-35508,65912,26,259.79896712,53.1607,354.7476,0.0001215,66.6322,293.4809,15.34408978,6840.813555829189,462.67655582918906
STARLINK-35472,65913,26,260.54701171,53.1608,351.5933,0.0001095,68.8839,291.2281,15.34364273,6840.946430440678,462.8094304406786
STARLINK-35524,65914,26,260.28436664,53.1584,352.7943,0.0001499,112.2801,247.8361,15.3435085,6840.986328264589,462.84932826458953
STARLINK-35539,65915,26,260.56224202,53.161,353.128,0.0001085,75.8629,284.2494,15.34396775,6840.849825603531,462.7128256035312
STARLINK-35521,65916,26,260.24028452,53.1515,353.2346,0.0002891,62.6268,297.5029,15.3440381,6840.828916107615,462.6919161076157
STARLINK-35478,65917,26,260.2927955,53.1566,352.8463,0.0001581,115.9049,244.2117,15.3439663,6840.850256575633,462.71325657563284
STARLINK-35516,65918,26,260.28284732,53.1608,354.9156,0.0001515,109.14,250.9767,15.34375059,6840.914371119321,462.7773711193213
STARLINK-35519,65919,26,260.5575446,53.16,351.6546,0.0001778,87.6528,272.4679,15.34395473,6840.853695438209,462.7166954382092
STARLINK-33902,65920,26,260.53019576,53.1619,351.4893,6.14e-05,32.7055,327.3986,15.34371979,6840.923525791723,462.78652579172285
STARLINK-35530,65921,26,260.54912334,53.1611,351.6056,0.0001063,80.6387,279.4736,15.34412531,6840.802995687787,462.6659956877875
STARLINK-35544,65922,26,259.92082695,53.1612,354.0859,0.0001837,47.7609,312.3549,15.34371529,6840.924863327592,462.7878633275923
STARLINK-35484,65923,26,260.25071232,53.158,352.586,0.0001146,90.6799,269.4335,15.34390312,6840.869035136265,462.73203513626504
STARLINK-34994,65924,26,260.25281496,53.1584,352.5999,0.0002097,93.1613,266.9629,15.34390727,6840.867801656104,462.73080165610463
STARLINK-35458,65925,26,259.88093185,53.1587,354.5426,0.0001621,40.1256,319.9866,15.34381759,6840.894456840329,462.7574568403297
STARLINK-35492,65926,26,260.51968704,53.1618,351.4213,0.0001067,75.5081,284.604,15.34377087,6840.908343319281,462.7713433192812
STARLINK-35494,65927,26,259.79265123,53.1602,354.707,0.0001164,89.4219,270.6917,15.34403409,6840.83010795945,462.6931079594506
STARLINK-35493,65928,26,260.54070905,53.1615,351.5524,0.0001572,98.2349,261.8832,15.34405942,6840.822579387877,462.6855793878776
STARLINK-35175,65929,26,259.78691038,53.1593,356.798,0.0002733,70.8746,289.2553,15.34431748,6840.745880087506,462.6088800875059
STARLINK-35513,65930,26,260.52177989,53.1601,351.4337,5.67e-05,52.3694,307.736,15.34381172,6840.896201563159,462.75920156315897
STARLINK-35526,65931,26,260.25758542,53.1602,354.7582,0.000101,87.0764,273.0355,15.3443393,6840.739394954995,462.60239495499536
STARLINK-35436,65932,26,259.81427003,53.1624,356.9654,0.0001252,92.6109,267.5037,15.34402164,6840.833808350621,462.6968083506217
STARLINK-35192,65933,26,260.51757208,53.1545,351.4037,0.0001442,91.4709,268.6459,15.3440091,6840.837535496668,462.70053549666864
STARLINK-33921,65934,26,259.84994975,53.1594,356.4815,0.000124,90.837,269.2775,15.34403208,6840.830705371662,462.69370537166196
STARLINK-35155,65935,26,259.87672625,53.1611,354.5181,0.0001594,46.6173,313.4963,15.34387209,6840.878258018788,462.74125801878836
STARLINK-35161,65936,26,260.53650887,53.1598,351.5227,8.66e-05,92.583,267.5272,15.34416252,6840.791936264503,462.6549362645037
STARLINK-35473,65937,26,260.55544247,53.1594,351.641,0.0001241,91.3386,268.7759,15.34395294,6840.854227466599,462.71722746659907
STARLINK-34849,66005,26,260.24239236,53.158,290.5932,0.0001136,73.3979,286.7148,15.34409173,6840.812976253808,462.6759762538086
STARLINK-35336,66006,26,260.26553999,53.1593,290.7303,0.0002005,29.3982,330.7133,15.34408539,6840.814860617291,462.6778606172911
STARLINK-35196,66007,26,260.55600774,53.1589,291.1189,0.0001239,67.9699,292.1435,15.34405986,6840.822448611453,462.68544861145347
STARLINK-35236,66008,26,260.26764253,53.1606,290.7399,0.0002016,58.4798,301.6402,15.3439708,6840.84891907623,462.7119190762305
STARLINK-35276,66009,26,260.23453749,53.1569,292.6683,0.0001079,66.0068,294.1048,15.3441176,6840.805287232036,462.66828723203616
STARLINK-35297,66010,26,260.25080682,53.1567,290.6359,0.0001292,94.5539,265.5611,15.34397816,6840.846731523061,462.70973152306124
STARLINK-35256,66011,26,260.26399274,53.1565,292.8473,0.0001161,84.7825,275.331,15.34397416,6840.847920410437,462.7109204104372
STARLINK-35293,66012,26,260.36691317,53.1582,292.0691,0.000107,85.3626,274.7499,15.34401374,6840.8361563925955,462.6991563925958
STARLINK-35307,66013,26,260.34540222,53.1563,290.5169,0.000241,90.6457,269.4821,15.34408216,6840.815820632625,462.6788206326255
STARLINK-35395,66014,26,259.36681436,53.159,297.2033,0.0002674,88.3923,271.7386,15.34413245,6840.800873559026,462.6638735590259
STARLINK-34622,66015,26,260.2697634,53.1587,290.7505,0.0001565,79.4319,280.686,15.34407021,6840.819372395067,462.68237239506743
STARLINK-35243,66016,26,260.36433807,53.1593,290.6322,0.000203,94.206,265.9175,15.34423952,6840.769050741505,462.63205074150574
STARLINK-35398,66017,26,260.2613326,53.1564,290.7039,7.11e-05,93.9632,266.1452,15.34394835,6840.855591718641,462.7185917186416
STARLINK-35376,66018,26,259.57430402,53.1581,294.2342,0.0001268,75.3941,284.7202,15.34350159,6840.988382172632,462.85138217263193
STARLINK-35382,66019,26,260.22985935,53.1586,291.2153,0.0001329,40.6282,319.4819,15.34428198,6840.756431092126,462.61943109212643
STARLINK-35430,66020,26,260.3900569,53.1581,292.2131,0.0002923,294.9033,65.1666,15.34400231,6840.83955362651,462.70255362651005
STARLINK-35432,66021,26,260.36270484,53.1582,292.0449,0.0001219,88.381,271.7332,15.34392959,6840.861167622955,462.72416762295506
STARLINK-35340,66022,26,260.35649932,53.1599,292.7094,0.0001222,99.7421,260.372,15.34409544,6840.811873574833,462.6748735748333
STARLINK-35394,66023,26,260.23874581,53.1585,292.6908,0.0001159,57.0361,303.0753,15.34446378,6840.702398489324,462.56539848932425
STARLINK-35410,66024,26,260.24659976,53.1578,290.6101,0.0001409,71.2252,288.8903,15.34402788,6840.831953696107,462.6949536961074
STARLINK-35280,66025,26,260.27661627,53.1596,292.9195,0.0001009,95.6901,264.4217,15.34400034,6840.840139151942,462.7031391519422
STARLINK-34812,66026,26,260.27184777,53.1608,290.7636,0.0001752,79.3026,280.8173,15.34399024,6840.843141086326,462.70614108632617
STARLINK-35341,66027,26,260.3496082,53.1595,290.5325,0.0001743,84.8355,275.2847,15.34403864,6840.828755608904,462.6917556089047
STARLINK-35339,66028,26,259.50705552,53.1594,294.5175,0.0001177,66.2937,293.8189,15.34410973,6840.80762633301,462.67062633301066
STARLINK-35399,66029,26,260.24037502,53.1561,291.2727,0.0001757,86.8438,273.2766,15.34406348,6840.8213726783715,462.6843726783718
STARLINK-35431,66030,26,260.27605577,53.1603,290.7824,0.0001151,68.0258,292.0867,15.34401495,6840.835796755656,462.6987967556561
STARLINK-35326,66031,26,260.37476417,53.1562,289.9752,0.0002179,94.2602,265.865,15.34410349,6840.809480971035,462.67248097103493
STARLINK-35311,66032,26,260.24870036,53.1579,290.6089,0.0001513,93.2159,266.9017,15.34400578,6840.838522269836,462.70152226983646
STARLINK-35552,66058,26,259.52482604,53.1588,72.1198,0.0001146,92.0125,268.1008,15.34391553,6840.865346586407,462.7283465864075
STARLINK-35560,66059,26,259.97712146,53.1581,74.2648,8.38e-05,69.1298,290.9794,15.34438871,6840.724709842355,462.58770984235525
STARLINK-35558,66060,26,259.21283066,53.1598,79.4467,0.0002216,78.1298,281.9953,15.34397206,6840.8485445765145,462.7115445765148
STARLINK-35566,66061,26,260.20670069,53.1615,74.9779,0.0001348,90.974,269.1418,15.34389648,6840.871008705676,462.7340087056764
STARLINK-35421,66062,26,259.49173139,53.1593,76.2092,0.0001107,96.891,263.2218,15.34446757,6840.70127207843,462.5642720784299
STARLINK-35562,66063,26,260.21090631,53.1603,75.0067,6.96e-05,100.349,259.7591,15.34403207,6840.830708343862,462.69370834386245
STARLINK-35542,66064,26,260.22774646,53.1604,75.1126,0.0002006,89.0365,271.0867,15.34423885,6840.769249874452,462.6322498744521
STARLINK-35375,66065,26,260.21721824,53.1616,75.0489,7.02e-05,110.9928,249.115,15.34404348,6840.827317065322,462.69031706532223
STARLINK-35179,66066,26,259.49232322,53.1601,78.3448,0.0001181,91.882,268.2318,15.34422768,6840.772569749733,462.6355697497329
STARLINK-35401,66067,26,259.48332433,53.1587,76.1579,5.34e-05,39.8421,320.2621,15.3441543,6840.794379379696,462.65737937969607
STARLINK-35422,66068,26,260.14519708,53.1602,73.1786,0.0001239,51.0001,309.1112,15.3441886,6840.784184886707,462.6471848867077
STARLINK-35279,66069,26,259.4712663,53.1595,78.2127,0.0002148,99.7395,260.3851,15.34415417,6840.794418017787,462.6574180177877
STARLINK-35295,66070,26,259.51966265,53.1589,78.5107,9.56e-05,7.2146,352.887,15.34417713,6840.787593944712,462.65059394471245
STARLINK-35323,66071,26,259.54060971,53.1582,77.9285,0.000117,104.8264,255.2868,15.34406498,6840.820926849871,462.68392684987157
STARLINK-35299,66072,26,259.49805471,53.159,76.2499,0.0001392,98.2851,261.831,15.34421092,6840.777551056276,462.6405510562763
STARLINK-35274,66073,26,259.51334774,53.1586,78.4748,0.0001694,107.2691,252.8497,15.34407116,6840.819090037216,462.68209003721586
STARLINK-35321,66074,26,259.5511319,53.1594,78.0015,0.0002286,85.7412,274.3852,15.34404052,6840.828196835687,462.69119683568715
STARLINK-35131,66075,26,260.21243432,53.1603,72.8834,9.6e-06,84.0046,276.0967,15.3440853,6840.81488736694,462.67788736694
STARLINK-34801,66076,26,258.52789324,53.1597,82.9887,0.0002351,97.0169,263.1101,15.34407625,6840.81757719406,462.6805771940599
STARLINK-35129,66077,26,259.51067893,53.1556,76.3256,0.0002365,91.995,268.1323,15.34387986,6840.875948579931,462.7389485799313
STARLINK-35116,66078,26,260.03385697,53.1581,73.9008,0.0001098,112.1015,248.0105,15.34397696,6840.84708818922,462.7100881892202
STARLINK-35402,66079,26,259.21704189,53.1596,79.4671,0.0002978,85.4156,274.7187,15.34391068,6840.866788122222,462.7297881222221
STARLINK-35325,66080,26,259.22065772,53.1604,77.3593,2.57e-05,237.5906,122.5072,15.34420999,6840.777827465556,462.64082746555596
STARLINK-35291,66083,26,259.50703482,53.1605,78.4312,5.35e-05,347.7737,12.3253,15.34414733,6840.796450976645,462.65945097664553
STARLINK-35379,66084,26,260.21511224,53.162,75.0262,5.4e-05,100.2129,259.8935,15.344081,6840.816165406015,462.6791654060153
STARLINK-35370,66085,26,259.47967643,53.1573,78.2603,0.0001844,78.9589,281.1621,15.34414648,6840.796703610527,462.6597036105277
STARLINK-35596,66086,26,260.37954339,53.1602,292.0477,6.47e-05,53.5925,306.5138,15.34396291,6840.851264158948,462.714264158948
STARLINK-35563,66087,26,259.38097069,53.159,295.0599,0.0002507,89.4435,270.6855,15.34402913,6840.831582170916,462.69458217091596
STARLINK-35461,66088,26,260.2450424,53.1553,292.6231,0.0002048,89.2976,270.8261,15.34408672,6840.8144653169575,462.67746531695775
STARLINK-35571,66089,26,260.2534661,53.1589,292.6805,0.0001068,61.6737,298.4373,15.34405229,6840.82469856128,462.68769856127983
STARLINK-35570,66090,26,260.25766615,53.1586,292.7013,0.0001221,98.7911,261.323,15.34400143,6840.8398151810015,462.7028151810018
STARLINK-35532,66091,26,259.76182557,53.1607,295.2906,0.0001128,85.6403,274.4728,15.34398845,6840.843673112664,462.70667311266425
STARLINK-35527,66092,26,260.25289802,53.1583,290.5468,0.0001126,80.0419,280.0711,15.34397776,6840.846850411776,462.70985041177664
STARLINK-35500,66093,26,260.2408359,53.1578,292.6002,0.0001024,79.3121,280.7997,15.34413882,6840.798980288678,462.661980288678
STARLINK-35528,66094,26,260.26610396,53.1585,292.7552,0.0001423,75.4648,284.6512,15.34397621,6840.847311105592,462.71031110559215
STARLINK-35559,66095,26,260.35015448,53.1575,292.566,0.0001966,85.8189,274.3039,15.34402527,6840.832729440873,462.69572944087304
STARLINK-34386,66096,26,260.25137869,53.1577,292.6639,0.000103,70.928,289.1834,15.34373225,6840.919822306925,462.7828223069255
STARLINK-35613,66097,26,260.27239704,53.1618,292.7934,0.0001931,60.2169,299.9025,15.34399255,6840.842454505003,462.7054545050032
STARLINK-34206,66098,26,260.38948285,53.1608,289.9757,0.0001342,70.6361,289.4787,15.34401518,6840.835728394921,462.6987283949211
STARLINK-34460,66099,26,260.27029277,53.1603,292.7794,0.0001924,74.0036,286.1179,15.34398784,6840.843854417752,462.70685441775186
STARLINK-35609,66100,26,259.75705766,53.1591,293.1364,4.93e-05,71.6268,288.4788,15.34410154,6840.810060545676,462.673060545676
STARLINK-35595,66101,26,260.23194892,53.1594,291.1284,0.0001272,65.025,295.0884,15.34388631,6840.874031479657,462.73703147965716
STARLINK-35599,66102,26,260.38737782,53.1588,289.9627,9.58e-05,82.6983,277.4129,15.34402613,6840.832473831461,462.69547383146164
STARLINK-35622,66103,26,260.34748693,53.158,290.4191,0.0001474,91.6315,268.4856,15.34406845,6840.819895500219,462.6828955002193
STARLINK-35452,66104,26,260.58909798,53.1582,289.0877,0.0001145,72.2915,287.8212,15.34415106,6840.795342360005,462.658342360005
STARLINK-35561,66105,26,260.23825663,53.1555,291.1606,0.0001713,116.6404,243.4774,15.34398495,6840.844713387926,462.70771338792656
STARLINK-35584,66106,26,260.25500162,53.1578,290.556,0.0001127,97.3287,262.7843,15.34403218,6840.830675649659,462.69367564965887
STARLINK-35593,66107,26,260.2739399,53.1589,290.6773,0.0001572,51.8156,308.2988,15.34393447,6840.8597171734045,462.7227171734048
STARLINK-35590,66108,26,260.23615222,53.1564,291.1488,0.0001439,108.832,251.2839,15.34399623,6840.841360730783,462.70436073078326
STARLINK-35545,66109,26,260.09115717,53.1578,291.6661,0.0001447,81.0565,279.0602,15.34401506,6840.83576406139,462.69876406139065
STARLINK-35427,66110,26,260.35436503,53.1589,292.596,0.0001585,74.846,285.2717,15.34399301,6840.842317783202,462.7053177832022
STARLINK-35574,66111,26,260.24293861,53.1551,292.612,0.000108,72.9787,287.1333,15.34412463,6840.803197795375,462.6661977953754
STARLINK-35531,66112,26,260.37741905,53.1593,292.0256,0.0001003,91.7246,268.3872,15.34407109,6840.81911084253,462.68211084253016
STARLINK-35491,66113,26,260.2555615,53.1581,292.6887,0.0001267,93.7235,266.3912,15.34402116,6840.833951016406,462.6969510164063
STARLINK-35496,66114,26,260.17890046,53.1581,226.9686,0.000272,99.2839,260.8471,15.34410344,6840.8094958319225,462.6724958319228
STARLINK-35428,66115,26,260.29289817,53.1571,228.3884,8.34e-05,106.8332,253.2762,15.34411117,6840.807198339799,462.67019833979884
STARLINK-35573,66116,26,260.12428467,53.1586,227.3376,0.0001268,103.2371,256.8773,15.34415194,6840.795080809763,462.6580808097633
STARLINK-35572,66117,26,260.31393942,53.1592,228.5172,0.000108,80.4932,279.6193,15.34401665,6840.8352914806965,462.69829148069675
STARLINK-35468,66118,26,260.30341757,53.1588,228.454,8.47e-05,111.3426,248.7667,15.34407017,6840.81938428382,462.6823842838203
STARLINK-35547,66119,26,260.61390367,53.1598,225.4145,0.0001343,92.8762,267.2394,15.34403074,6840.831103646543,462.6941036465432
STARLINK-35553,66120,26,260.30075229,53.1557,226.3107,7.81e-05,121.0722,239.0358,15.34409299,6840.812601759011,462.67560175901144
STARLINK-35631,66121,26,260.17946001,53.1595,229.099,0.0001154,102.1002,258.013,15.34408107,6840.816144600723,462.6791446007237
STARLINK-35653,66122,26,260.18997935,53.1589,229.1621,0.0001353,88.6215,271.4942,15.34395878,6840.852491687204,462.7154916872041
STARLINK-35628,66123,26,260.32600284,53.1583,226.4611,0.0001311,92.0617,268.0536,15.34405977,6840.822475361176,462.68547536117603
STARLINK-35645,66124,26,260.32179436,53.1581,226.4355,8.16e-05,71.5836,288.5255,15.34409076,6840.813264555392,462.67626455539266
STARLINK-35649,66125,26,260.18732164,53.1581,227.0173,9.95e-05,100.0597,260.0518,15.3439832,6840.845233525704,462.7082335257046
STARLINK-35658,66126,26,260.56551472,53.1585,225.1197,0.0003745,29.0512,331.0699,15.34404892,6840.825700190793,462.6887001907935
STARLINK-35629,66127,26,260.29500393,53.1577,228.3952,0.0001393,92.2769,267.8394,15.34398841,6840.843685001521,462.7066850015217
STARLINK-35612,66128,26,260.25090395,53.1586,228.8322,0.0002091,91.3441,268.7801,15.34388072,6840.875692966484,462.73869296648445
STARLINK-35632,66129,26,260.24249199,53.1595,228.7818,0.0001223,82.2842,277.8299,15.34408032,6840.816367514575,462.67936751457546
STARLINK-35637,66130,26,260.55132608,53.1587,227.1504,0.0001066,113.9675,246.1439,15.34383019,6840.890711783157,462.7537117831571
STARLINK-35630,66131,26,260.30285745,53.1602,226.3197,0.0001173,89.4848,270.6289,15.34409737,6840.8112999441655,462.6742999441658
STARLINK-34412,66132,26,260.32810727,53.1572,226.476,0.0001244,88.9909,271.1236,15.34405976,6840.822478333367,462.6854783333674
STARLINK-35520,66133,26,260.56760806,53.1591,225.1267,0.0001001,112.8061,247.3048,15.34378448,6840.904298042774,462.7672980427742
STARLINK-35525,66134,26,260.32389893,53.1577,226.449,0.0001031,88.2094,271.9027,15.34401742,6840.835062620893,462.6980626208933
STARLINK-34852,66135,26,260.29921115,53.1593,228.4212,0.0001118,77.4878,282.625,15.34416027,6840.792605000198,462.6556050001982
STARLINK-35592,66136,26,260.18310905,53.1585,226.9891,0.0001175,81.9306,278.183,15.34402262,6840.8335170746695,462.6965170746698
STARLINK-35576,66137,26,260.31127522,53.1595,226.366,0.0001255,76.7424,283.3719,15.34403853,6840.828788303085,462.69178830308556
STARLINK-35623,66138,26,260.17104273,53.1584,229.0388,0.0001167,102.3698,257.7435,15.34402898,6840.831626753936,462.69462675393606
STARLINK-35549,66139,26,260.2924253,53.1569,226.9589,9.3e-05,131.8585,228.2497,15.3441222,6840.803920032902,462.66692003290245
STARLINK-35625,66140,26,260.31548284,53.1582,226.3938,0.0001293,90.7935,269.3216,15.34405372,6840.824273537591,462.68727353759095
STARLINK-35603,66141,26,260.19993943,53.1561,227.0932,0.0001036,90.5557,269.5564,15.34407846,6840.816920341004,462.6799203410046
STARLINK-35318,66146,26,260.24211471,53.1588,248.9878,0.000154,89.877,270.2409,15.34413297,6840.800719006295,462.66371900629565
STARLINK-33948,66147,26,260.4695635,53.1571,249.6887,8.7e-05,65.4319,294.6774,15.344123,6840.803682259209,462.66668225920967
STARLINK-35081,66148,26,260.36817731,53.1639,248.3457,0.0001595,44.3155,315.7975,15.34408468,6840.815071642304,462.67807164230453
STARLINK-35601,66149,26,260.20692155,53.1563,250.8949,0.0001112,85.0611,275.0519,15.34402663,6840.83232522135,462.6953252213507
STARLINK-35605,66150,26,260.25943459,53.1573,250.5128,0.000119,80.4634,279.6503,15.34397573,6840.84745377208,462.71045377208065
STARLINK-35540,66151,26,260.55306466,53.1578,247.3621,0.0001602,126.5273,233.5877,15.34424483,6840.767472539119,462.6304725391192
STARLINK-35455,66152,26,260.36186574,53.159,248.3142,8.97e-05,86.2563,273.8542,15.34417695,6840.787647443478,462.6506474434782
STARLINK-34752,66153,26,260.25894702,53.1576,249.0897,0.0002017,93.0637,267.0596,15.34406617,6840.8205731593125,462.6835731593128
STARLINK-34625,66154,26,260.35824968,53.1585,250.4139,0.0003737,63.6775,296.4612,15.34378157,6840.9051629764845,462.76816297648475
STARLINK-35580,66155,26,260.21055424,53.1582,248.785,0.0001376,93.6695,266.4465,15.34405303,6840.824478618943,462.6874786189437
STARLINK-35621,66156,26,260.59352477,53.1576,249.041,0.0001363,86.7491,273.3667,15.34398257,6840.845420775329,462.7084207753296
STARLINK-35594,66157,26,260.38080101,53.1582,248.425,8.68e-05,82.5925,277.5176,15.34412983,6840.801652267149,462.664652267149
STARLINK-35587,66158,26,260.2363782,53.1544,251.0772,0.0001624,87.432,272.6869,15.34422541,6840.773244424969,462.63624442496894
STARLINK-35586,66159,26,260.46697644,53.1567,248.2482,8.59e-05,82.1834,277.9266,15.34405854,6840.8228409407475,462.68584094074777
STARLINK-35636,66160,26,260.26153097,53.1585,250.5228,9.53e-05,107.3776,252.7331,15.344185,6840.7852548608635,462.64825486086374
STARLINK-35635,66161,26,260.23427448,53.1572,251.0649,0.0001058,75.5845,284.5275,15.34404115,6840.8280095872415,462.69100958724175
STARLINK-35633,66162,26,260.27836856,53.1571,250.6159,0.000241,92.4298,267.6981,15.34416444,6840.7913656101755,462.6543656101758
STARLINK-35607,66163,26,260.35976801,53.1591,248.2844,0.0003093,73.6693,286.4649,15.34413404,6840.800400984358,462.6634009843583
STARLINK-35614,66164,26,260.2463217,53.1588,248.999,0.0001328,81.7118,278.4035,15.34393118,6840.860695037873,462.72369503787286
STARLINK-35575,66165,26,260.37028315,53.1587,248.3516,0.0001673,89.1818,270.9376,15.34409669,6840.811502052366,462.67450205236673
STARLINK-35624,66166,26,260.35134384,53.1573,248.2313,8.99e-05,104.3082,255.8021,15.34404911,6840.82564371909,462.6886437190906
STARLINK-35641,66167,26,260.24421696,53.1586,248.9803,0.000121,91.7111,268.403,15.34398112,6840.845851746737,462.7088517467373
STARLINK-35578,66168,26,260.26575017,53.1611,250.5311,0.0003479,152.4329,207.6859,15.34325762,6841.060900084795,462.9239000847956
STARLINK-35638,66169,26,260.34560503,53.1589,250.3217,0.0001089,117.3662,242.7451,15.3441167,6840.8055547276,462.66855472760017
STARLINK-35585,66170,26,260.24842375,53.1586,249.01,0.0001164,74.3327,285.7804,15.34404456,6840.826996068096,462.68999606809666
STARLINK-35606,66171,26,260.35344855,53.1573,248.2437,0.0001421,87.5112,272.6053,15.34405586,6840.823637488278,462.6866374882784
STARLINK-35627,66172,26,260.38558251,53.1606,250.5761,9.78e-05,13.8245,346.2784,15.34415018,6840.795603910271,462.65860391027127
STARLINK-35634,66173,26,260.2357969,53.159,248.9316,0.0001016,99.1852,260.9266,15.34421233,6840.777131984194,462.64013198419434
STARLINK-35363,66178,26,260.13890681,53.1598,73.281,0.0001984,62.4233,297.6971,15.343744,6840.916329859964,462.7793298599645
STARLINK-35346,66179,26,259.53373031,53.1572,75.9085,8.5e-05,122.8235,237.285,15.34377636,6840.906711535459,462.76971153545946
STARLINK-35335,66180,26,260.29652951,53.1565,72.8469,0.0001523,83.5989,276.5187,15.34408338,6840.8154580261735,462.67845802617376
STARLINK-35342,66181,26,258.91604506,53.1584,79.1646,0.0001007,81.8199,278.2917,15.34417227,6840.789038411723,462.65203841172297
STARLINK-35333,66182,26,260.20614184,53.161,72.9949,6.5e-05,75.1265,284.981,15.34400782,6840.837915939293,462.70091593929374
STARLINK-35310,66183,26,259.21016182,53.1595,77.4449,6.6e-05,101.0773,259.0303,15.34398334,6840.84519191468,462.70819191468036
STARLINK-35317,66184,26,259.21437063,53.1591,77.4717,4.41e-05,112.7599,247.345,15.34399111,6840.842882503729,462.7058825037293
STARLINK-35377,66185,26,260.12838266,53.1578,73.2251,0.0001012,85.8188,274.293,15.34448474,6840.6961690565195,462.55916905651975
STARLINK-35365,66186,26,258.79209791,53.1582,79.8144,2.65e-05,67.8374,292.2657,15.34419571,6840.782071688977,462.6450716889776
STARLINK-35350,66187,26,259.53172574,53.1581,76.6102,0.0001242,98.7305,261.3839,15.34394445,6840.856750887579,462.7197508875797
STARLINK-35041,66188,26,258.91394829,53.1591,79.1513,0.0002928,67.0172,293.1139,15.34411212,6840.806915983202,462.6699159832024
STARLINK-34694,66189,26,259.52170208,53.1598,77.9659,5.42e-05,55.2513,304.8541,15.3441415,6840.798183748326,462.66118374832604
STARLINK-34863,66190,26,260.17887868,53.1577,73.5386,6.77e-05,86.2087,273.8993,15.34401301,6840.836373363663,462.69937336366365
STARLINK-35061,66191,26,260.2208686,53.1612,73.0876,3.19e-05,357.0312,3.0688,15.34406341,6840.821393483704,462.6843934837043
STARLINK-34937,66192,26,260.59275347,53.1581,71.1435,0.0001237,90.2191,269.8954,15.34400044,6840.840109429836,462.70310942983633
STARLINK-35197,66193,26,259.92513165,53.1604,76.2148,0.0001016,89.3604,270.7515,15.34401392,6840.836102892882,462.69910289288237
STARLINK-34813,66195,26,259.21227025,53.158,77.4573,0.0001228,85.6106,274.5037,15.34401847,6840.834750539374,462.6977505393743
STARLINK-35409,66196,26,259.46497493,53.159,78.324,0.0002124,89.8709,270.2537,15.3441507,6840.795449357838,462.65844935783844
STARLINK-35259,66197,26,259.51910418,53.1568,76.5314,0.0001111,85.1337,274.9793,15.34412393,6840.803405847317,462.66640584731704
STARLINK-35518,66198,26,259.52379907,53.1589,77.9764,5.49e-05,342.2666,17.8317,15.34419024,6840.783697454175,462.6466974541754
STARLINK-35509,66199,26,259.48180703,53.1607,78.4194,0.0002501,94.5239,265.6049,15.34409582,6840.8117606319975,462.67476063199774
STARLINK-35551,66200,26,259.91671783,53.1613,76.1598,9.71e-05,91.4749,268.6365,15.34392704,6840.861925542595,462.724925542595
STARLINK-35534,66202,26,260.20040583,53.1593,75.0845,0.0001046,95.2827,264.8295,15.34402686,6840.832256860702,462.6952568607021
STARLINK-35548,66203,26,259.52800426,53.158,77.9959,0.0002605,115.2364,244.8909,15.34403488,6840.829873155681,462.6928731556809
STARLINK-35490,66204,26,259.50647768,53.1597,76.4464,5.67e-05,44.7003,315.4045,15.34411306,6840.806636598809,462.6696365988091
STARLINK-35748,66206,26,260.15029057,53.1601,57.0078,6.38e-05,243.5633,116.5304,15.34427643,6840.758080619062,462.621080619062
STARLINK-35747,66207,26,258.88335421,53.1614,63.2685,8.65e-05,65.7571,294.3522,15.34414,6840.798629573122,462.6616295731219
STARLINK-35751,66208,26,259.46328655,53.1585,60.5408,0.0001265,84.0178,276.0969,15.3439906,6840.843034086627,462.70603408662737
STARLINK-35750,66209,26,259.90449656,53.1602,58.3156,9.16e-05,89.865,270.2458,15.34406979,6840.819497226969,462.68249722696964
STARLINK-35740,66210,26,260.1524196,53.1598,57.0219,0.0001863,57.245,302.8732,15.34423119,6840.771526529761,462.6345265297614
STARLINK-35723,66211,26,259.91080767,53.1588,58.3534,0.0001217,31.6251,328.4825,15.34390305,6840.869055941959,462.7320559419595
STARLINK-35710,66212,26,259.99335575,53.1596,60.2912,0.0001087,78.6692,281.4433,15.34394408,6840.856860860042,462.719860860042
STARLINK-34204,66213,26,260.13989269,53.1594,57.6473,0.0003892,73.438,286.705,15.34420443,6840.779479977535,462.642479977535
STARLINK-35714,66214,26,259.42597518,53.1593,62.4344,0.0002693,126.8105,233.3146,15.34427037,6840.759881725282,462.62288172528224
STARLINK-35712,66215,26,260.1419987,53.1586,57.66,4.02e-05,225.0452,135.0518,15.34448034,6840.697476760703,462.56047676070284
STARLINK-35709,66216,26,258.85027061,53.1615,65.2409,1.62e-05,273.5649,86.5335,15.34414615,6840.796801691922,462.65980169192244
STARLINK-35700,66217,26,259.43439359,53.1581,62.4871,0.0002029,78.728,281.395,15.34403229,6840.830642955455,462.6936429554553
STARLINK-35722,66218,26,260.16083185,53.1604,57.0703,7.59e-05,93.5577,266.5512,15.34403305,6840.8304170682395,462.6934170682398
STARLINK-35737,66219,26,259.91291079,53.1603,58.3652,7.27e-05,99.5606,260.5479,15.34406175,6840.821886867334,462.68488686733417
STARLINK-35677,66220,26,260.15873069,53.1613,57.0545,3.94e-05,70.4976,289.6069,15.34411076,6840.80732019897,462.67032019897033
STARLINK-35704,66221,26,260.15720629,53.1603,59.1773,8.85e-05,76.4848,283.6254,15.34441885,6840.715751992066,462.5787519920659
STARLINK-35666,66222,26,259.42808328,53.1585,62.4451,8.64e-05,93.0889,267.0212,15.34380734,6840.897503418397,462.7605034183971
STARLINK-35664,66223,26,260.14667743,53.1581,59.1062,4.33e-05,121.2943,238.8102,15.3441192,6840.804811684435,462.66781168443504
STARLINK-35733,66224,26,260.15509831,53.1568,59.1595,0.0001155,76.443,283.6701,15.34394561,6840.856406109075,462.71940610907495
STARLINK-35734,66225,26,258.95538379,53.1573,65.1816,9.32e-05,77.2407,282.8699,15.34405504,6840.82388120809,462.6868812080902
STARLINK-34466,66226,26,260.16293179,53.1619,57.0765,2.67e-05,228.3599,131.7381,15.34410106,6840.810203210222,462.6732032102227
STARLINK-34882,66227,26,259.91499971,53.1603,58.3766,0.0004057,66.3157,293.8271,15.34455508,6840.675263706765,462.53826370676506
STARLINK-35731,66228,26,259.43802534,53.1585,60.3746,0.0001805,89.7393,270.3817,15.34402692,6840.83223902749,462.69523902749006
STARLINK-35758,66229,26,260.16714371,53.16,57.1035,0.0001085,93.6025,266.5101,15.34396502,6840.850637020026,462.713637020026
STARLINK-35736,66230,26,259.44703322,53.1597,62.5633,0.000112,85.0471,275.066,15.34384547,6840.886170165147,462.749170165147
STARLINK-35735,66231,26,260.1356755,53.1571,57.6176,8.82e-05,61.9637,298.1455,15.34408088,6840.816201072231,462.6792010722311
STARLINK-35753,66232,26,259.43228901,53.1584,62.4653,0.0001708,83.1294,276.9903,15.3440495,6840.825527803491,462.6885278034915
STARLINK-35626,66233,26,259.90086345,53.1596,60.4115,8.74e-05,59.0781,301.0307,15.34409936,6840.810708480549,462.67370848054907
STARLINK-35454,66236,26,259.97896758,53.1569,113.9685,7.78e-05,152.7264,207.378,15.34404074,6840.828131447341,462.6911314473409
STARLINK-35557,66237,26,259.33554806,53.1597,113.5168,5.73e-05,309.1145,50.9807,15.34411054,6840.80738558682,462.67038558682
STARLINK-35556,66238,26,260.05415369,53.1585,110.1789,0.0001163,91.1908,268.9227,15.34459719,6840.6627485105455,462.5257485105458
STARLINK-35546,66240,26,260.29622761,53.1584,112.3904,8.92e-05,276.9635,83.1266,15.34424815,6840.766485791571,462.6294857915709
STARLINK-35497,66241,26,259.47050542,53.1541,116.4808,0.0002553,96.4135,263.7159,15.34419505,6840.782267850724,462.64526785072394
STARLINK-35480,66242,26,259.32971072,53.1586,117.0227,9.19e-05,102.0733,258.0372,15.34415201,6840.7950600046315,462.6580600046318
STARLINK-35495,66243,26,260.01053061,53.1585,114.1672,5.41e-05,34.1916,325.9121,15.34424026,6840.768830803641,462.6318308036416
STARLINK-35517,66244,26,259.97476539,53.1571,113.9386,0.0001181,91.2162,268.8976,15.34396893,6840.849474881458,462.71247488145855
STARLINK-35503,66245,26,260.32147067,53.158,112.548,0.0002353,260.5833,99.4903,15.34398238,6840.845477247441,462.7084772474409
STARLINK-35483,66252,26,258.95572796,53.1589,118.9529,0.0002525,312.3316,47.7472,15.34419457,6840.78241051382,462.64541051382
STARLINK-35616,66255,26,259.03559269,53.1575,118.7396,5.15e-05,104.0707,256.0352,15.34396028,6840.852045853633,462.71504585363346
STARLINK-35619,66256,26,260.29412355,53.1582,112.3787,0.0002959,85.3148,274.8193,15.34425281,6840.765100779048,462.6281007790485
STARLINK-35615,66257,26,260.00422105,53.1585,114.1182,0.0001133,86.9357,273.1775,15.3440718,6840.8188998172045,462.6818998172048
STARLINK-34650,66258,26,260.30253384,53.1583,112.4277,9.72e-05,91.1218,268.9896,15.34383689,6840.888720365954,462.7517203659545
STARLINK-35801,66265,26,260.35650673,53.1558,16.5684,0.000192,132.123,227.9936,15.34418618,6840.784904147066,462.6479041470666
STARLINK-35056,66266,26,260.35922133,53.16,18.7124,0.00014,107.3983,252.7173,15.34402084,6840.834046126933,462.69704612693295
STARLINK-35550,66267,26,260.3586273,53.1604,16.5368,0.0001033,56.1643,303.9458,15.34391512,6840.865468448167,462.7284684481674
STARLINK-35069,66268,26,259.84854952,53.16,20.5047,0.0001248,85.6629,274.4516,15.34403595,6840.829555130355,462.6925551303557
STARLINK-34910,66269,26,260.31243111,53.1609,16.9607,5.2e-05,81.654,278.4521,15.34386205,6840.881242161459,462.7442421614596
STARLINK-35757,66270,26,259.84595644,53.1602,19.0697,9.63e-05,120.2176,239.8922,15.34412644,6840.802659832566,462.66565983256623
STARLINK-35745,66271,26,260.31292138,53.1601,18.4235,0.000142,107.6225,252.4933,15.34377736,6840.906414307181,462.76941430718125
STARLINK-35741,66272,26,260.34811385,53.1569,16.5131,4.5e-05,312.652,47.4445,15.34412188,6840.804015142385,462.667015142385
STARLINK-35730,66273,26,260.62338504,53.1631,15.3893,4.23e-05,107.8956,252.2093,15.34415114,6840.79531858271,462.6583185827103
STARLINK-35760,66274,26,260.36543155,53.16,18.0407,0.0001337,106.866,253.249,15.34386497,6840.880374263055,462.74337426305556
STARLINK-35752,66275,26,260.32133819,53.1601,18.4763,0.0001468,92.3318,267.7853,15.34388634,6840.874022562915,462.7370225629156
STARLINK-35742,66276,26,259.81917807,53.1599,21.0278,9.15e-05,91.7358,268.3749,15.34414102,6840.798326412252,462.6613264122525
STARLINK-35708,66277,26,260.30823057,53.1609,16.976,0.0005868,303.0673,56.9766,15.34391891,6840.864341970144,462.72734197014415
STARLINK-35713,66278,26,259.82491847,53.1591,18.9343,8.31e-05,66.4955,293.6135,15.34400555,6840.838590630641,462.7015906306415
STARLINK-35724,66279,26,260.62387296,53.1612,16.8088,0.0001185,92.2581,267.8557,15.34380361,6840.898612076428,462.7616120764287
STARLINK-35726,66280,26,260.6128705,53.1579,15.3208,8.05e-05,70.2857,289.8232,15.34381921,6840.893975332692,462.7569753326925
STARLINK-35727,66281,26,259.85485983,53.1588,20.5386,0.0001384,92.3628,267.7533,15.3440201,6840.834266070037,462.6972660700376
STARLINK-35776,66282,26,260.30661804,53.1603,18.3814,0.0004422,17.9138,342.202,15.34384911,6840.88508826249,462.74808826249046
STARLINK-35774,66283,26,260.3150304,53.1602,18.4324,0.0001338,44.1093,316.0016,15.34356703,6840.968931041654,462.83193104165457
STARLINK-35830,66284,26,260.58819364,53.1622,17.2943,0.0001465,98.4265,261.6904,15.34400941,6840.837443358228,462.70044335822786
STARLINK-35819,66285,26,259.81285782,53.1609,20.9847,8.38e-05,342.6086,17.4888,15.34422761,6840.772590554692,462.6355905546925
STARLINK-35783,66286,26,260.6134643,53.1604,17.4494,0.0001052,90.2741,269.8382,15.34383872,6840.8881764418065,462.7511764418068
STARLINK-34884,66287,26,259.85437353,53.1605,19.1168,0.0001143,83.1095,277.0038,15.34418428,6840.785468855745,462.6484688557457
STARLINK-34896,66288,26,259.3290807,53.1596,21.5251,0.0001594,338.6265,21.4671,15.34411527,6840.805979748381,462.6689797483814
STARLINK-35802,66289,26,259.84385197,53.1615,19.0549,5.62e-05,50.5103,309.595,15.34409691,6840.811436664418,462.67443666441795
STARLINK-35799,66290,26,260.36073799,53.1581,16.5861,0.0001521,94.7748,265.3428,15.34390412,6840.868737912078,462.73173791207864
STARLINK-35800,66291,26,260.35021612,53.1595,16.5206,9.79e-05,317.4416,42.651,15.34419544,6840.782151936963,462.645151936963
STARLINK-35798,66292,26,260.35442779,53.157,16.5433,6.32e-05,28.8686,331.2352,15.34401101,6840.836967805037,462.699967805037
STARLINK-35849,66348,26,259.92660649,53.1582,62.1423,0.0001108,60.4082,299.7031,15.3439692,6840.849394631499,462.7123946314996
STARLINK-35850,66352,26,258.87811877,53.159,66.9696,0.000198,71.2168,288.905,15.34417696,6840.787644471323,462.6506444713232
STARLINK-35869,66353,26,259.93501569,53.1593,62.1903,6.77e-05,89.5105,270.5975,15.34407666,6840.8174553344315,462.6804553344318
STARLINK-35895,66354,26,259.18052869,53.1599,66.0231,2.3e-05,167.3632,192.7376,15.33568926,6843.311482721361,465.1744827213615
STARLINK-35861,66355,26,260.15356569,53.1559,61.4237,6.36e-05,236.3371,123.7571,15.34401834,6840.834789178037,462.69778917803706
STARLINK-35851,66356,26,260.57585413,53.159,59.0814,0.0001079,81.8765,278.236,15.34390527,6840.868396104305,462.73139610430553
STARLINK-35817,66357,26,259.48117444,53.1575,64.3359,6.91e-05,53.0446,307.062,15.34394867,6840.855496607366,462.71849660736643
STARLINK-35823,66360,26,260.11780407,53.1594,61.1951,0.0001334,64.361,295.753,15.34372614,6840.921638381106,462.78463838110656
STARLINK-35822,66362,26,258.8907409,53.1585,67.0497,9.47e-05,65.9047,294.2054,15.34416062,6840.792500974635,462.6555009746353
STARLINK-35806,66363,26,259.44549026,53.1548,64.8241,0.000259,76.6779,283.4512,15.34412563,6840.80290057834,462.66590057834037
STARLINK-35797,66364,26,260.15988323,53.1618,61.459,7.23e-05,93.239,266.8696,15.34386452,6840.880508014504,462.7435080145042
STARLINK-35846,66367,26,259.92871024,53.1594,62.1487,0.0001269,45.2655,314.8451,15.34414135,6840.798228330803,462.66122833080317
STARLINK-34861,66368,26,259.76850962,53.161,61.1101,0.0001216,84.7332,275.381,15.34404837,6840.825863661521,462.6888636615213
STARLINK-35795,66369,26,259.48270911,53.1581,62.1713,0.0001677,99.6251,260.4942,15.34405759,6840.823123298987,462.6861232989877
STARLINK-35824,66370,26,260.14038324,53.1584,59.1643,0.0001616,85.9105,274.2082,15.34408558,6840.814804145811,462.677804145811
STARLINK-35804,66371,26,259.4806107,53.1586,62.1582,0.0001443,100.967,259.1495,15.3442069,6840.778745857881,462.6417458578817
STARLINK-35821,66372,26,259.94286584,53.1582,60.0645,9.1e-06,337.0414,23.0585,15.34412103,6840.8042677769645,462.66726777696476
STARLINK-35809,66373,26,260.1761497,53.161,59.3884,0.0001327,97.5659,262.5494,15.34383372,6840.889662573614,462.75266257361454
STARLINK-35831,66374,26,260.14611481,53.1594,57.0707,6.82e-05,92.9646,267.1435,15.34403169,6840.83082128748,462.6938212874802
STARLINK-35826,66375,26,259.48480915,53.1593,62.1821,0.0002196,77.0024,283.1224,15.34421277,6840.777001209941,462.64000120994115
STARLINK-35139,66380,26,259.91648301,53.1592,44.369,0.0002906,78.412,281.7209,15.34467333,6840.640119659424,462.50311965942456
STARLINK-35158,66381,26,259.89392496,53.1587,46.355,0.0001836,74.4934,285.6271,15.3442934,6840.7530369335245,462.6160369335248
STARLINK-35639,66382,26,259.40650447,53.1583,49.0005,0.0001713,75.8258,284.2935,15.34407403,6840.818237019458,462.6812370194584
STARLINK-35690,66383,26,260.36615208,53.1565,42.1972,0.000129,64.5132,295.6004,15.34394906,6840.855380690504,462.7183806905041
STARLINK-35662,66384,26,259.44008685,53.1585,48.4986,0.000121,108.99,251.1234,15.34427992,6840.7570433488545,462.6200433488548
STARLINK-35659,66385,26,259.91439717,53.1596,44.3552,9.52e-05,87.412,272.6992,15.34411803,6840.805159428611,462.66815942861103
STARLINK-35651,66386,26,260.3856603,53.1605,44.4431,0.0001572,91.2328,268.8855,15.34405411,6840.82415762205,462.6871576220501
STARLINK-35661,66387,26,260.359841,53.149,42.1554,0.0001613,51.2353,308.8794,15.34393468,6840.859654756535,462.7226547565351
STARLINK-35647,66388,26,260.39826499,53.162,44.5231,0.0001391,94.7521,265.3641,15.34411332,6840.806559322279,462.6695593222794
STARLINK-35694,66389,26,259.98854314,53.159,46.2307,0.0001423,45.7262,314.3857,15.34411676,6840.805536894561,462.66853689456093
STARLINK-35665,66390,26,260.40449391,53.16,43.8356,0.0001085,95.1445,264.9682,15.343886,6840.874123619329,462.7371236193294
STARLINK-35656,66391,26,259.80831204,53.1611,50.7794,6.83e-05,66.3815,293.726,15.34406395,6840.821232985434,462.6842329854344
STARLINK-35671,66392,26,259.88761668,53.1608,46.3138,5.73e-05,50.6911,309.4142,15.34440836,6840.718869701065,462.58186970106544
STARLINK-35652,66393,26,258.81185318,53.1605,51.6843,0.0001206,81.9931,278.1209,15.34379426,6840.901391154164,462.7643911541645
STARLINK-35672,66394,26,260.39140354,53.1571,42.3507,0.0001714,83.1615,276.9583,15.34377794,6840.906241914794,462.7692419147943
STARLINK-35681,66395,26,259.88967485,53.1598,46.3245,6.77e-05,59.275,300.832,15.34484674,6840.5885828076725,462.4515828076728
STARLINK-35669,66396,26,259.91229946,53.1597,44.3367,9.49e-05,93.4365,266.6746,15.34409861,6840.810931393957,462.673931393957
STARLINK-35510,66397,26,259.8813022,53.1605,46.2714,0.0001092,46.8381,313.2713,15.344031,6840.831026369323,462.6940263693232
STARLINK-35642,66398,26,259.89345652,53.1584,44.9291,0.0001711,82.8126,277.3071,15.34409703,6840.811400998264,462.674400998264
STARLINK-35657,66399,26,260.408215,53.1601,42.4559,0.000137,96.0358,264.0801,15.34443841,6840.709938618518,462.5729386185185
STARLINK-35667,66400,26,260.39560704,53.1572,42.3718,0.0001424,99.9251,260.1913,15.34396031,6840.852036936963,462.71503693696286
STARLINK-35668,66401,26,259.87239373,53.1591,44.7947,0.0001626,90.3106,269.8083,15.34437884,6840.727643292072,462.59064329207195
STARLINK-35602,66403,26,259.86610083,53.1599,44.7566,0.0001188,58.8492,301.2627,15.34405454,6840.824029817743,462.6870298177437
STARLINK-35691,66404,26,259.79675596,53.16,45.0322,0.000133,98.861,261.2544,15.34398992,6840.843236197172,462.7062361971721
STARLINK-35683,66405,26,260.40612404,53.1596,42.437,0.0001006,91.2601,268.8517,15.34399925,6840.84046312292,462.70346312291986
STARLINK-34840,66406,26,260.50694338,53.159,41.6382,0.0001072,85.7224,274.3902,15.34383004,6840.890756367141,462.75375636714125
STARLINK-35686,66407,26,260.04888628,53.1611,43.7627,0.0001212,38.7106,321.3983,15.34433084,6840.741909353769,462.6049093537695
STARLINK-35679,66408,26,260.37877529,53.1551,42.2572,0.0002184,96.0734,264.0517,15.34409028,6840.813407220105,462.6764072201049
STARLINK-35940,66617,26,259.78567544,53.1603,330.9529,0.0001326,75.2834,284.8316,15.34390494,6840.868494188271,462.7314941882714
STARLINK-35970,66618,26,260.23321432,53.1635,328.756,4.81e-05,52.1107,307.9939,15.34362111,6840.95285661722,462.81585661722056
STARLINK-35951,66619,26,260.22900423,53.1591,328.7398,0.0001015,91.2458,268.8661,15.34390156,6840.869498806058,462.7324988060582
STARLINK-35936,66620,26,260.22479752,53.159,328.7135,9.84e-05,100.5066,259.6048,15.34399404,6840.842011645279,462.7050116452792
STARLINK-35847,66621,26,260.46017819,53.1584,328.0376,0.0001409,72.7803,287.3354,15.3441201,6840.804544188944,462.6675441889447
STARLINK-35950,66622,26,259.77936107,53.1604,330.9098,8.05e-05,92.7706,267.3389,15.34396606,6840.850327908953,462.71332790895303
STARLINK-35920,66623,26,259.77680118,53.1598,327.3445,0.0001125,57.1754,302.9357,15.34410809,6840.8081137698055,462.67111376980574
STARLINK-35927,66624,26,260.22690068,53.159,328.7244,0.0001014,102.0821,258.0295,15.34421382,6840.776689135043,462.6396891350432
STARLINK-35929,66625,26,258.91528014,53.1611,331.2088,8.54e-05,86.5016,273.6084,15.34392642,6840.862109821127,462.72510982112726
STARLINK-35902,66626,26,259.77515794,53.159,330.8878,0.0001532,74.1674,285.9497,15.34406905,6840.819717168906,462.6827171689065
STARLINK-35904,66627,26,260.19121304,53.1589,329.2107,0.0001406,74.5039,285.6119,15.34419374,6840.7826572021095,462.64565720210976
STARLINK-35862,66628,26,260.17812468,53.1602,325.578,0.000146,87.5071,272.6099,15.34383591,6840.889011647783,462.75201164778355
STARLINK-35949,66630,26,259.76836554,53.1584,327.2844,0.0001045,90.5346,269.5776,15.34410634,6840.808633900628,462.67163390062797
STARLINK-35965,66631,26,260.21590549,53.1588,325.1023,0.0001005,86.7055,273.4063,15.34382502,6840.892248444884,462.7552484448843
STARLINK-35973,66632,26,259.84612848,53.1604,327.0637,0.0001035,98.9937,261.1183,15.34396853,6840.849593770292,462.7125937702922
STARLINK-35948,66633,26,259.78309793,53.1607,327.3811,0.0001317,79.7461,280.369,15.34384774,6840.8854954620665,462.7484954620668
STARLINK-35967,66634,26,260.161294,53.1595,325.4762,0.0001158,79.7654,280.3479,15.34391126,6840.866615732332,462.7296157323326
STARLINK-35955,66635,26,259.72685048,53.1594,331.2906,0.0001401,91.7285,268.3878,15.34410172,6840.810007046474,462.6730070464746
STARLINK-35968,66636,26,260.22269501,53.1568,328.6986,0.000134,93.7135,266.4021,15.34377751,6840.906369722941,462.7693697229415
STARLINK-35953,66637,26,259.72007518,53.1609,327.6978,0.0001242,70.5644,289.5493,15.3442134,6840.776813964999,462.6398139649991
STARLINK-35972,66638,26,260.17228681,53.1585,329.0929,0.0001319,71.6997,288.4149,15.3438377,6840.88847961263,462.75147961263065
STARLINK-35908,66639,26,258.63427735,53.159,336.5563,0.0001037,76.6613,283.4506,15.34447936,6840.697768022174,462.56076802217467
STARLINK-35921,66640,26,260.17439076,53.1591,329.1044,0.0003389,103.0829,257.0553,15.34399542,6840.841601479961,462.70460147996164
STARLINK-35923,66641,26,259.78987901,53.162,330.9693,8.65e-05,44.9545,315.1527,15.34430027,6840.7509950905815,462.61399509058174
STARLINK-35926,66642,26,260.18490834,53.161,329.1696,0.0001264,79.4501,280.6644,15.3439713,6840.848770465226,462.71177046522644
STARLINK-35918,66643,26,259.83770908,53.1637,327.0059,8.1e-06,77.7475,282.3537,15.34415069,6840.79545233,462.6584523300007
STARLINK-35938,66644,26,260.1954229,53.1596,329.2332,0.0001354,100.2416,259.8739,15.34405308,6840.824463757975,462.6874637579749
STARLINK-35866,66878,26,260.15936796,53.1571,213.0636,0.0001721,44.1394,315.9746,15.34400324,6840.8392772109955,462.7022772109958
STARLINK-35749,66879,26,260.27079013,53.1602,213.0485,8.56e-05,75.7902,284.3196,15.34420255,6840.780038740803,462.6430387408036
STARLINK-35844,66880,26,260.57122287,53.1575,211.367,0.0001602,78.2883,281.8299,15.34404957,6840.825506998128,462.6885069981281
STARLINK-35860,66881,26,260.15726186,53.1573,213.0504,0.000225,94.7421,265.3838,15.34417654,6840.787769301779,462.6507693017793
STARLINK-35912,66882,26,260.2953898,53.1582,210.3696,0.0001292,84.0896,276.0254,15.34406442,6840.821093292504,462.68409329250426
STARLINK-35947,66883,26,260.56435567,53.1562,209.2033,0.0002582,84.643,275.4867,15.34399916,6840.840489872819,462.70348987281886
STARLINK-36057,66884,26,260.1399591,53.1589,211.5281,0.0001319,91.4033,268.7121,15.34411267,6840.8067525136075,462.6697525136078
STARLINK-35954,66885,26,260.58328829,53.1582,209.3181,0.0001521,95.4097,264.7079,15.34403699,6840.829246021663,462.69224602166287
STARLINK-35900,66886,26,260.18405225,53.1582,211.0945,0.0001029,100.9722,259.1397,15.34413845,6840.799090258819,462.66209025881926
STARLINK-35925,66887,26,260.13785567,53.1594,211.5134,0.0001284,55.438,304.6744,15.34408838,6840.8139719346655,462.67697193466574
STARLINK-35919,66888,26,260.28074911,53.1575,210.9844,9.65e-05,88.6293,271.482,15.3440963,6840.811617967371,462.674617967371
STARLINK-35852,66889,26,260.18194979,53.1582,211.0794,0.0001177,99.351,260.7626,15.34406485,6840.8209654883385,462.6839654883388
STARLINK-35885,66890,26,260.58539133,53.1595,209.3293,0.0002134,99.7541,260.3703,15.34354081,6840.976724555834,462.83972455583444
STARLINK-35855,66891,26,260.14837437,53.1587,211.5787,0.000116,91.1215,268.992,15.34413546,6840.79997893661,462.66297893661067
STARLINK-35883,66892,26,260.28332538,53.1578,212.4158,0.0001299,87.4336,272.6815,15.34410537,6840.808922201755,462.6719222017555
STARLINK-36033,66893,26,260.24974979,53.1582,212.9186,0.0001276,127.6217,232.4902,15.34408473,6840.815056781387,462.67805678138757
STARLINK-35718,66894,26,260.17409149,53.1574,213.1564,0.0001231,113.9639,246.1493,15.344118,6840.805168345129,462.66816834512883
STARLINK-35971,66895,26,260.57066165,53.1579,209.2385,0.0001366,86.1691,273.9468,15.34394294,6840.857199694146,462.7201996941467
STARLINK-35791,66896,26,260.28123326,53.1563,212.3992,0.0001151,105.5632,254.5498,15.34368587,6840.933607855987,462.79660785598753
STARLINK-36079,66897,26,260.1462937,53.1587,211.5648,0.000104,78.5841,281.5279,15.34390036,6840.8698554751845,462.7328554751848
STARLINK-36065,66898,26,260.55382879,53.156,209.1337,9.93e-05,83.1447,276.9669,15.34404836,6840.825866633715,462.6888666337154
STARLINK-36064,66899,26,260.29959558,53.1574,210.3927,0.0001106,80.3682,279.7446,15.34418678,6840.7847258180345,462.6477258180348
STARLINK-36074,66900,26,260.58118379,53.1611,209.3038,0.0001369,75.4836,284.6318,15.34382247,6840.893006373135,462.7560063731353
STARLINK-36043,66901,26,260.55803742,53.1571,209.1564,0.0001495,72.5241,287.5925,15.34400045,6840.840106457625,462.7031064576249
STARLINK-35983,66902,26,260.18826313,53.1597,211.117,0.0001143,85.5123,274.601,15.34403412,6840.830099042851,462.6930990428509
STARLINK-36077,66903,26,260.20087563,53.1596,211.1902,0.0001639,108.7726,251.3454,15.34463313,6840.652067098873,462.51506709887326
STARLINK-36059,66904,26,260.29126982,53.157,211.0439,0.000137,114.1366,245.978,15.34396526,6840.850565686699,462.71356568669944
STARLINK-36075,66905,26,260.25606293,53.1577,212.9557,8.75e-05,103.1751,256.9349,15.34408627,6840.814599065185,462.67759906518495
STARLINK-35945,66925,26,260.23746227,53.1575,185.1828,0.0001063,100.2892,259.823,15.34414609,6840.796819524904,462.6598195249044
STARLINK-35942,66926,26,260.48328788,53.1579,183.878,0.00011,90.8659,269.2469,15.34389454,6840.871585321103,462.7345853211036
STARLINK-35943,66927,26,260.06090608,53.1585,185.5025,0.0001245,98.0296,262.0848,15.34415161,6840.795178891101,462.65817889110167
STARLINK-35944,66928,26,260.5085308,53.1615,184.0316,9.58e-05,84.1632,275.9479,15.34410993,6840.807566889504,462.6705668895047
STARLINK-36169,66929,26,260.06511257,53.1575,185.5289,8.79e-05,86.809,273.3013,15.34412561,6840.802906522679,462.6659065226795
STARLINK-36206,66930,26,260.23956938,53.1564,185.1965,8.17e-05,103.3314,256.778,15.34411793,6840.805189150337,462.66818915033764
STARLINK-36130,66931,26,260.21013197,53.1566,185.0173,8.73e-05,99.6932,260.4169,15.3435519,6840.973428211697,462.83642821169724
STARLINK-36177,66932,26,260.21432044,53.1584,185.0401,0.0001849,85.015,275.1063,15.34404276,6840.827531063492,462.690531063492
STARLINK-36157,66933,26,260.4917019,53.1564,183.9249,0.0002213,79.7578,280.3674,15.34383623,6840.888916535346,462.751916535346
STARLINK-36153,66934,26,260.23535772,53.1568,185.1725,0.0001041,147.4368,212.6699,15.34414381,6840.797497178283,462.66049717828355
STARLINK-36127,66935,26,260.19748921,53.1588,184.9339,0.0001535,95.2888,264.829,15.34404281,6840.827516202509,462.69051620250957
STARLINK-36160,66936,26,260.2059014,53.1587,184.9873,0.0001192,85.9296,274.1843,15.34418261,6840.785965205048,462.6489652050486
STARLINK-36165,66937,26,260.22062965,53.1578,185.0785,0.0001123,96.6223,263.4907,15.3441118,6840.807011092789,462.67001109278954
STARLINK-36155,66938,26,260.21220972,53.1571,185.0242,6.43e-05,209.0343,151.0624,15.34413839,6840.799108091816,462.66210809181666
STARLINK-36154,66939,26,260.203799,53.1575,184.9742,0.0001044,86.0285,274.0836,15.34407205,6840.818825512516,462.6818255125163
STARLINK-36121,66940,26,260.08615079,53.1582,185.6633,8.87e-05,99.3216,260.7886,15.34411669,6840.805557699773,462.6685576997734
STARLINK-36088,66941,26,260.51053958,53.159,183.3251,0.0001303,86.9069,273.2082,15.34389508,6840.87142481989,462.7344248198906
STARLINK-36100,66942,26,260.48958853,53.159,183.9124,0.0001023,86.7931,273.3188,15.34371996,6840.923475262603,462.78647526260283
STARLINK-36109,66943,26,260.20169555,53.1584,184.9583,0.0001082,87.3255,272.7871,15.34406165,6840.8219165892415,462.68491658924177
STARLINK-36112,66944,26,260.51896756,53.158,183.383,0.0001718,73.9428,286.1764,15.34355177,6840.973466852317,462.83646685231724
STARLINK-36110,66945,26,260.4874917,53.1576,183.8999,0.0001191,81.2657,278.8481,15.3438779,6840.876531140901,462.7395311409009
STARLINK-36115,66946,26,259.50202892,53.1575,188.4133,4.54e-05,71.4859,288.6193,15.34416105,6840.792373171806,462.6553731718059
STARLINK-36089,66947,26,259.19108247,53.1586,190.026,0.0001166,97.5418,262.5717,15.34413442,6840.800288041996,462.66328804199657
STARLINK-36116,66948,26,260.50642906,53.1585,184.0132,0.0001233,83.3882,276.7261,15.34395455,6840.853748938266,462.7167489382664
STARLINK-36096,66949,26,260.05880035,53.1585,185.4867,0.0001438,112.4536,247.6619,15.34407889,6840.816792537035,462.6797925370356
STARLINK-36111,66950,26,260.05672267,53.1584,185.4726,0.0001193,95.9762,264.1376,15.34356731,6840.968847815841,462.8318478158417
STARLINK-35999,66951,26,260.28996095,53.1581,184.7946,0.0004319,87.1132,273.0365,15.34446477,6840.702104255298,462.56510425529814
STARLINK-36122,66952,26,260.20800592,53.1574,184.9958,0.0001109,98.2556,261.8572,15.34407026,6840.8193575341265,462.6823575341268
STARLINK-36840,67850,26,259.35115841,53.1598,36.757,0.0001476,81.9811,278.1359,15.34451865,6840.686090839109,462.54909083910934
STARLINK-36348,67851,26,260.40597497,53.16,31.9715,0.000285,121.0306,239.0977,15.34425198,6840.765347465776,462.62834746577664
STARLINK-36276,67852,26,259.90379784,53.1607,34.5261,0.0001152,100.3034,259.8099,15.34442318,6840.714465083666,462.57746508366654
STARLINK-36785,67853,26,260.39545494,53.1597,31.8795,0.0001007,104.8163,255.2951,15.3441949,6840.78231243294,462.64531243294005
STARLINK-36608,67854,26,260.6434651,53.1629,31.2939,0.0001187,78.6376,281.476,15.34396532,6840.850547853366,462.71354785336644
STARLINK-36837,67858,26,259.89282199,53.1606,30.8969,8.37e-05,99.5008,260.609,15.34416387,6840.791535023167,462.6545350231672
STARLINK-35873,67860,26,260.39965832,53.1579,31.9087,0.0001801,346.336,13.7594,15.34409113,6840.813154584681,462.67615458468117
STARLINK-36325,67861,26,260.34715353,53.1559,32.2902,0.0002081,23.5697,336.54,15.34380318,6840.89873988422,462.76173988422033
STARLINK-36332,67862,26,259.97526617,53.1604,34.237,0.000187,161.2371,198.8701,15.3444547,6840.705097122061,462.56809712206086
STARLINK-36835,67863,26,260.64136303,53.1613,31.2825,0.0001246,79.2503,280.864,15.34382816,6840.891315153132,462.75431515313267
STARLINK-36831,67864,26,260.3975579,53.162,31.8874,3.54e-05,106.0354,254.0688,15.34413197,6840.801016223093,462.6640162230933
STARLINK-36738,67865,26,260.35135784,53.1599,32.3144,0.0001081,78.742,281.3704,15.34379821,6840.900217104938,462.7632171049381
STARLINK-36780,67866,26,260.03830204,53.162,33.914,0.0001387,67.4725,292.6424,15.34401474,6840.835859171981,462.698859171981
STARLINK-36761,67867,26,260.63714921,53.1605,31.2542,0.0001205,89.5075,270.6065,15.34394057,6840.857904112549,462.72090411254885
STARLINK-36762,67868,26,260.34294177,53.1615,32.2652,7.72e-05,99.5258,260.5832,15.34391663,6840.865019640245,462.7280196402453
STARLINK-36779,67869,26,260.61353434,53.1584,27.5568,0.0001284,72.9605,287.1538,15.34394475,6840.856661720721,462.719661720721
STARLINK-36770,67870,26,260.36187855,53.1577,32.3848,0.000184,72.3719,287.7484,15.34391878,6840.864380609223,462.7273806092235
STARLINK-36769,67871,26,260.37450315,53.1617,32.4557,0.0001425,98.6189,261.4975,15.34396004,6840.852117187,462.71511718700003
STARLINK-36783,67873,26,260.3508837,53.161,28.7594,0.0004321,302.2957,57.7627,15.34424315,6840.767971857289,462.6309718572893
STARLINK-36730,67874,26,259.8907172,53.1601,30.8629,0.0001067,92.7193,267.3932,15.34410872,6840.807926522733,462.6709265227337
STARLINK-36743,67876,26,260.35348198,53.1614,32.3259,0.000196,84.0188,276.1038,15.3435904,6840.961984667291,462.8249846672916
STARLINK-36784,67877,26,260.63294577,53.1617,31.2443,0.0001177,92.7209,267.3929,15.34399424,6840.841952201026,462.7049522010266
STARLINK-36689,67878,26,260.40387024,53.1597,31.9264,0.0001363,92.585,267.5308,15.3438389,6840.888122941076,462.7511229410766
STARLINK-36711,68040,26,260.20788496,53.1583,235.1174,0.0001092,104.0244,256.088,15.34410376,6840.809400722249,462.6724007222492
STARLINK-36825,68041,26,260.25618671,53.1594,234.6888,0.0001509,75.5267,284.5903,15.3440552,6840.823833653003,462.6868336530033
STARLINK-36925,68042,26,260.20844535,53.1589,237.2484,0.0001202,99.9393,260.1746,15.34407998,6840.816468568861,462.679468568861
STARLINK-36902,68043,26,260.58453009,53.1589,235.3147,0.0001695,126.2236,233.8923,15.34407162,6840.818953316581,462.6819533165817
STARLINK-36966,68044,26,260.45580185,53.1584,233.8212,0.0001163,88.6434,271.4701,15.34406602,6840.820617742154,462.68361774215464
STARLINK-36864,68045,26,260.34657249,53.1575,234.5578,0.0001268,92.2462,267.8686,15.34404481,6840.826921763189,462.689921763189
STARLINK-36321,68046,26,260.31136192,53.1538,236.467,9.73e-05,114.7884,245.322,15.34407547,6840.8178090245865,462.6808090245868
STARLINK-36181,68047,26,260.23149944,53.1577,236.6684,0.0001264,86.5383,273.5765,15.34399138,6840.842802253963,462.70580225396316
STARLINK-36318,68048,26,260.17430751,53.1583,235.6084,0.0001236,105.9474,254.1664,15.34409757,6840.81124050058,462.6742405005807
STARLINK-36885,68049,26,260.19946899,53.1592,235.0663,0.0001267,93.5034,266.6113,15.3441877,6840.784452380207,462.64745238020714
STARLINK-36945,68050,26,260.22892214,53.1572,235.2264,0.0001159,105.9335,254.1796,15.3440382,6840.828886385632,462.69188638563264
STARLINK-35911,68051,26,260.33029867,53.1594,236.5738,0.0001021,70.1323,289.979,15.34407662,6840.817467223175,462.6804672231756
STARLINK-35808,68052,26,260.37018776,53.1568,236.1203,0.000135,87.1963,272.9194,15.3440355,6840.829688879319,462.6926888793196
STARLINK-36919,68053,26,260.59293693,53.158,235.3631,0.0002033,89.0732,271.0503,15.34425962,6840.763076759863,462.6260767598633
STARLINK-36924,68054,26,260.35709162,53.1576,234.6347,9.52e-05,90.9133,269.1979,15.34380908,6840.896986242955,462.75998624295516
STARLINK-35998,68055,26,260.31767454,53.1594,236.5016,9.49e-05,108.1947,251.9159,15.34406878,6840.819797417995,462.68279741799506
STARLINK-36845,68056,26,260.35498685,53.1575,234.5951,0.0001046,84.8618,275.2504,15.34406272,6840.82159856484,462.6845985648406
STARLINK-36954,68057,26,260.34236089,53.1585,234.5235,0.0001157,87.3298,272.7837,15.3440309,6840.831056091329,462.694056091329
STARLINK-36899,68058,26,260.22729918,53.158,236.6593,0.0001173,77.9938,282.1196,15.34433686,6840.740120147784,462.60312014778447
STARLINK-36917,68059,26,260.36340208,53.1545,234.6508,0.0001241,82.7992,277.3152,15.34400607,6840.838436075781,462.7014360757812
STARLINK-36959,68060,26,260.33394709,53.1603,234.4742,0.0001351,82.0487,278.0669,15.34407436,6840.818138937294,462.68113893729424
STARLINK-36915,68061,26,260.31290413,53.155,234.3356,8.5e-05,98.1696,261.9403,15.34409731,6840.811317777242,462.6743177772423
STARLINK-36952,68062,26,260.35077827,53.1577,234.585,6.08e-05,79.3368,280.7703,15.34413161,6840.8011232211475,462.66412322114775
STARLINK-37000,68063,26,260.36761094,53.1547,234.6884,0.000102,80.7186,279.3932,15.34407948,6840.8166171781095,462.67961717810977
STARLINK-36996,68064,26,260.30869599,53.1568,234.311,7.55e-05,112.0295,248.0788,15.34426393,6840.761795773457,462.62479577345766
STARLINK-36836,68065,26,260.33661134,53.16,236.6061,0.0001329,85.1409,274.9745,15.3440692,6840.81967258608,462.6826725860801
STARLINK-36976,68066,26,260.25197652,53.1589,234.6691,0.0001346,104.9397,255.1755,15.34406704,6840.820314578848,462.6833145788487
STARLINK-36929,68067,26,260.22261372,53.1576,235.2082,0.0001741,92.5211,267.5991,15.34405937,6840.822594248836,462.6855942488364
STARLINK-36990,68068,26,260.23360123,53.1568,236.6713,0.0001064,81.7476,278.3647,15.3440825,6840.815719578363,462.6787195783636
STARLINK-36766,68069,26,259.77236343,53.1621,7.4201,0.0001748,56.1212,303.9956,15.34395887,6840.852464937187,462.7154649371869
STARLINK-36823,68070,26,259.80957072,53.1601,4.7606,0.0001176,89.8472,270.2665,15.34412284,6840.803729813946,462.6667298139464
STARLINK-36970,68071,26,259.8248653,53.1614,7.0341,9.85e-05,80.6104,279.501,15.34407461,6840.818064632627,462.68106463262757
STARLINK-36972,68072,26,259.79119894,53.1599,6.8138,6.28e-05,69.1065,291.0005,15.34410241,6840.809801966207,462.67280196620686
STARLINK-37074,68073,26,260.5833581,53.1585,3.2266,0.0001286,91.6486,268.4664,15.34395424,6840.853841077254,462.7168410772547
STARLINK-37045,68074,26,260.28503825,53.1641,4.9419,6.55e-05,9.2403,350.8611,15.34426728,6840.760800111584,462.6238001115844
STARLINK-37026,68075,26,260.55189333,53.1616,3.7557,0.0001398,74.6121,285.5036,15.3440767,6840.817443445687,462.68044344568716
STARLINK-37023,68076,26,260.27662011,53.1564,4.881,0.0002462,25.347,334.7653,15.34376002,6840.911568250096,462.7745682500963
STARLINK-37036,68077,26,260.5597402,53.1607,1.6517,0.000128,87.2304,272.8845,15.34394786,6840.855737357789,462.718737357789
STARLINK-36973,68078,26,260.32070892,53.1565,4.4318,0.0001055,79.0383,281.0739,15.34385612,6840.883004709406,462.7460047094064
STARLINK-37063,68079,26,259.87948427,53.16,6.6592,0.0001914,47.6673,312.4492,15.34397523,6840.8476023830135,462.7106023830138
STARLINK-37051,68080,26,260.29077968,53.1603,2.7959,9.95e-05,90.1217,269.9899,15.34405354,6840.824327037072,462.68732703707246
STARLINK-37066,68081,26,260.56815441,53.1563,1.7017,9.84e-05,89.6791,270.4324,15.34397799,6840.846782050765,462.70978205076517
STARLINK-37054,68082,26,260.58545227,53.1539,3.229,0.0001494,79.9441,280.173,15.34380375,6840.898570464591,462.7615704645914
STARLINK-37065,68083,26,260.35229295,53.1587,4.6427,0.0001382,46.6457,313.4661,15.3438341,6840.889549627569,462.75254962756935
STARLINK-37037,68084,26,259.7954058,53.1592,6.8422,0.0001153,116.3111,243.8011,15.34413904,6840.798914901028,462.66191490102847
STARLINK-37068,68085,26,260.55553045,53.1605,1.6141,0.0001135,77.0299,283.0831,15.34390838,6840.86747173741,462.73047173740997
STARLINK-37067,68086,26,260.56394741,53.1626,1.6585,8.01e-05,68.1365,291.9723,15.34395326,6840.854132355371,462.7171323553712
STARLINK-37062,68087,26,260.56652393,53.1636,3.111,0.0001469,85.8445,274.2725,15.34408983,6840.81354096828,462.6765409682803
STARLINK-37059,68088,26,260.27871993,53.1613,4.8928,0.0001313,93.0191,267.0962,15.34378784,6840.903299356769,462.7662993567692
STARLINK-37004,68089,26,260.55820112,53.1612,3.7904,0.0001037,67.6747,292.4366,15.34392211,6840.863390854494,462.72639085449464
STARLINK-36320,68090,26,260.57073611,53.1605,3.1497,0.0001065,89.4552,270.6573,15.34393589,6840.859295116508,462.7222951165086
STARLINK-36324,68091,26,260.30177597,53.1527,4.3094,0.0001489,82.3803,277.7369,15.3438992,6840.870200255384,462.73320025538396
STARLINK-36896,68092,26,260.59387809,53.1605,3.2978,7.7e-05,105.6797,254.4291,15.34424176,6840.768384983702,462.63138498370245
STARLINK-36251,68093,26,260.59177449,53.1605,3.2834,0.000139,82.9465,277.1696,15.34387833,6840.876403334146,462.7394033341461
STARLINK-36787,68094,26,259.84792181,53.161,6.4544,0.0001004,78.8403,281.2713,15.34411461,6840.806175911841,462.6691759118412
STARLINK-36790,68095,26,259.79746721,53.1603,6.8517,8.07e-05,310.708,49.3853,15.34487644,6840.579756167839,462.44275616783943
STARLINK-36328,68096,26,260.35437485,53.1562,4.6383,0.0001496,53.3321,306.7819,15.34405836,6840.822894440202,462.685894440202
STARLINK-36853,68097,26,260.27451272,53.1607,4.8606,8.01e-05,66.4798,293.6289,15.34384526,6840.886232582619,462.7492325826197
STARLINK-36969,68167,26,260.20632007,53.1592,93.0352,0.000123,73.7871,286.3267,15.3441948,6840.782342154419,462.64534215441927
STARLINK-36984,68168,26,260.26514158,53.1602,92.7,7.83e-05,101.4936,258.6155,15.34401978,6840.834361180576,462.6973611805761
STARLINK-37077,68169,26,258.93515408,53.1569,99.3221,8.82e-05,106.4357,253.6742,15.34421449,6840.776490001555,462.6394900015557
STARLINK-37003,68170,26,259.92893842,53.1582,94.145,7.7e-05,101.2696,258.8393,15.34410235,6840.809819799272,462.6728197992725
STARLINK-37034,68171,26,260.15380311,53.1573,93.4129,9.6e-05,94.0883,266.023,15.34376512,6840.910052383525,462.7730523835253
STARLINK-37031,68172,26,259.97523608,53.1554,94.4341,0.000334,71.2076,288.9288,15.34409898,6840.81082142334,462.6738214233401
STARLINK-37076,68173,26,259.98152512,53.1584,94.4686,6.9e-05,139.7869,220.3185,15.34416809,6840.790280772846,462.6532807728463
STARLINK-37078,68174,26,259.51717245,53.1582,96.5454,0.0001105,111.3192,248.7929,15.34441026,6840.71830500613,462.5813050061306
STARLINK-36886,68175,26,260.52358572,53.1588,91.4482,0.0002808,87.4176,272.7148,15.3440291,6840.831591087519,462.69459108751926
STARLINK-36905,68176,26,259.25452137,53.1581,97.745,0.0001388,75.7796,284.3361,15.34398698,6840.844110028225,462.70711002822554
STARLINK-36668,68177,26,259.94367251,53.1582,94.2493,9.6e-05,75.5346,284.5763,15.34412274,6840.803759535657,462.66675953565755
STARLINK-36677,68178,26,258.97714354,53.1586,98.8567,5.72e-05,94.996,265.1107,15.34408377,6840.815342111007,462.6783421110076
STARLINK-37052,68179,26,259.55074769,53.1589,96.0496,0.0001295,75.4249,284.6897,15.34411318,6840.806600932718,462.6696009327179
STARLINK-37035,68180,26,260.27566205,53.1588,92.7518,7.8e-05,82.8232,277.2859,15.34408897,6840.8137965759215,462.6767965759218
STARLINK-37032,68181,26,260.03194945,53.1579,94.0727,0.0001108,89.2034,270.9096,15.34400138,6840.839830042054,462.7028300420543
STARLINK-37082,68182,26,259.25242646,53.1571,97.7415,0.0003166,82.9016,277.2346,15.34382352,6840.892694285006,462.75569428500603
STARLINK-37102,68183,26,260.27355686,53.1596,92.7404,7.19e-05,53.7396,306.3673,15.34408565,6840.81478334053,462.67778334053037
STARLINK-36964,68184,26,258.98556148,53.1578,98.9159,6.34e-05,36.8684,323.2362,15.34415476,6840.794242660296,462.6572426602961
STARLINK-37061,68185,26,259.98987237,53.1582,93.8084,0.0001321,100.1457,259.9695,15.34410231,6840.809831687983,462.6728316879835
STARLINK-37079,68186,26,259.93525217,53.1588,94.1943,0.0001003,90.1666,269.9452,15.34396304,6840.851225520052,462.7142255200524
STARLINK-37006,68187,26,260.23998019,53.1588,93.2348,0.000171,85.4431,274.6767,15.34413066,6840.801405577146,462.6644055771467
STARLINK-36305,68189,26,259.52979645,53.1523,96.6244,0.0002896,78.1111,282.0217,15.34411235,6840.806847623189,462.6698476231895
STARLINK-37071,68190,26,260.17905183,53.158,93.5617,0.0001345,77.4078,282.7075,15.34389923,6840.870191338653,462.73319133865334
STARLINK-37091,68191,26,259.9605009,53.1572,94.3276,0.0001316,95.3731,264.7422,15.34408899,6840.813790631558,462.6767906315581
STARLINK-37098,68192,26,258.97504319,53.1578,98.847,8.53e-05,90.9176,269.1924,15.34409135,6840.813089196693,462.6760891966933
STARLINK-37090,68193,26,259.96471018,53.1568,94.3565,0.0001952,92.736,267.3866,15.34393984,6840.858121085341,462.7211210853411
STARLINK-37093,68194,26,258.97924741,53.1591,98.8771,0.0001251,351.1439,8.9542,15.34419804,6840.781379178684,462.6443791786842
STARLINK-37058,68195,26,259.99828308,53.1579,93.8554,0.0001225,81.3465,278.7677,15.3439724,6840.848443521045,462.7114435210451
STARLINK-37027,68232,26,259.99271255,53.1559,118.1111,0.0002122,83.9087,276.2157,15.34406986,6840.819476421652,462.6824764216526
STARLINK-37132,68233,26,260.29945147,53.1558,116.5185,7.57e-05,251.0976,108.9945,15.34400586,6840.838498492166,462.70149849216614
STARLINK-37101,68234,26,260.33523389,53.1587,116.7737,0.0001771,43.908,316.2063,15.34446014,6840.703480319749,462.56648031974964
STARLINK-36963,68235,26,260.0242723,53.1582,118.313,0.0001197,64.4412,295.6714,15.34408564,6840.814786312713,462.6777863127136
STARLINK-37127,68236,26,260.3415386,53.1583,116.8126,0.0001053,73.7336,286.3783,15.34346653,6840.998803327498,462.8618033274979
STARLINK-37095,68237,26,258.65432055,53.1567,124.6933,0.0001299,103.8935,256.2212,15.3442201,6840.774822630685,462.63782263068515
STARLINK-37097,68238,26,259.98639643,53.1565,118.076,0.0001371,70.6796,289.4355,15.34412111,6840.8042439995925,462.66724399959276
STARLINK-37096,68239,26,260.31628953,53.1567,116.5771,0.0001568,90.6045,269.5137,15.34387004,6840.8788673305235,462.74186733052375
STARLINK-37092,68240,26,260.33102274,53.1585,116.7386,0.0001098,80.9784,279.1343,15.34395395,6840.853927271795,462.7169272717956
STARLINK-37094,68241,26,260.36200593,53.1571,124.066,7.01e-05,58.329,301.7781,15.34418078,6840.78650910888,462.64950910888
STARLINK-36356,68242,26,259.11188309,53.1584,130.4911,8.2e-05,54.5917,305.5162,15.34420626,6840.7789360751,462.6419360751006
STARLINK-36345,68243,26,260.04521797,53.1568,117.7233,8.61e-05,107.6725,252.4371,15.34415462,6840.794284270548,462.6572842705482
STARLINK-36310,68244,26,260.32049914,53.1585,116.6604,8.36e-05,95.8711,264.2387,15.34381749,6840.8944865630265,462.75748656302676
STARLINK-36247,68245,26,260.02006975,53.1572,118.3402,9.41e-05,66.8067,293.3035,15.34428486,6840.755575121783,462.6185751217836
STARLINK-37043,68246,26,260.32469134,53.158,116.69,0.0003336,258.6781,101.3847,15.34392047,6840.863878301223,462.7268783012232
STARLINK-37044,68247,26,260.30156509,53.1578,116.5402,0.0001675,81.5624,278.5569,15.34387228,6840.878201546,462.7412015460004
STARLINK-36997,68248,26,257.95828573,53.1566,135.3732,0.0001182,106.136,253.9773,15.34405617,6840.823545350305,462.6865453503051
STARLINK-37141,68249,26,260.23012744,53.1556,116.8065,0.0001207,113.4073,246.7056,15.34406434,6840.821117070024,462.6841170700245
STARLINK-37087,68250,26,260.0032348,53.1573,118.2445,0.0001172,118.585,241.527,15.34403308,6840.830408151639,462.69340815163923
STARLINK-36274,68251,26,260.34315736,53.1596,124.6485,6.38e-05,82.571,277.5365,15.3437991,6840.899952572396,462.762952572396
STARLINK-37085,68252,26,259.03460849,53.1585,122.8488,6.66e-05,24.8328,335.2706,15.34418849,6840.784217580356,462.6472175803565
STARLINK-37086,68253,26,260.00744807,53.1565,118.2635,0.000219,87.3187,272.8066,15.34400721,6840.838097244,462.70109724400027
STARLINK-37084,68254,26,260.08310004,53.1574,118.0184,0.0001915,86.0821,274.0401,15.34394851,6840.855544163003,462.71854416300357
STARLINK-37075,68255,26,260.00114792,53.1574,118.2204,6.95e-05,50.9605,309.1459,15.34401862,6840.834705956303,462.69770595630325
STARLINK-36333,68256,26,259.35980538,53.1585,129.1717,0.0001691,92.0576,268.062,15.34405831,6840.822909301161,462.6859093011617
STARLINK-36745,68257,26,260.07888629,53.158,117.9358,0.0001319,40.845,319.2651,15.34431331,6840.747119456925,462.61011945692553
STARLINK-36890,68258,26,260.22553141,53.1584,125.3236,0.0001517,78.7801,281.3372,15.34367055,6840.938161442001,462.8011614420011
STARLINK-36323,68259,26,260.25746923,53.1568,116.9792,0.0001485,96.8724,263.2448,15.34383306,6840.889858743073,462.7528587430734
STARLINK-37056,68260,26,260.03259989,53.1564,117.6974,4.48e-05,62.2169,297.8879,15.34423259,6840.771110430737,462.63411043073756
STARLINK-37162,68262,26,260.00867249,53.1585,146.2886,0.0001386,103.5997,256.516,15.34412218,6840.803925977245,462.6669259772452
STARLINK-37156,68263,26,260.40629839,53.1576,145.932,0.0001981,82.5718,277.551,15.34401165,6840.836777583783,462.69977758378354
STARLINK-37163,68264,26,260.38266091,53.1557,144.3591,0.0001433,69.6858,290.4298,15.34389128,6840.872554273076,462.73555427307656
STARLINK-37133,68265,26,259.43555931,53.1594,150.5344,3.98e-05,341.4514,18.6474,15.34418536,6840.785147863428,462.6481478634287
STARLINK-37042,68266,26,260.40791803,53.1579,144.5137,0.0002653,79.718,280.4122,15.34403928,6840.828565388222,462.69156538822244
STARLINK-37103,68267,26,260.21872233,53.1585,144.7596,0.0001173,67.221,292.8916,15.34405458,6840.82401792897,462.6870179289699
STARLINK-36999,68268,26,259.11561712,53.157,149.9313,0.0001247,98.124,261.9904,15.34430105,6840.750763265714,462.6137632657146
STARLINK-36962,68269,26,258.73322066,53.1582,151.8184,2.4e-05,7.3769,352.7237,15.34407654,6840.817491000664,462.680491000664
STARLINK-37028,68270,26,258.96698692,53.159,152.5862,6.08e-05,98.4064,261.7008,15.34379931,6840.899890154609,462.7628901546095
STARLINK-37029,68271,26,259.39720399,53.1576,148.8728,0.0002136,76.8297,283.2944,15.34408782,6840.814138376874,462.6771383768746
STARLINK-36974,68272,26,260.13321677,53.1561,147.8076,0.0001408,86.9175,273.1989,15.3441036,6840.809448277084,462.6724482770842
STARLINK-37019,68273,26,260.05909693,53.1572,145.8891,0.000495,69.156,290.9973,15.34427773,6840.757694243294,462.62069424329457
STARLINK-37129,68274,26,260.40370496,53.1587,144.4852,0.0001739,74.3183,285.8011,15.34378464,6840.904250486289,462.7672504862894
STARLINK-37123,68275,26,260.00657418,53.1584,146.2735,0.0001792,91.7851,268.3357,15.34405256,6840.824618312046,462.68761831204665
STARLINK-37125,68276,26,260.1998759,53.1578,145.3416,0.0001106,94.859,265.2539,15.34405141,6840.824960114352,462.6879601143519
STARLINK-36989,68277,26,260.06118814,53.1574,145.8867,0.0002051,84.0402,276.0835,15.34406268,6840.821610453602,462.68461045360255
STARLINK-36982,68278,26,260.38897644,53.1587,144.4012,8.94e-05,94.1389,265.9716,15.34389586,6840.8711929848205,462.73419298482077
STARLINK-36934,68279,26,260.32804662,53.1571,144.7275,0.0001096,97.8021,262.3106,15.34412588,6840.802826274086,462.6658262740866
STARLINK-37070,68280,26,260.09686296,53.1592,145.392,9.68e-05,6.9167,353.1848,15.34423888,6840.769240958051,462.6322409580516
STARLINK-37134,68281,26,260.28864584,53.1584,146.6117,0.0001473,60.0627,300.0522,15.34382414,6840.892510004413,462.75551000441374
STARLINK-37160,68282,26,260.31121207,53.1567,144.6018,0.0001373,56.8042,303.3092,15.344087,6840.814382095841,462.6773820958415
STARLINK-37124,68283,26,259.96927824,53.1587,148.171,0.000157,33.9222,326.188,15.3441129,6840.806684153597,462.6696841535977
STARLINK-37159,68284,26,260.12690191,53.1579,147.7562,0.0001304,94.068,266.0472,15.34403356,6840.830265486041,462.6932654860411
STARLINK-36725,68285,26,258.73800864,53.1574,153.9951,0.0002157,80.1632,279.9614,15.3440705,6840.819286201615,462.68228620161517
STARLINK-36998,68286,26,260.109484,53.1576,145.4763,0.0001257,326.5347,33.5576,15.34424528,6840.7673387931945,462.6303387931948
STARLINK-37165,68287,26,260.23344787,53.1568,144.8236,8.93e-05,108.2797,251.8302,15.34430709,6840.748968109718,462.61196810971796
STARLINK-37016,68288,26,260.40581352,53.1586,144.5041,0.0002617,75.6716,284.4577,15.34407983,6840.816513151634,462.67951315163464
STARLINK-37010,68289,26,259.42455069,53.1605,149.0223,3.38e-05,99.2278,260.8763,15.34423387,6840.7707299974,462.6337299974002
STARLINK-37151,68290,26,260.39107927,53.1577,144.4083,0.0001037,94.9255,265.1866,15.34369021,6840.932317872815,462.79531787281485
STARLINK-36987,68321,26,260.15384319,53.1577,177.2301,9.99e-05,76.9186,283.1928,15.3440292,6840.831561365507,462.69456136550707
STARLINK-37088,68322,26,260.53310158,53.1603,169.6354,5.28e-05,170.9406,189.1606,15.34389983,6840.8700130040625,462.73301300406274
STARLINK-36983,68323,26,260.13176385,53.1566,171.4033,0.0001089,112.8547,247.257,15.34417692,6840.787656359938,462.6506563599387
STARLINK-37164,68324,26,260.47111635,53.1573,175.6606,0.0003676,76.124,284.0172,15.34422769,6840.772566777595,462.63556677759516
STARLINK-36309,68325,26,260.16753453,53.1589,171.6239,7.47e-05,96.161,263.9478,15.34400803,6840.837853522921,462.70085352292153
STARLINK-37206,68326,26,260.15173743,53.1583,177.2192,7.24e-05,106.5589,253.5493,15.34424289,6840.768049132729,462.63104913272946
STARLINK-37199,68327,26,260.06556316,53.1602,177.4096,0.0001391,89.9894,270.1268,15.3440505,6840.825230584032,462.6882305840327
STARLINK-36245,68328,26,260.14753131,53.1566,177.1935,0.0001716,95.2936,264.8262,15.34419092,6840.783495348028,462.6464953480281
STARLINK-37204,68329,26,260.44482406,53.1567,169.803,0.0001202,71.5288,288.5845,15.3436602,6840.9412377919325,462.8042377919328
STARLINK-37001,68330,26,260.21477039,53.1572,176.9246,0.0001056,104.1312,255.9808,15.3440848,6840.815035976105,462.6780359761051
STARLINK-36932,68331,26,260.47217288,53.1576,169.9671,0.0001048,66.3366,293.7746,15.34377021,6840.908539490079,462.7715394900797
STARLINK-37205,68332,26,259.4814646,53.1587,180.1541,4.98e-05,127.5539,232.5509,15.34388433,6840.8746199847155,462.7376199847158
STARLINK-37180,68333,26,260.47639507,53.1576,170.016,0.000122,84.848,275.2662,15.34376275,6840.910756815533,462.7737568155335
STARLINK-37191,68334,26,260.46690909,53.1577,175.6392,0.0002649,76.9769,283.1529,15.34441398,6840.717199393228,462.5801993932282
STARLINK-37217,68335,26,260.05140827,53.1574,170.1839,0.0001147,104.766,255.347,15.34407779,6840.817119477434,462.68011947743435
STARLINK-37143,68336,26,260.46900881,53.1583,175.6436,0.0001594,64.0867,296.03,15.34420731,6840.778623999982,462.6416239999826
STARLINK-36237,68337,26,259.21144506,53.1588,175.6059,0.0001861,90.6219,269.4997,15.34428006,6840.75700173917,462.6200017391702
STARLINK-36254,68338,26,260.17374316,53.1577,170.9424,9.5e-05,103.2127,256.8982,15.34421786,6840.775488390056,462.6384883900564
STARLINK-37200,68339,26,260.1391133,53.1565,177.135,0.0001228,85.6969,274.4174,15.34405931,6840.822612081985,462.6856120819857
STARLINK-37185,68340,26,259.15893041,53.1587,175.9907,0.0001203,73.5051,286.6084,15.34427722,6840.757845821473,462.62084582147327
STARLINK-37181,68341,26,260.14859513,53.1584,171.5001,0.0001959,87.4214,272.7013,15.34401396,6840.8360910040565,462.69909100405675
STARLINK-37192,68342,26,260.12966774,53.1578,171.4041,0.0003006,75.9967,284.137,15.34411916,6840.804823573124,462.6678235731242
STARLINK-37158,68343,26,260.1696349,53.1572,171.6383,9.91e-05,75.0058,285.1055,15.34411317,6840.806603904893,462.66960390489294
STARLINK-36380,68344,26,260.05562003,53.1582,179.4615,0.0001019,111.614,248.4972,15.34400945,6840.8374314693965,462.7004314693968
STARLINK-37214,68345,26,260.17166205,53.1572,170.9343,8.93e-05,85.5639,274.5466,15.34427617,6840.758157894221,462.62115789422114
STARLINK-37169,68346,26,260.48690159,53.1592,170.0612,0.0001146,76.1478,283.9652,15.34395763,6840.8528334929915,462.7158334929918
STARLINK-37136,68347,26,260.20003811,53.1596,176.8015,0.0001097,85.4759,274.6369,15.34409164,6840.813003003438,462.6760030034384
STARLINK-37182,68348,26,260.07925246,53.1593,171.7784,0.0001177,93.7434,266.3703,15.34415372,6840.794551765035,462.65755176503535
STARLINK-37183,68349,26,260.46268857,53.159,175.5915,9.82e-05,63.3352,296.7751,15.34394731,6840.855900830311,462.7189008303112
STARLINK-37262,68508,26,260.16854957,53.1588,309.6313,0.0001321,93.0126,267.1028,15.34389449,6840.871600182328,462.734600182328
STARLINK-36292,68509,26,260.45111197,53.1589,313.639,0.0001588,70.1202,289.9972,15.34391581,6840.865263363743,462.7282633637433
STARLINK-37260,68510,26,260.17745089,53.1579,313.3131,0.0001523,90.2886,269.8291,15.34392379,6840.862891518911,462.72589151891134
STARLINK-37280,68511,26,260.39753051,53.16,308.2195,0.0001241,103.2012,256.9129,15.34409579,6840.811769548537,462.67476954853737
STARLINK-37286,68512,26,260.57611028,53.1609,307.2075,9.8e-05,116.141,243.9694,15.34401835,6840.834786205832,462.697786205832
STARLINK-36250,68513,26,259.80396334,53.1574,316.7166,0.0001965,85.4074,274.7153,15.34393931,6840.858278613544,462.7212786135442
STARLINK-37251,68514,26,259.78511288,53.1596,317.33,8.32e-05,73.563,286.5464,15.34413947,6840.798787097899,462.6617870978989
STARLINK-36293,68515,26,260.1696184,53.1583,315.4446,0.0001266,81.9296,278.185,15.34380603,6840.89789278618,462.7608927861802
STARLINK-36290,68516,26,259.7451181,53.1601,317.0533,9.88e-05,83.5977,276.5139,15.34433709,6840.74005178944,462.60305178944054
STARLINK-36298,68517,26,259.77248608,53.1598,317.2508,0.0001115,87.8111,272.3019,15.34411683,6840.805516089349,462.6685160893494
STARLINK-36857,68518,26,259.75144814,53.1615,317.1034,0.0002265,72.56,287.565,15.34417959,6840.786862795036,462.6498627950359
STARLINK-36326,68519,26,260.14858011,53.1536,315.3131,0.0002892,86.5819,273.5514,15.34400216,6840.83959820966,462.7025982096602
STARLINK-37126,68520,26,259.74723972,53.1593,317.0749,0.0001266,88.3769,271.7378,15.34408077,6840.816233766261,462.67923376626095
STARLINK-36347,68521,26,260.16176598,53.1533,317.5219,0.000249,96.5643,263.5643,15.34393927,6840.858290502467,462.7212905024671
STARLINK-36322,68522,26,260.15068413,53.1603,315.32,0.0002311,322.4202,37.6639,15.34405409,6840.824163566437,462.68716356643745
STARLINK-37208,68523,26,259.80185317,53.1581,316.6997,5.58e-05,103.3288,256.7777,15.34401483,6840.835832422126,462.69883242212654
STARLINK-36302,68524,26,260.15699645,53.1524,315.3657,0.0002626,91.5774,268.5529,15.34396636,6840.850238742303,462.7132387423035
STARLINK-36311,68525,26,260.15489296,53.1532,315.3498,0.000206,93.207,266.9169,15.34392703,6840.861928514829,462.7249285148291
STARLINK-37178,68526,26,260.15804412,53.169,309.6801,0.0001859,321.5295,38.5575,15.34391473,6840.865584365458,462.7285843654581
STARLINK-37248,68527,26,259.76138646,53.1592,314.9686,0.0001495,18.2766,341.829,15.34413666,6840.799622276592,462.66262227659263
STARLINK-37241,68528,26,260.14283023,53.1602,317.4041,0.0001329,61.1001,299.0135,15.34383134,6840.89036997264,462.75336997264003
STARLINK-37244,68529,26,259.77669627,53.1592,317.2625,0.0001002,72.4174,287.6939,15.34411428,6840.806273993576,462.6692739935761
STARLINK-36285,68530,26,260.1491409,53.1501,317.4414,0.0004057,89.4572,270.6895,15.34420648,6840.77887068793,462.64187068793035
STARLINK-36294,68531,26,260.15545092,53.1569,317.4838,0.00025,87.9534,272.1755,15.34411931,6840.8047789905395,462.6677789905398
STARLINK-36249,68532,26,260.42595436,53.1587,314.2015,0.0001359,91.4548,268.661,15.34389375,6840.871820128452,462.73482012845216
STARLINK-36252,68533,26,260.41964354,53.1552,314.1512,0.0002448,95.8351,264.2931,15.34396235,6840.851430603425,462.71443060342517
STARLINK-36299,68534,26,260.16120437,53.1592,315.3889,0.0001498,85.1337,274.9837,15.34430006,6840.751057504971,462.61405750497124
STARLINK-37234,68535,26,260.42069137,53.1578,308.4621,0.0001028,83.4526,276.6593,15.34407145,6840.8190038437715,462.6820038437718
STARLINK-37173,68536,26,260.15383552,53.1563,309.6443,0.000153,83.185,276.9327,15.34402582,6840.832565969734,462.69556596973416
STARLINK-37326,68542,26,260.04947213,53.1562,190.1361,8.87e-05,121.7655,238.3434,15.34407681,6840.817410751642,462.68041075164183
STARLINK-36308,68543,26,260.11250443,53.1591,189.8172,0.0001234,109.8222,250.2914,15.34407028,6840.81935158975,462.6823515897504
STARLINK-37263,68544,26,260.1734243,53.157,189.4897,8.77e-05,150.7114,209.3938,15.34373294,6840.919617218427,462.78261721842773
STARLINK-37289,68545,26,260.50121891,53.1579,187.9821,0.0001315,101.3889,258.7261,15.34378302,6840.904731995735,462.76773199573563
STARLINK-37290,68546,26,260.23646912,53.157,189.1586,0.0001657,158.1015,202.0058,15.34342441,6841.011323033228,462.8743230332284
STARLINK-37245,68547,26,260.23014542,53.1599,189.1306,0.0001033,305.269,54.8216,15.34435232,6840.735525281964,462.5985252819646
STARLINK-37145,68548,26,260.62518516,53.1571,187.3294,0.0001089,81.2352,278.8774,15.34176524,6841.50453860103,463.36753860103
STARLINK-36204,68549,26,260.16291148,53.1581,189.4219,9.75e-05,110.1805,249.9303,15.34423759,6840.769624363315,462.6326243633157
STARLINK-36304,68550,26,259.11652807,53.1572,194.2665,0.000105,74.7487,285.3632,15.34401334,6840.83627528085,462.6992752808501
STARLINK-37288,68551,26,260.09146505,53.1584,189.6842,0.0001022,79.9427,280.1691,15.34415165,6840.795167002454,462.6581670024543
STARLINK-37295,68552,26,258.85809393,53.1585,195.4994,0.000314,70.454,289.6802,15.34413059,6840.801426382326,462.6644263823264
STARLINK-37254,68553,26,260.21542305,53.1586,189.0331,0.0001444,80.2514,279.8652,15.34415433,6840.794370463212,462.6573704632119
STARLINK-37255,68554,26,260.21332138,53.1595,189.0189,0.0001506,86.9395,273.178,15.34410083,6840.810271570319,462.67327157031923
STARLINK-37146,68555,26,260.21752341,53.1571,189.0401,0.0001182,138.5005,221.6087,15.34409228,6840.812812783851,462.67581278385114
STARLINK-37144,68556,26,260.53479279,53.159,187.4573,0.0002073,84.26,275.8638,15.34390167,6840.869466111391,462.73246611139166
STARLINK-37210,68557,26,260.21120777,53.1587,189.0006,0.0001032,75.5882,284.5236,15.34420796,6840.77843081064,462.6414308106405
STARLINK-37227,68558,26,260.53269087,53.1582,187.4575,0.0001151,86.219,273.8944,15.34397924,6840.84641052356,462.7094105235601
STARLINK-37294,68559,26,260.20490288,53.1588,188.9669,0.0001083,84.0871,276.0255,15.34408169,6840.815960325286,462.6789603252864
STARLINK-37291,68560,26,260.26793768,53.1593,188.6488,0.0001364,71.6196,288.4955,15.34406858,6840.819856861766,462.6828568617666
STARLINK-37114,68561,26,260.265833,53.158,188.6309,0.000136,81.7568,278.3589,15.3441771,6840.787602861174,462.65060286117387
STARLINK-37233,68562,26,260.52216647,53.1603,187.3619,9.12e-05,100.9864,259.1241,15.34401348,6840.83623366996,462.69923366996045
STARLINK-36238,68563,26,260.06831984,53.1595,189.5288,0.0001288,98.4714,261.6435,15.34403847,6840.8288061362755,462.6918061362758
STARLINK-37008,68564,26,260.52006848,53.1598,187.3549,0.0001923,84.0634,276.0588,15.34401255,6840.836510085168,462.6995100851682
STARLINK-37161,68565,26,260.19227677,53.1598,188.862,8.98e-05,70.2525,289.8575,15.34414895,6840.795969486253,462.6589694862532
STARLINK-37212,68566,26,260.51586078,53.1601,187.3405,0.000186,83.1233,276.9982,15.34386737,6840.879660922109,462.7426609221093
STARLINK-37261,68567,26,260.05778428,53.1598,189.4431,5.17e-05,110.7246,249.3812,15.34432175,6840.744610997578,462.6076109975784
STARLINK-37283,68568,26,260.24908447,53.1571,189.2439,0.0001503,102.5084,257.6087,15.34411651,6840.805611198889,462.66861119888927
STARLINK-37256,68569,26,260.51165178,53.1595,187.3352,0.0002049,78.9775,281.1458,15.34384921,6840.885058539896,462.7480585398962
STARLINK-37228,68570,26,260.50753141,53.1585,188.0231,0.0001502,98.491,261.6263,15.34401252,6840.836519001788,462.69951900178785
STARLINK-37358,68699,26,260.30816266,53.1575,220.985,9.97e-05,92.3541,267.7576,15.34396676,6840.850119853441,462.71311985344164
STARLINK-37334,68700,26,260.37119096,53.1578,220.6657,0.0001362,93.4451,266.6707,15.34406845,6840.819895500219,462.6828955002193
STARLINK-36955,68701,26,260.17367565,53.1566,221.5639,9.59e-05,96.1314,263.9798,15.34408542,6840.814851700741,462.6778517007415
STARLINK-36275,68702,26,260.30185011,53.1585,220.957,0.0001163,89.6416,270.472,15.34399266,6840.842421810658,462.70542181065866
STARLINK-36271,68703,26,260.29974303,53.1591,220.9321,0.0001138,86.2506,273.8627,15.34405535,6840.82378907011,462.68678907011054
STARLINK-37356,68704,26,260.16736739,53.1573,221.5257,0.0001286,124.1045,236.008,15.34407317,6840.818492627538,462.6814926275383
STARLINK-35369,68705,26,260.55607817,53.1589,219.6903,0.0001249,83.2705,276.844,15.34372176,6840.922940248448,462.78594024844824
STARLINK-37319,68706,26,260.6149075,53.1593,219.3594,0.000264,81.7737,278.3565,15.343955,6840.853615188124,462.7166151881247
STARLINK-37112,68707,26,260.16316142,53.1589,221.5124,9.79e-05,93.0908,267.0207,15.34405005,6840.825364332785,462.68836433278557
STARLINK-37340,68708,26,260.61701035,53.1592,219.3571,0.0001436,81.7184,278.3981,15.34391395,6840.865816200054,462.7288162000541
STARLINK-37303,68709,26,260.28711914,53.1588,220.8544,0.0001205,115.097,245.0158,15.34400588,6840.8384925477485,462.7014925477488
STARLINK-36859,68710,26,260.15474245,53.1591,221.4484,0.0001323,100.1698,259.9454,15.34402321,6840.833341714672,462.6963417146726
STARLINK-37320,68711,26,260.60860398,53.1586,219.3041,0.0001244,79.3034,280.8109,15.34374641,6840.9156135373505,462.7786135373508
STARLINK-37318,68712,26,260.60649248,53.1595,219.2924,0.0002043,81.9015,278.2219,15.34399102,6840.842909253652,462.70590925365195
STARLINK-37305,68713,26,260.6043853,53.1586,219.2717,0.0001437,89.3004,270.8164,15.34382844,6840.8912319296805,462.7542319296808
STARLINK-37225,68714,26,260.60227836,53.1597,219.2654,0.0001235,96.4919,263.6225,15.34397835,6840.846675050924,462.7096750509245
STARLINK-37322,68715,26,260.60017662,53.1596,219.2432,0.0001653,81.8383,278.2807,15.34401118,6840.836917277514,462.69991727751403
STARLINK-36337,68716,26,260.53293261,53.158,219.55,0.0001232,139.8659,220.2435,15.34410296,6840.809638496438,462.6726384964386
STARLINK-36685,68717,26,260.59596902,53.1575,219.218,0.0001626,92.257,267.8619,15.34374087,6840.917260187954,462.7802601879539
STARLINK-36684,68718,26,260.26817989,53.16,220.727,0.0001039,103.209,256.9028,15.34412501,6840.803084852897,462.66608485289726
STARLINK-36686,68719,26,260.5896561,53.1579,219.1775,0.000203,86.8286,273.2949,15.34399419,6840.841967062091,462.7049670620909
STARLINK-36681,68720,26,260.19252672,53.16,220.9697,0.0001661,85.3656,274.7536,15.34407804,6840.817045172796,462.6800451727959
STARLINK-36680,68721,26,260.26186057,53.1586,220.686,8.06e-05,158.2871,201.8166,15.34385829,6840.882359729671,462.7453597296717
STARLINK-37271,68722,26,260.25976532,53.1577,220.671,0.0001343,94.5964,265.5192,15.3440562,6840.823536433727,462.68653643372727
STARLINK-37273,68723,26,260.59175762,53.1554,219.1993,0.0001834,89.5213,270.6,15.34401245,6840.836539807236,462.69953980723585
STARLINK-37274,68724,26,260.38582685,53.1571,220.0352,0.0001268,97.6359,262.4788,15.34406534,6840.820819851043,462.68381985104315
STARLINK-37275,68725,26,260.18621598,53.1578,220.9423,0.0001091,87.7908,272.322,15.34402533,6840.832711607656,462.69571160765645
STARLINK-37272,68726,26,260.18831634,53.1568,220.9343,8.03e-05,79.4984,280.6109,15.34382848,6840.891220040616,462.754220040616
STARLINK-37270,68727,26,260.18411142,53.158,220.9236,9.62e-05,85.3525,274.7587,15.34401022,6840.837202609414,462.7002026094142
STARLINK-37258,68951,26,260.26255795,53.1594,91.1888,0.0001273,91.2553,268.8596,15.3439119,6840.866425509017,462.72942550901735
STARLINK-37308,68952,26,259.28341132,53.1581,95.7611,7.93e-05,93.5281,266.5813,15.34421303,6840.776923934249,462.63992393424905
STARLINK-37337,68953,26,259.99780665,53.1583,92.4013,0.0001408,80.7749,279.3412,15.34403049,6840.831177951563,462.6941779515637
STARLINK-37301,68954,26,260.25414058,53.1589,91.1507,2.95e-05,105.1483,254.9552,15.34386645,6840.879934369449,462.74293436944936
STARLINK-36794,68955,26,260.25624641,53.1595,91.1504,0.0001388,88.6613,271.4548,15.3438909,6840.872667218421,462.73566721842144
STARLINK-36760,68956,26,260.25204118,53.1612,91.123,0.0001873,86.6641,273.4576,15.34381184,6840.896165895901,462.7591658959009
STARLINK-37047,68957,26,260.24993132,53.1564,91.1291,0.0001042,96.2088,263.9034,15.34402641,6840.832390609799,462.6953906097997
STARLINK-36242,68958,26,259.9221495,53.1571,92.6197,6.87e-05,35.1265,324.9783,15.34382933,6840.890967398008,462.7539673980082
STARLINK-37033,68959,26,259.52923019,53.1562,94.4512,0.0002417,92.4718,267.6561,15.34411996,6840.804585799352,462.6675857993523
STARLINK-36978,68960,26,260.2436278,53.1556,91.0893,0.0002508,85.5513,274.5777,15.34392519,6840.862475405995,462.725475405995
STARLINK-36965,68961,26,259.52502213,53.1572,94.4218,8.93e-05,75.2908,284.8194,15.34424288,6840.7680521048605,462.6310521048608
STARLINK-36765,68962,26,259.5229164,53.1543,94.3911,0.0002489,76.3676,283.7603,15.34408105,6840.816150545093,462.67915054509285
STARLINK-36764,68963,26,260.10703141,53.157,91.631,0.0001383,137.955,222.1559,15.34418066,6840.786544774709,462.6495447747093
STARLINK-36731,68964,26,260.43061483,53.1602,90.0964,0.000225,84.5765,275.5494,15.34398144,6840.845756635799,462.70875663579955
STARLINK-36664,68965,26,259.77714302,53.1567,93.1263,9.06e-05,130.5926,229.5155,15.34413939,6840.798810875225,462.66181087522546
STARLINK-36402,68966,26,259.18882306,53.1565,95.8699,8.41e-05,83.8659,276.2439,15.34426949,6840.760143272159,462.6231432721597
STARLINK-36671,68967,26,260.22889368,53.1563,90.9611,0.000234,79.2572,280.8694,15.34391537,6840.865394142215,462.7283941422156
STARLINK-36665,68968,26,260.22678511,53.1573,90.9571,2.92e-05,88.5366,271.567,15.34403457,6840.829965293867,462.692965293867
STARLINK-36303,68969,26,258.98709671,53.1574,96.7215,0.0001113,89.1101,271.0029,15.34404787,6840.826012271281,462.6890122712812
STARLINK-37257,68970,26,259.50608478,53.1571,94.2854,0.0002119,92.9175,267.207,15.34405564,6840.823702876518,462.6867028765182
STARLINK-37367,68971,26,258.59207507,53.1559,98.541,0.0001221,97.7408,262.3733,15.34402796,6840.831929918494,462.6949299184944
STARLINK-37259,68972,26,259.24133576,53.158,95.4844,0.0002179,74.8874,285.2369,15.34399514,6840.841684701906,462.70468470190644
STARLINK-37387,68973,26,260.26457428,53.1596,90.5014,9.7e-05,86.9817,273.1297,15.34402171,6840.833787545195,462.69678754519555
STARLINK-37362,68974,26,258.84840973,53.1563,97.2981,0.0001388,97.5317,262.5843,15.34408148,6840.816022741158,462.6790227411584
STARLINK-36667,68975,26,258.9765782,53.1559,96.6646,8.75e-05,95.0535,265.0568,15.34401729,6840.835101259559,462.69810125955973
STARLINK-36735,68976,26,258.84422206,53.1583,97.2611,0.000114,101.6656,258.4475,15.34404144,6840.827923393517,462.69092339351755
STARLINK-37371,68977,26,259.62373109,53.157,93.5831,0.0001644,86.1688,273.9502,15.34404484,6840.826912846601,462.68991284660115
STARLINK-37293,68978,26,258.9702636,53.1573,96.622,0.000126,89.6064,270.5083,15.34372715,6840.9213381789095,462.7843381789098
STARLINK-36248,68979,26,258.83789054,53.1572,97.2256,0.00021,97.1482,262.976,15.34401501,6840.83577892242,462.6987789224204
STARLINK-37395,69148,26,260.2413701,53.1575,80.5859,0.0001887,85.1056,275.0162,15.34391682,6840.86496316773,462.7279631677302
STARLINK-37346,69149,26,260.23935254,53.1587,81.3011,0.0001296,93.1105,267.0046,15.34400424,6840.8389799900415,462.70197999004176
STARLINK-37332,69150,26,259.97670448,53.1594,82.5104,0.0001184,51.2009,308.9099,15.34399424,6840.841952201026,462.7049522010266
STARLINK-37297,69151,26,260.23512931,53.1587,81.2608,0.000223,263.299,96.7759,15.34403981,6840.82840786173,462.6914078617301
STARLINK-37317,69152,26,260.23304149,53.1584,81.244,0.0001755,77.9137,282.2062,15.3439224,6840.863304659654,462.7263046596545
STARLINK-37374,69153,26,260.16580353,53.1581,81.5597,0.0002186,86.0921,274.0332,15.34406229,6840.821726369035,462.68472636903516
STARLINK-37235,69154,26,260.22673461,53.1572,81.2375,0.0001253,75.783,284.3312,15.34399116,6840.842867642661,462.70586764266136
STARLINK-37329,69155,26,260.22884589,53.1584,81.2161,0.000133,87.0799,273.0356,15.34375205,6840.913937164831,462.776937164831
STARLINK-37345,69156,26,260.22460941,53.1592,81.1876,0.0001726,258.5812,101.4996,15.34419894,6840.781111685485,462.64411168548486
STARLINK-37353,69157,26,259.50601857,53.1587,84.5235,5.57e-05,62.0479,298.058,15.34413754,6840.799360725942,462.66236072594256
STARLINK-37363,69158,26,259.50393676,53.1586,84.511,0.0001325,76.5228,283.5922,15.34384781,6840.8854746562465,462.7484746562468
STARLINK-37343,69159,26,258.91559009,53.1587,87.267,6.13e-05,107.8922,252.2148,15.34417661,6840.787748496702,462.65074849670236
STARLINK-37328,69160,26,260.08593304,53.1579,81.742,0.0001583,56.0016,304.1137,15.343902,6840.869368027391,462.7323680273912
STARLINK-37311,69161,26,260.21409497,53.1581,81.1207,2.94e-05,233.1295,126.968,15.34407444,6840.818115159801,462.68111515980127
STARLINK-36286,69162,26,260.21199942,53.1593,81.1178,0.0001268,89.1586,270.9562,15.34412788,6840.802231840131,462.6652318401311
STARLINK-37196,69163,26,260.20991646,53.157,81.0981,0.0001765,85.5427,274.5777,15.34318477,6841.082554471837,462.94555447183757
STARLINK-36288,69164,26,260.20779915,53.1558,81.0933,0.0002952,85.8826,274.2514,15.34384067,6840.88759685062,462.75059685062024
STARLINK-37445,69165,26,260.20568432,53.1561,81.0796,3.42e-05,74.2211,285.8829,15.34391615,6840.865162307656,462.728162307656
STARLINK-37491,69166,26,259.48708414,53.1576,84.4115,0.0002201,95.5582,264.5671,15.3440926,6840.812717674062,462.67571767406207
STARLINK-37474,69167,26,260.20148099,53.1568,81.0435,0.0002421,81.0377,279.0899,15.34389163,6840.872450244473,462.7354502444732
STARLINK-37469,69168,26,259.9388258,53.1569,82.2781,9.11e-05,170.1004,190.0016,15.34414793,6840.79627264686,462.6592726468607
STARLINK-37515,69169,26,259.54591021,53.157,84.0649,5.4e-05,15.8775,344.2244,15.34397587,6840.847412161021,462.71041216102094
STARLINK-37437,69170,26,259.54380488,53.1548,84.0471,7.05e-05,73.9568,286.1512,15.34434884,6840.736559571916,462.59955957191596
STARLINK-37392,69171,26,259.53328579,53.1573,83.9813,6.46e-05,59.2886,300.818,15.3439991,6840.840507706084,462.70350770608457
STARLINK-37472,69172,26,258.81468317,53.1554,87.3271,0.0001325,93.5528,266.5626,15.34405582,6840.823649377048,462.6866493770485
STARLINK-37461,69173,26,259.54170584,53.1566,84.063,4.24e-05,12.1141,347.9872,15.34419633,6840.781887415836,462.6448874158359
STARLINK-37333,69174,26,259.539599,53.1571,84.0268,0.0002664,81.3606,278.7699,15.34405696,6840.8233105471,462.6863105471002
STARLINK-37385,69175,26,259.53749556,53.1568,84.0342,8.75e-05,26.9165,333.1883,15.34417562,6840.788042739937,462.6510427399371
STARLINK-37414,69176,26,258.94916674,53.1576,86.7363,9.2e-05,88.6969,271.4139,15.3441349,6840.800145377968,462.66314537796825
STARLINK-37380,69182,26,260.06214775,53.1567,130.1378,7.57e-05,286.6838,73.4082,15.34428899,6840.754347637004,462.61734763700406
STARLINK-37089,69183,26,260.25545988,53.1557,129.2167,0.0001069,73.2104,286.9016,15.34415899,6840.792985436576,462.655985436576
STARLINK-37428,69184,26,259.08090708,53.1565,134.6853,0.0001794,88.9731,271.1477,15.34410198,6840.809929769849,462.67292976984936
STARLINK-37237,69185,26,260.05584848,53.1562,130.1042,0.0001617,91.1298,268.989,15.34440046,6840.721217644411,462.5842176444112
STARLINK-37365,69186,26,260.24914297,53.1574,129.177,0.0001008,106.3145,253.7969,15.34389416,6840.871698266409,462.7346982664094
STARLINK-37209,69187,26,260.05164049,53.158,130.0746,0.000263,86.0976,274.0327,15.34399776,6840.840905982392,462.7039059823919
STARLINK-37359,69188,26,260.24493828,53.1565,129.1438,0.0001246,79.0998,281.0145,15.34390703,6840.867872989882,462.7308729898823
STARLINK-37440,69189,26,260.37311504,53.1569,128.5162,0.000293,91.972,268.1618,15.3440856,6840.814798201445,462.6777982014455
STARLINK-37282,69190,26,260.04321624,53.1577,130.0139,9.96e-05,61.1192,298.9911,15.3442576,6840.763677129568,462.62667712956863
STARLINK-37422,69191,26,260.37100103,53.1572,128.4983,8.94e-05,76.3808,283.7294,15.34382602,6840.891951218177,462.75495121817767
STARLINK-37424,69192,26,260.36679523,53.1582,128.4739,0.0001502,79.8542,280.2629,15.34381663,6840.894742178229,462.7577421782289
STARLINK-36666,69193,26,260.36468776,53.1597,128.4643,6.14e-05,45.7221,314.3832,15.34405156,6840.824915531439,462.6879155314391
STARLINK-37355,69194,26,260.36259263,53.1579,128.4465,0.0001137,73.6887,286.4241,15.34418002,6840.78673499247,462.64973499247026
STARLINK-37166,69195,26,260.35837524,53.1588,128.4217,4.07e-05,62.0357,298.0687,15.34408123,6840.816097045771,462.6790970457714
STARLINK-36933,69196,26,260.03479972,53.1567,129.9517,0.0001092,72.5531,287.5591,15.34434158,6840.738717316003,462.6017173160035
STARLINK-37419,69197,26,260.35627619,53.1571,128.4022,0.0001422,85.2851,274.8314,15.34394651,6840.856138608541,462.71913860854147
STARLINK-37321,69198,26,260.35416503,53.156,128.3873,0.0001309,99.3329,260.7822,15.3441402,6840.798570129811,462.6615701298115
STARLINK-37406,69199,26,260.02637688,53.1578,129.9154,0.0001197,103.8495,256.2641,15.34413264,6840.800817087836,462.6638170878359
STARLINK-37761,69200,26,260.349953,53.1586,128.3819,5.24e-05,199.1842,160.9141,15.34388453,6840.8745605397535,462.73756053975376
STARLINK-37754,69201,26,260.34786832,53.1572,128.3624,0.0001445,91.3334,268.7835,15.34404603,6840.826559155268,462.6895591552684
STARLINK-37649,69202,26,260.15034473,53.1562,129.2407,0.0001305,81.198,278.917,15.34394512,6840.856551748265,462.7195517482651
STARLINK-37604,69203,26,260.34363987,53.1564,128.3241,0.0001249,88.1735,271.9411,15.34331672,6841.043332959159,462.90633295915904
STARLINK-37669,69204,26,260.01586875,53.1558,129.843,0.0002352,89.6602,270.467,15.34402427,6840.8330266611465,462.6960266611468
STARLINK-37691,69205,26,260.33522784,53.1564,128.2691,0.0001646,77.1991,282.9196,15.34371754,6840.924194559576,462.78719455957616
STARLINK-37671,69206,26,260.59788244,53.1557,127.0589,0.0001277,107.5035,252.6108,15.34382815,6840.891318125399,462.75431812539955
STARLINK-37647,69207,26,260.33944311,53.1571,128.296,0.0001816,78.2826,281.838,15.34408884,6840.813835214289,462.676835214289
STARLINK-37562,69208,26,259.9423108,53.1554,130.0878,0.0001378,102.3771,257.7386,15.34390808,6840.867560904621,462.7305609046216
STARLINK-37682,69209,26,260.33100737,53.1554,128.2309,0.0002466,259.4422,100.6303,15.34393771,6840.858754170439,462.72175417043945
STARLINK-37402,69210,26,260.32891491,53.1566,128.2191,6.02e-05,248.8621,111.2318,15.34411979,6840.8046363262765,462.6676363262768
STARLINK-37665,69238,26,260.0366776,53.1571,170.0609,0.000101,98.1541,261.9576,15.3442353,6840.770304982095,462.63330498209507
STARLINK-37558,69239,26,260.16273861,53.1584,169.4212,8.37e-05,65.1404,294.9686,15.34429576,6840.752335514235,462.6153355142351
STARLINK-37680,69240,26,260.22577261,53.1568,169.1012,0.0001232,74.4604,285.6534,15.34414132,6840.798237247298,462.66123724729823
STARLINK-37742,69241,26,260.48422244,53.1564,167.8697,0.0002598,83.9562,276.1737,15.34374563,6840.915845376184,462.7788453761841
STARLINK-37718,69242,26,260.15643362,53.1536,169.3766,0.0002674,93.065,267.0659,15.3440457,6840.826657237733,462.6896572377336
STARLINK-37735,69243,26,260.15433351,53.1581,169.3696,0.0003387,74.3445,285.7931,15.3441695,6840.789861698817,462.6528616988171
STARLINK-37757,69244,26,260.21735528,53.1573,169.0484,0.000138,99.4189,260.697,15.34405851,6840.8228498573235,462.6858498573238
STARLINK-37767,69245,26,260.21525147,53.1567,169.0299,0.0001341,89.1881,270.9275,15.34409885,6840.810860061664,462.6738600616645
STARLINK-35759,69246,26,260.47370097,53.1584,167.8012,0.0002575,78.2166,281.9126,15.34416529,6840.791112976786,462.65411297678656
STARLINK-37238,69247,26,260.14590427,53.1575,169.3192,8.2e-05,127.655,232.4527,15.34411256,6840.8067852075255,462.6697852075258
STARLINK-37412,69248,26,260.33921212,53.1596,168.3806,0.0001348,52.8172,307.2954,15.34407572,6840.817734719929,462.6807347199292
STARLINK-37398,69249,26,260.4673911,53.1575,167.7675,0.0001479,87.9745,272.1427,15.34354103,6840.976659163935,462.8396591639357
STARLINK-37499,69250,26,260.46527718,53.158,167.7484,9.75e-05,89.1848,270.9266,15.34391179,6840.866458203649,462.7294582036493
STARLINK-37489,69251,26,260.13748973,53.1583,169.2616,0.0001014,138.5007,221.6073,15.34460527,6840.660347121094,462.52334712109405
STARLINK-37434,69252,26,260.13538921,53.1556,169.257,0.0001062,116.2986,243.8126,15.34411507,6840.8060391918525,462.6690391918528
STARLINK-37368,69253,26,260.13328052,53.1579,169.2163,9.62e-05,104.0043,256.1066,15.34398406,6840.844977915126,462.7079779151263
STARLINK-37517,69254,26,260.13117744,53.1578,169.2043,0.0001039,105.6881,254.4236,15.34417747,6840.7874928914935,462.65049289149374
STARLINK-37378,69255,26,260.12907362,53.1563,169.1907,9.9e-05,106.4752,253.636,15.34419618,6840.781931998045,462.64493199804565
STARLINK-37396,69256,26,260.45265346,53.1566,167.6526,0.0002063,83.2576,276.8661,15.34385712,6840.882707483704,462.7457074837039
STARLINK-37508,69257,26,260.25513697,53.1567,168.5559,0.0001224,82.6304,277.4837,15.34386514,6840.880323734732,462.74332373473226
STARLINK-37276,69258,26,260.44643487,53.1567,168.3403,0.0002715,79.8272,280.3037,15.34383349,6840.889730935697,462.7527309356974
STARLINK-37518,69259,26,260.44432761,53.1573,168.327,0.000144,78.235,281.8815,15.34397014,6840.849115242769,462.71211524276896
STARLINK-37478,69260,26,260.57039451,53.1573,167.7023,0.0001136,139.3641,220.7447,15.34388373,6840.874798319606,462.73779831960655
STARLINK-37506,69261,26,260.04509424,53.1568,170.11,0.0001072,103.7948,256.3174,15.34401272,6840.836459557655,462.69945955765525
STARLINK-37503,69262,26,260.04298384,53.1576,170.0854,6.8e-05,83.614,276.494,15.34410359,6840.809451249263,462.67245124926285
STARLINK-37502,69263,26,260.17114021,53.1571,169.4676,0.0001089,53.8117,306.2986,15.34410235,6840.809819799272,462.6728197992725
STARLINK-37486,69264,26,260.03877903,53.1562,170.0576,9.86e-05,73.4455,286.6656,15.3441904,6840.783649899787,462.646649899787
STARLINK-37435,69265,26,260.16484113,53.1569,169.4138,0.0001453,90.7771,269.3398,15.3441843,6840.785462911443,462.64846291144295
STARLINK-37464,69266,26,259.14572304,53.1584,173.7106,0.0001306,90.2065,269.9087,15.34417044,6840.789582316165,462.65258231616554
STARLINK-37651,69353,26,258.94607459,53.1593,162.8215,0.0001209,73.8876,286.226,15.34407742,6840.817229448306,462.6802294483059
STARLINK-37593,69355,26,260.4127295,53.1567,156.3373,0.0001492,79.4512,280.6659,15.3441171,6840.805435840679,462.6684358406792
STARLINK-37597,69356,26,260.1857582,53.1598,157.0524,0.0001352,77.6663,282.4491,15.3440433,6840.8273705648635,462.69037056486377
STARLINK-37598,69357,26,259.45663413,53.1589,160.3111,0.0001191,69.6092,290.5039,15.34420959,6840.777946351276,462.6409463512764
STARLINK-37602,69358,26,260.09546227,53.1581,157.9206,0.000132,101.243,258.8721,15.34411538,6840.805947054473,462.6689470544734
STARLINK-37600,69359,26,260.41693092,53.1565,156.3728,4.34e-05,192.3198,167.7794,15.34409607,6840.811686327503,462.67468632750297
STARLINK-37599,69360,26,260.13113476,53.1585,157.4116,8.6e-06,338.5138,21.5861,15.34424863,6840.766343129304,462.6293431293043
STARLINK-37039,69361,26,259.13937617,53.1586,161.8936,0.0002183,92.0118,268.1134,15.34414658,6840.796673888892,462.65967388889203
STARLINK-37040,69362,26,260.4232427,53.1562,156.3839,0.000126,82.809,277.3055,15.34418821,6840.784300800555,462.64730080055506
STARLINK-37582,69363,26,259.42727689,53.1589,160.8559,0.0002668,78.2392,281.891,15.34409013,6840.813451802829,462.67645180282943
STARLINK-37309,69364,26,260.42535536,53.1582,156.4052,0.0001342,89.0176,271.0981,15.34383161,6840.890289721479,462.75328972147963
STARLINK-37436,69365,26,260.18785789,53.1588,157.0456,0.0001348,98.0146,262.101,15.34421089,6840.777559972704,462.64055997270407
STARLINK-37581,69366,26,259.4251586,53.1572,160.815,0.0001232,86.586,273.5283,15.34423911,6840.769172598978,462.6321725989783
STARLINK-37683,69367,26,260.41904267,53.1573,156.37,0.0002477,91.3193,268.8093,15.3439245,6840.86268049021,462.7256804902099
STARLINK-37687,69368,26,258.76118167,53.158,163.7712,7.37e-05,320.3042,39.7906,15.34413219,6840.800950835395,462.66395083539555
STARLINK-37631,69369,26,259.02803808,53.1579,162.6041,0.0002668,97.9173,262.2132,15.34388693,6840.873847200322,462.7368472003227
STARLINK-37673,69370,26,260.13324471,53.158,157.4285,0.0001358,107.0706,253.0446,15.34408825,6840.814010573035,462.67701057303566
STARLINK-37645,69371,26,260.2131062,53.1597,157.2016,0.0001179,101.0648,259.0487,15.34432239,6840.744420782745,462.60742078274507
STARLINK-37688,69372,26,260.12483015,53.1587,157.3577,0.0001721,76.6554,283.464,15.34406928,6840.819648808572,462.6826488085726
STARLINK-37685,69373,26,260.43577202,53.1593,155.716,9.85e-05,93.4076,266.7039,15.34341172,6841.015095007081,462.87809500708136
STARLINK-37632,69374,26,260.41061718,53.1563,156.2717,9.64e-05,84.4739,275.6373,15.34408704,6840.814370207111,462.6773702071114
STARLINK-37454,69375,26,260.03873355,53.1598,158.2438,9.69e-05,103.8298,256.2813,15.34426968,6840.760086801809,462.6230868018092
STARLINK-37485,69376,26,260.13954966,53.1606,157.4525,9.1e-06,264.1875,95.9118,15.34404543,6840.826737487027,462.68973748702683
STARLINK-37376,69378,26,260.1017725,53.1577,157.9377,0.000105,124.3391,235.7711,15.34413843,6840.799096203152,462.66209620315203
STARLINK-37383,69379,26,260.14585705,53.1591,157.4846,0.0001128,94.8482,265.265,15.34426851,6840.760434540302,462.6234345403027
STARLINK-37411,69380,26,259.1121062,53.1578,162.4017,0.0001531,90.9447,269.1731,15.34412505,6840.803072964215,462.66607296421535
STARLINK-37427,69381,26,259.03013946,53.1567,162.597,0.0001329,92.4207,267.6948,15.34414396,6840.79745259582,462.66045259582006
STARLINK-37629,69443,26,260.51636984,53.1582,179.6956,0.0001266,97.0029,263.1117,15.34397893,6840.846502662301,462.709502662301
STARLINK-37509,69444,26,260.5142649,53.1586,179.6903,0.0001267,84.2445,275.8702,15.34398255,6840.845426719761,462.7084267197615
STARLINK-37641,69445,26,260.10450908,53.1597,181.3906,0.0001153,76.0189,284.0942,15.34401232,6840.836578445923,462.6995784459232
STARLINK-37522,69446,26,260.25161217,53.1581,180.8935,0.0001371,88.7947,271.3213,15.34407786,6840.817098672135,462.6800986721355
STARLINK-37640,69447,26,259.17797054,53.1579,186.2752,0.000138,97.2743,262.8417,15.34409624,6840.811635800448,462.6746358004484
STARLINK-37572,69448,26,260.24529861,53.159,180.8446,0.0001226,89.6395,270.4748,15.34405783,6840.823051966377,462.6860519663769
STARLINK-37643,69449,26,260.5100411,53.1581,179.6573,0.0001111,93.4653,266.6477,15.34420882,6840.778175206303,462.64117520630316
STARLINK-37601,69450,26,260.50795255,53.158,179.6391,0.0001335,78.2696,281.8457,15.34390453,6840.868616050173,462.7316160501732
STARLINK-37578,69451,26,260.10029934,53.1589,181.3606,0.0001001,113.3293,246.7815,15.34417542,6840.788102183019,462.65110218301925
STARLINK-37577,69452,26,260.08566108,53.1584,181.9907,0.0001023,101.2152,258.8966,15.34403205,6840.830714288263,462.69371428826344
STARLINK-37500,69453,26,260.48901688,53.1587,179.5172,0.0001296,79.2615,280.8534,15.3439069,6840.867911629012,462.73091162901255
STARLINK-37575,69454,26,260.21382963,53.1573,181.3657,0.0001438,61.9415,298.1733,15.34409926,6840.810738202335,462.6737382023357
STARLINK-37642,69455,26,260.49322449,53.1558,179.5428,0.0001484,92.3698,267.7475,15.34403671,6840.82932924323,462.69232924323023
STARLINK-37513,69456,26,260.17385491,53.1574,181.0911,0.0002603,33.009,327.1075,15.34400772,6840.837945661376,462.70094566137595
STARLINK-37563,69457,26,260.08776611,53.1585,182.0009,0.0001089,91.9065,268.2062,15.34403556,6840.829671046124,462.6926710461239
STARLINK-37565,69458,26,260.20751884,53.1573,181.3197,9.89e-05,98.9064,261.205,15.34449273,6840.693794386201,462.55679438620155
STARLINK-37498,69459,26,260.48691393,53.1576,179.5043,0.0001842,87.7651,272.3563,15.34385609,6840.883013626177,462.74601362617705
STARLINK-37384,69460,26,260.47226914,53.1577,180.1151,0.0001179,80.7465,279.3671,15.34401344,6840.836245558786,462.69924555878606
STARLINK-37707,69461,26,260.07934596,53.1571,181.9381,0.0001032,119.2971,240.8135,15.3440433,6840.8273705648635,462.69037056486377
STARLINK-37525,69462,26,260.2033056,53.1574,181.2885,0.0001043,76.9124,283.1995,15.34419464,6840.782389708785,462.64538970878493
STARLINK-37526,69463,26,260.07093103,53.157,181.8853,0.0001151,76.1832,283.9299,15.34423547,6840.770254455804,462.6332544558045
STARLINK-37574,69464,26,259.22837379,53.157,185.8746,0.000129,87.715,272.4,15.34418343,6840.7857214886135,462.6487214886138
STARLINK-37535,69465,26,260.32936406,53.1565,180.6494,9.01e-05,113.8127,246.297,15.34424329,6840.767930247438,462.6309302474383
STARLINK-37583,69466,26,260.49742471,53.1568,179.5521,8.97e-05,95.7412,264.3693,15.34393055,6840.860882288556,462.7238822885565
STARLINK-37546,69467,26,260.06672547,53.158,181.8531,0.0001025,80.5893,279.5226,15.34423535,6840.770290121421,462.63329012142094
STARLINK-37708,69469,26,260.19488808,53.1582,181.2341,0.0001286,88.8768,271.2382,15.34420254,6840.780041712948,462.6430417129486
STARLINK-37686,69470,26,260.19279365,53.1574,181.2187,0.0003185,79.7173,280.4189,15.34405893,6840.822725025269,462.6857250252697
STARLINK-37451,69471,26,260.15911784,53.1573,180.9812,9.3e-05,72.7925,287.3179,15.34417729,6840.7875463902565,462.65054639025675
STARLINK-37536,69508,26,260.33406847,53.1569,244.8462,9.21e-05,121.4737,238.6356,15.34404967,6840.82547727618,462.6884772761805
STARLINK-37341,69509,26,260.32986254,53.1555,244.8182,0.0001448,81.9295,278.1872,15.34400343,6840.839220739012,462.70222073901186
STARLINK-36536,69510,26,260.52106139,53.1569,243.8631,0.0001972,39.3717,320.7428,15.3440748,6840.818008161081,462.6810081610811
STARLINK-37420,69511,26,260.25630691,53.1553,245.0455,0.0001074,85.6206,274.492,15.34405537,6840.823783125724,462.6867831257241
STARLINK-37511,69512,26,260.19327747,53.1548,245.3652,0.0002261,43.7509,316.3673,15.34399768,6840.840929760084,462.70392976008407
STARLINK-37552,69513,26,260.25420431,53.1578,245.0533,0.0001974,87.1268,272.9961,15.34414258,6840.797862754518,462.66086275451835
STARLINK-37607,69514,26,260.38236681,53.1555,244.4131,0.0001842,95.3341,264.7872,15.34431635,6840.746215935759,462.6092159357595
STARLINK-37232,69515,26,260.38026841,53.1561,244.4119,0.0001226,85.3849,274.7294,15.3440171,6840.835157731459,462.6981577314591
STARLINK-37323,69516,26,260.37816154,53.1562,244.3828,8.44e-05,49.7375,310.3701,15.34411727,6840.805385313741,462.66838531374106
STARLINK-37357,69517,26,260.24578903,53.1563,244.9985,0.0001018,79.0817,281.03,15.34406599,6840.820626658721,462.68362665872155
STARLINK-37408,69518,26,260.24368342,53.1578,244.9726,0.0001317,109.3643,250.7502,15.34399252,6840.842463421642,462.705463421642
STARLINK-37570,69519,26,260.23526777,53.1571,244.9255,0.0001234,66.824,293.2892,15.34405681,6840.823355129985,462.6863551299857
STARLINK-37510,69520,26,260.37184936,53.1561,244.3577,0.0001065,86.6423,273.4702,15.34407842,6840.816932229747,462.67993222974746
STARLINK-37586,69521,26,260.55673741,53.1574,243.355,0.0001332,87.2522,272.8633,15.34403988,6840.828387056345,462.69138705634487
STARLINK-37379,69522,26,260.359239,53.1582,244.2691,0.0002737,285.7659,74.3042,15.34420117,6840.780448896892,462.64344889689255
STARLINK-37429,69523,26,260.22684909,53.1584,244.8726,0.0001451,121.2706,238.8439,15.34396173,6840.8516148812505,462.7146148812508
STARLINK-37352,69524,26,260.35502144,53.1564,244.2405,0.0002134,86.5357,273.589,15.34404371,6840.827248704799,462.69024870479916
STARLINK-37490,69525,26,260.22053757,53.1581,244.8127,0.0001619,80.3415,279.777,15.34408963,6840.813600411916,462.6766004119163
STARLINK-37438,69526,26,260.22264473,53.1609,244.8372,0.0001827,87.8579,272.2633,15.34404012,6840.8283157235965,462.69131572359674
STARLINK-37484,69527,26,260.21843371,53.153,244.7954,0.0002937,91.6707,268.4632,15.34420984,6840.777872047701,462.6408720477011
STARLINK-37523,69528,26,260.34660131,53.1577,244.1837,0.0001082,85.0297,275.083,15.34402985,6840.831368172428,462.69436817242786
STARLINK-37369,69529,26,260.21422427,53.1584,244.7779,9.94e-05,97.4853,262.6262,15.34419472,6840.782365931601,462.6453659316012
STARLINK-37670,69530,26,260.34239331,53.1573,244.1576,8.85e-05,93.4661,266.6443,15.3440822,6840.815808743888,462.6788087438881
STARLINK-37897,69531,26,260.34028654,53.1572,244.1302,0.0001018,100.9569,259.1548,15.34406399,6840.821221096674,462.68422109667426
STARLINK-37933,69532,26,260.33827166,53.1579,244.8378,6.76e-05,134.7602,225.3456,15.34413777,6840.799292366118,462.662292366118
STARLINK-37890,69533,26,260.33616804,53.1591,244.8195,8.39e-05,86.9398,273.1701,15.34411306,6840.806636598809,462.6696365988091
STARLINK-37407,69534,26,260.20168594,53.1571,245.398,0.0002315,146.6435,213.4714,15.34408537,6840.814866561657,462.67786656165754
STARLINK-37888,69535,26,260.32775025,53.1575,244.7591,9.43e-05,112.9877,247.1226,15.34409706,6840.811392081727,462.6743920817271
STARLINK-37889,69536,26,260.23316483,53.1567,244.9123,0.0001011,75.3091,284.8024,15.34410316,6840.80957905289,462.6725790528899
STARLINK-37520,69819,26,259.76851707,53.1587,349.2767,0.0001364,37.5353,322.5745,15.34439221,6840.723669612715,462.586669612715
STARLINK-37553,69820,26,259.80630256,53.1593,348.8072,8.61e-05,101.7799,258.33,15.34408506,6840.814958699338,462.677958699338
STARLINK-37561,69821,26,260.24753613,53.1546,346.5695,0.0001912,104.1839,255.9376,15.3437985,6840.900130908938,462.76313090893836
STARLINK-37521,69822,26,260.53543392,53.1573,345.5394,0.0001272,82.8588,277.2559,15.34385545,6840.883203850645,462.74620385064554
STARLINK-37628,69823,26,260.50606558,53.1604,346.0612,0.0001124,86.6011,273.5121,15.3438908,6840.87269694088,462.7356969408802
STARLINK-37695,69824,26,260.50185522,53.1609,346.032,0.0001205,102.7427,257.3711,15.34379041,6840.902535481112,462.76553548111224
STARLINK-37690,69825,26,260.49975422,53.1619,346.0296,5.18e-05,41.99,318.1142,15.34387062,6840.878694939872,462.7416949398721
STARLINK-37710,69826,26,260.23500379,53.1599,347.2212,0.0001385,78.0808,282.035,15.34394388,6840.856920304619,462.71992030461934
STARLINK-38031,69827,26,259.77483897,53.1615,349.3343,0.000118,83.3784,276.7353,15.34404463,6840.826975262722,462.6899752627223
STARLINK-38001,69828,26,259.83577031,53.1601,348.9987,0.0002187,85.6585,274.4667,15.34392918,6840.861289484529,462.72428948452944
STARLINK-37622,69829,26,259.76643907,53.1605,349.2759,2.58e-05,173.806,186.2946,15.34371953,6840.923603071555,462.78660307155496
STARLINK-37621,69830,26,260.28330074,53.1576,346.8151,0.0001287,102.6243,257.4904,15.34380082,6840.899441341041,462.76244134104127
STARLINK-37918,69831,26,260.60687974,53.1575,345.2805,0.0001049,111.8795,248.2319,15.34398178,6840.845655580432,462.7086555804326
STARLINK-37887,69832,26,260.27698997,53.1558,346.7672,0.0001845,103.7313,256.3895,15.343819,6840.894037750343,462.75703775034344
STARLINK-37624,69833,26,260.53122334,53.1539,345.5137,0.0001067,75.4244,284.6877,15.34390334,6840.868969746941,462.7319697469411
STARLINK-37769,69834,26,260.52911709,53.1604,345.5007,7.29e-05,84.5803,275.5283,15.34395446,6840.853775688293,462.71677568829364
STARLINK-37247,69835,26,259.87354976,53.1574,348.5173,0.0001235,88.9659,271.1485,15.34390199,6840.869370999632,462.7323709996326
STARLINK-37569,69836,26,260.26015705,53.1626,346.6669,6.34e-05,90.5814,269.5262,15.34384755,6840.8855519350045,462.7485519350048
STARLINK-37587,69837,26,260.25594197,53.156,346.6344,0.0001329,97.3662,262.7492,15.34377999,6840.905632596963,462.76863259696347
STARLINK-37590,69838,26,260.51440071,53.1588,345.4044,0.0001555,92.3409,267.7771,15.34396513,6840.850604325584,462.71360432558413
STARLINK-37589,69839,26,260.51018306,53.1622,345.3778,5.67e-05,43.0132,317.0915,15.34390744,6840.867751128013,462.73075112801325
STARLINK-37487,69840,26,260.2580496,53.1503,346.6091,0.0002773,116.5925,243.5362,15.34380913,6840.896971381592,462.75997138159255
STARLINK-37433,69841,26,260.50395591,53.1612,346.0288,4.11e-05,82.6779,277.4271,15.34398367,6840.845093831549,462.7080938315494
STARLINK-37588,69842,26,260.53332482,53.1523,345.4979,7.15e-05,75.8282,284.28,15.34394018,6840.858020029517,462.7210200295176
STARLINK-37579,69843,26,260.23709998,53.159,347.2071,0.0003003,105.3655,254.768,15.34389066,6840.872738552325,462.73573855232553
STARLINK-37584,69844,26,260.27909312,53.1596,346.7542,0.0001079,100.0512,260.0613,15.34419045,6840.78363503904,462.6466350390401
STARLINK-37606,69845,26,260.26646826,53.1578,346.6747,0.0001243,105.7508,254.3631,15.34391964,6840.864124996857,462.7271249968571
STARLINK-37603,69846,26,260.51228095,53.1649,345.3622,8.89e-05,81.1594,278.951,15.34385968,6840.881946586051,462.7449465860509
STARLINK-37595,69847,26,259.77693794,53.1621,349.3216,5.53e-05,38.2499,321.8543,15.3440792,6840.816700399294,462.67970039929423
STARLINK-37886,69943,26,260.21866375,53.1627,348.735,0.0001008,85.6845,274.4272,15.34388558,6840.87424845373,462.73724845373
STARLINK-37937,69944,26,259.77954034,53.1618,350.9781,6.53e-05,81.5281,278.5795,15.3440626,6840.821634231126,462.68463423112644
STARLINK-37903,69945,26,260.52971026,53.1588,347.8526,0.0001126,87.0916,273.0216,15.34376358,6840.9105101156965,462.7735101156968
STARLINK-37905,69946,26,260.52129317,53.1597,347.7842,0.0002317,96.0717,264.0549,15.34432202,6840.744530750694,462.6075307506944
STARLINK-37904,69947,26,260.50445995,53.1573,347.6727,0.0002822,90.6257,269.5069,15.34383781,6840.888446917736,462.75144691773585
STARLINK-37891,69948,26,260.22708144,53.1575,348.7914,0.000126,115.7904,244.3229,15.34380158,6840.899215448147,462.7622154481469
STARLINK-37923,69949,26,260.27547828,53.1583,349.1095,9.24e-05,45.8815,314.2263,15.34379404,6840.901456544263,462.76445654426334
STARLINK-37841,69951,26,260.33009167,53.158,348.7345,0.0001178,89.98,270.1337,15.34389951,6840.870108115842,462.7331081158427
STARLINK-37899,69952,26,259.80055609,53.1589,351.1053,0.0001836,86.3108,273.8105,15.3448126,6840.5987290207595,462.4617290207598
STARLINK-37900,69953,26,260.24812392,53.1597,348.9234,0.0001342,86.8935,273.2221,15.34374,6840.917518777577,462.7805187775775
STARLINK-37882,69954,26,259.52320628,53.1608,352.2254,0.0001611,99.4108,260.7076,15.3439036,6840.868892468651,462.7318924686515
STARLINK-37928,69955,26,259.77532986,53.1609,350.9389,7.15e-05,88.4101,271.6983,15.34408677,6840.814450456044,462.6774504560444
STARLINK-37824,69956,26,259.76693476,53.16,350.8961,0.0001321,94.441,265.6743,15.34370934,6840.926631848246,462.78963184824624
STARLINK-37919,69957,26,259.75227611,53.1586,351.5243,0.0001257,106.6304,253.4836,15.34400174,6840.839723042485,462.70272304248556
STARLINK-37964,69958,26,259.75648683,53.1589,351.5561,0.0001244,93.4699,266.6446,15.34400621,6840.838394464858,462.7013944648579
STARLINK-37907,69959,26,259.75017247,53.1581,351.5009,9.59e-05,98.9083,261.2028,15.34410898,6840.807849246169,462.6708492461694
STARLINK-37901,69960,26,260.26705893,53.1568,349.0302,0.0001156,87.728,272.3855,15.34387123,6840.878513632475,462.7415136324753
STARLINK-37910,69961,26,260.26284919,53.1587,349.0209,0.0001061,91.4328,268.6796,15.34411729,6840.805379369394,462.66837936939464
STARLINK-37925,69962,26,259.80268635,53.162,351.1149,0.0001324,61.897,298.2166,15.34402453,6840.832949383872,462.6959493838722
STARLINK-37931,69963,26,259.79847836,53.1603,351.087,0.0001568,62.3049,297.8113,15.34408004,6840.816450735751,462.67945073575083
STARLINK-37914,69964,26,259.26897725,53.159,353.4816,0.0002721,85.7081,274.4233,15.34400981,6840.837324469923,462.70032446992354
STARLINK-37840,69965,26,260.24181062,53.1589,348.8888,6.37e-05,21.831,338.272,15.34410982,6840.807599583432,462.6705995834327
STARLINK-37894,69966,26,260.21656319,53.1576,348.7274,0.000172,63.2697,296.8482,15.34375252,6840.913797467168,462.77679746716785
STARLINK-37875,69967,26,260.23760087,53.161,348.8497,0.0002235,321.1552,38.929,15.34408961,6840.81360635628,462.67660635628
STARLINK-36218,69968,26,260.23339148,53.1615,348.8187,0.0001978,102.7753,257.3471,15.34383847,6840.888250748378,462.75125074837797
STARLINK-37921,69969,26,260.22918798,53.1598,348.805,0.0003234,39.1942,320.9294,15.34393058,6840.860873371856,462.7238733718559
STARLINK-37896,69970,26,259.76902365,53.16,350.8999,0.0001958,39.5632,320.5514,15.34415868,6840.7930775735185,462.6560775735188
STARLINK-37922,69971,26,260.54644837,53.1606,347.2178,0.0001182,79.9556,280.158,15.34394149,6840.857630667409,462.72063066740884
